2026-07-13 01:06:08,602 | INFO | office_ticket_backend.app | app_start provider_env=<empty> duplicate_check_enabled=True
2026-07-13 01:06:08,629 | INFO | office_ticket_backend.app | app_start provider_env=<empty> duplicate_check_enabled=True
2026-07-13 01:06:09,146 | INFO | office_ticket_backend.app | app_start provider_env=<empty> duplicate_check_enabled=True
2026-07-13 01:06:39,362 | INFO | office_ticket_backend.app | app_start provider_env=<empty> duplicate_check_enabled=True
2026-07-13 01:06:50,659 | INFO | office_ticket_backend.app | app_start provider_env=google_vision duplicate_check_enabled=False
2026-07-13 01:06:51,240 | INFO | office_ticket_backend.app | app_start provider_env=google_vision duplicate_check_enabled=False
2026-07-13 01:07:00,921 | INFO | office_ticket_backend.app | app_start provider_env=google_vision duplicate_check_enabled=False
2026-07-13 01:07:11,478 | INFO | office_ticket_backend.app | app_start provider_env=google_vision duplicate_check_enabled=False
2026-07-13 01:07:17,900 | INFO | office_ticket_backend.app | app_start provider_env=google_vision duplicate_check_enabled=False
2026-07-13 01:07:17,905 | INFO | office_ticket_backend.app | upload_saved file=Ticket example 1.jpg size_bytes=624183 path=E:\Projects\Nova Construction Ticket App\Early Prototype\data\uploads\20260713_040717_904566_Ticket example 1.jpg
2026-07-13 01:07:17,906 | INFO | office_ticket_backend.ocr | ocr_extract_start image=E:\Projects\Nova Construction Ticket App\Early Prototype\data\uploads\20260713_040717_904566_Ticket example 1.jpg provider_env=google_vision
2026-07-13 01:07:18,328 | INFO | office_ticket_backend.ocr | google_vision_request_start image=E:\Projects\Nova Construction Ticket App\Early Prototype\data\uploads\20260713_040717_904566_Ticket example 1.jpg
2026-07-13 01:07:30,327 | ERROR | office_ticket_backend.ocr | ocr_extract_google_failed image=E:\Projects\Nova Construction Ticket App\Early Prototype\data\uploads\20260713_040717_904566_Ticket example 1.jpg error=DefaultCredentialsError: Your default credentials were not found. To set up Application Default Credentials, see https://cloud.google.com/docs/authentication/external/set-up-adc for more information.
Traceback (most recent call last):
  File "E:\Projects\Nova Construction Ticket App\Early Prototype\ocr.py", line 329, in extract_ticket_data
    parsed, confidence = _extract_with_google_vision(image_path)
  File "E:\Projects\Nova Construction Ticket App\Early Prototype\ocr.py", line 250, in _extract_with_google_vision
    client = vision.ImageAnnotatorClient()
  File "E:\Projects\Nova Construction Ticket App\.venv\lib\site-packages\google\cloud\vision_v1\services\image_annotator\client.py", line 709, in __init__
    self._transport = transport_init(
  File "E:\Projects\Nova Construction Ticket App\.venv\lib\site-packages\google\cloud\vision_v1\services\image_annotator\transports\grpc.py", line 237, in __init__
    super().__init__(
  File "E:\Projects\Nova Construction Ticket App\.venv\lib\site-packages\google\cloud\vision_v1\services\image_annotator\transports\base.py", line 107, in __init__
    credentials, _ = google.auth.default(
  File "E:\Projects\Nova Construction Ticket App\.venv\lib\site-packages\google\auth\_default.py", line 748, in default
    raise exceptions.DefaultCredentialsError(_CLOUD_SDK_MISSING_CREDENTIALS)
google.auth.exceptions.DefaultCredentialsError: Your default credentials were not found. To set up Application Default Credentials, see https://cloud.google.com/docs/authentication/external/set-up-adc for more information.
2026-07-13 01:07:30,361 | INFO | office_ticket_backend.ocr | pytesseract_request_start image=E:\Projects\Nova Construction Ticket App\Early Prototype\data\uploads\20260713_040717_904566_Ticket example 1.jpg
2026-07-13 01:07:31,171 | INFO | office_ticket_backend.ocr | pytesseract_request_success image=E:\Projects\Nova Construction Ticket App\Early Prototype\data\uploads\20260713_040717_904566_Ticket example 1.jpg
2026-07-13 01:07:31,171 | WARNING | office_ticket_backend.ocr | ocr_extract_fallback image=E:\Projects\Nova Construction Ticket App\Early Prototype\data\uploads\20260713_040717_904566_Ticket example 1.jpg provider=pytesseract reason=DefaultCredentialsError: Your default credentials were not found. To set up Application Default Credentials, see https://cloud.google.com/docs/authentication/external/set-up-adc for more information.
2026-07-13 01:07:31,172 | INFO | office_ticket_backend.ocr | ocr_extract_provider_selected image=E:\Projects\Nova Construction Ticket App\Early Prototype\data\uploads\20260713_040717_904566_Ticket example 1.jpg provider=pytesseract confidence=0.55
2026-07-13 01:07:31,172 | INFO | office_ticket_backend.app | upload_processed file=Ticket example 1.jpg provider=pytesseract confidence=0.55 ticket_id=0355
2026-07-13 01:07:31,173 | WARNING | office_ticket_backend.app | upload_ocr_warning file=Ticket example 1.jpg warning=Google Vision failed, used pytesseract fallback. Google error: DefaultCredentialsError: Your default credentials were not found. To set up Application Default Credentials, see https://cloud.google.com/docs/authentication/external/set-up-adc for more information.
2026-07-13 01:07:31,179 | INFO | office_ticket_backend.app | ticket_inserted ticket_id=0355 provider=pytesseract confidence=0.55 image=E:\Projects\Nova Construction Ticket App\Early Prototype\data\uploads\20260713_040717_904566_Ticket example 1.jpg
2026-07-13 01:07:31,180 | INFO | office_ticket_backend.app | upload_saved file=Ticket example 2.jpg size_bytes=131724 path=E:\Projects\Nova Construction Ticket App\Early Prototype\data\uploads\20260713_040731_180120_Ticket example 2.jpg
2026-07-13 01:07:31,181 | INFO | office_ticket_backend.ocr | ocr_extract_start image=E:\Projects\Nova Construction Ticket App\Early Prototype\data\uploads\20260713_040731_180120_Ticket example 2.jpg provider_env=google_vision
2026-07-13 01:07:31,181 | INFO | office_ticket_backend.ocr | google_vision_request_start image=E:\Projects\Nova Construction Ticket App\Early Prototype\data\uploads\20260713_040731_180120_Ticket example 2.jpg
2026-07-13 01:07:43,009 | ERROR | office_ticket_backend.ocr | ocr_extract_google_failed image=E:\Projects\Nova Construction Ticket App\Early Prototype\data\uploads\20260713_040731_180120_Ticket example 2.jpg error=DefaultCredentialsError: Your default credentials were not found. To set up Application Default Credentials, see https://cloud.google.com/docs/authentication/external/set-up-adc for more information.
Traceback (most recent call last):
  File "E:\Projects\Nova Construction Ticket App\Early Prototype\ocr.py", line 329, in extract_ticket_data
    parsed, confidence = _extract_with_google_vision(image_path)
  File "E:\Projects\Nova Construction Ticket App\Early Prototype\ocr.py", line 250, in _extract_with_google_vision
    client = vision.ImageAnnotatorClient()
  File "E:\Projects\Nova Construction Ticket App\.venv\lib\site-packages\google\cloud\vision_v1\services\image_annotator\client.py", line 709, in __init__
    self._transport = transport_init(
  File "E:\Projects\Nova Construction Ticket App\.venv\lib\site-packages\google\cloud\vision_v1\services\image_annotator\transports\grpc.py", line 237, in __init__
    super().__init__(
  File "E:\Projects\Nova Construction Ticket App\.venv\lib\site-packages\google\cloud\vision_v1\services\image_annotator\transports\base.py", line 107, in __init__
    credentials, _ = google.auth.default(
  File "E:\Projects\Nova Construction Ticket App\.venv\lib\site-packages\google\auth\_default.py", line 748, in default
    raise exceptions.DefaultCredentialsError(_CLOUD_SDK_MISSING_CREDENTIALS)
google.auth.exceptions.DefaultCredentialsError: Your default credentials were not found. To set up Application Default Credentials, see https://cloud.google.com/docs/authentication/external/set-up-adc for more information.
2026-07-13 01:07:43,009 | INFO | office_ticket_backend.ocr | pytesseract_request_start image=E:\Projects\Nova Construction Ticket App\Early Prototype\data\uploads\20260713_040731_180120_Ticket example 2.jpg
2026-07-13 01:07:43,407 | INFO | office_ticket_backend.ocr | pytesseract_request_success image=E:\Projects\Nova Construction Ticket App\Early Prototype\data\uploads\20260713_040731_180120_Ticket example 2.jpg
2026-07-13 01:07:43,407 | WARNING | office_ticket_backend.ocr | ocr_extract_fallback image=E:\Projects\Nova Construction Ticket App\Early Prototype\data\uploads\20260713_040731_180120_Ticket example 2.jpg provider=pytesseract reason=DefaultCredentialsError: Your default credentials were not found. To set up Application Default Credentials, see https://cloud.google.com/docs/authentication/external/set-up-adc for more information.
2026-07-13 01:07:43,408 | INFO | office_ticket_backend.ocr | ocr_extract_provider_selected image=E:\Projects\Nova Construction Ticket App\Early Prototype\data\uploads\20260713_040731_180120_Ticket example 2.jpg provider=pytesseract confidence=0.55
2026-07-13 01:07:43,408 | INFO | office_ticket_backend.app | upload_processed file=Ticket example 2.jpg provider=pytesseract confidence=0.55 ticket_id=07173
2026-07-13 01:07:43,409 | WARNING | office_ticket_backend.app | upload_ocr_warning file=Ticket example 2.jpg warning=Google Vision failed, used pytesseract fallback. Google error: DefaultCredentialsError: Your default credentials were not found. To set up Application Default Credentials, see https://cloud.google.com/docs/authentication/external/set-up-adc for more information.
2026-07-13 01:07:43,415 | INFO | office_ticket_backend.app | ticket_inserted ticket_id=07173 provider=pytesseract confidence=0.55 image=E:\Projects\Nova Construction Ticket App\Early Prototype\data\uploads\20260713_040731_180120_Ticket example 2.jpg
2026-07-13 01:10:11,790 | INFO | office_ticket_backend.app | app_start provider_env=google_vision duplicate_check_enabled=False
2026-07-13 01:10:11,794 | INFO | office_ticket_backend.app | upload_saved file=Ticket example 1.jpg size_bytes=624183 path=E:\Projects\Nova Construction Ticket App\Early Prototype\data\uploads\20260713_041011_793156_Ticket example 1.jpg
2026-07-13 01:10:11,795 | INFO | office_ticket_backend.ocr | ocr_extract_start image=E:\Projects\Nova Construction Ticket App\Early Prototype\data\uploads\20260713_041011_793156_Ticket example 1.jpg provider_env=google_vision
2026-07-13 01:10:11,796 | INFO | office_ticket_backend.ocr | google_vision_request_start image=E:\Projects\Nova Construction Ticket App\Early Prototype\data\uploads\20260713_041011_793156_Ticket example 1.jpg
2026-07-13 01:10:13,474 | ERROR | office_ticket_backend.ocr | ocr_extract_google_failed image=E:\Projects\Nova Construction Ticket App\Early Prototype\data\uploads\20260713_041011_793156_Ticket example 1.jpg error=PermissionDenied: 403 This API method requires billing to be enabled. Please enable billing on project #nova-construction-502020 by visiting https://console.developers.google.com/billing/enable?project=nova-construction-502020 then retry. If you enabled billing for this project recently, wait a few minutes for the action to propagate to our systems and retry. [reason: "BILLING_DISABLED"
domain: "googleapis.com"
metadata {
  key: "service"
  value: "vision.googleapis.com"
}
metadata {
  key: "containerInfo"
  value: "nova-construction-502020"
}
metadata {
  key: "consumer"
  value: "projects/nova-construction-502020"
}
metadata {
  key: "consoleUrl"
  value: "https://console.developers.google.com/billing/enable?project=nova-construction-502020"
}
, locale: "en-US"
message: "This API method requires billing to be enabled. Please enable billing on project #nova-construction-502020 by visiting https://console.developers.google.com/billing/enable?project=nova-construction-502020 then retry. If you enabled billing for this project recently, wait a few minutes for the action to propagate to our systems and retry."
, links {
  description: "Google developers console billing"
  url: "https://console.developers.google.com/billing/enable?project=nova-construction-502020"
}
]
Traceback (most recent call last):
  File "E:\Projects\Nova Construction Ticket App\.venv\lib\site-packages\google\api_core\grpc_helpers.py", line 55, in error_remapped_callable
    return callable_(*args, **kwargs)
  File "E:\Projects\Nova Construction Ticket App\.venv\lib\site-packages\grpc\_interceptor.py", line 276, in __call__
    response, ignored_call = self._with_call(
  File "E:\Projects\Nova Construction Ticket App\.venv\lib\site-packages\grpc\_interceptor.py", line 331, in _with_call
    return call.result(), call
  File "E:\Projects\Nova Construction Ticket App\.venv\lib\site-packages\grpc\_channel.py", line 438, in result
    raise self
  File "E:\Projects\Nova Construction Ticket App\.venv\lib\site-packages\grpc\_interceptor.py", line 314, in continuation
    response, call = self._thunk(new_method).with_call(
  File "E:\Projects\Nova Construction Ticket App\.venv\lib\site-packages\grpc\_channel.py", line 1173, in with_call
    return _end_unary_response_blocking(state, call, True, None)
  File "E:\Projects\Nova Construction Ticket App\.venv\lib\site-packages\grpc\_channel.py", line 990, in _end_unary_response_blocking
    raise _InactiveRpcError(state)  # pytype: disable=not-instantiable
grpc._channel._InactiveRpcError: <_InactiveRpcError of RPC that terminated with:
	status = StatusCode.PERMISSION_DENIED
	details = "This API method requires billing to be enabled. Please enable billing on project #nova-construction-502020 by visiting https://console.developers.google.com/billing/enable?project=nova-construction-502020 then retry. If you enabled billing for this project recently, wait a few minutes for the action to propagate to our systems and retry."
	debug_error_string = "PERMISSION_DENIED:This API method requires billing to be enabled. Please enable billing on project #nova-construction-502020 by visiting https://console.developers.google.com/billing/enable?project=nova-construction-502020 then retry. If you enabled billing for this project recently, wait a few minutes for the action to propagate to our systems and retry."
>

The above exception was the direct cause of the following exception:

Traceback (most recent call last):
  File "E:\Projects\Nova Construction Ticket App\Early Prototype\ocr.py", line 329, in extract_ticket_data
    parsed, confidence = _extract_with_google_vision(image_path)
  File "E:\Projects\Nova Construction Ticket App\Early Prototype\ocr.py", line 254, in _extract_with_google_vision
    response = detect_fn(image=image)
  File "E:\Projects\Nova Construction Ticket App\.venv\lib\site-packages\google\cloud\vision_helpers\decorators.py", line 112, in inner
    response = self.annotate_image(
  File "E:\Projects\Nova Construction Ticket App\.venv\lib\site-packages\google\cloud\vision_helpers\__init__.py", line 76, in annotate_image
    r = self.batch_annotate_images(
  File "E:\Projects\Nova Construction Ticket App\.venv\lib\site-packages\google\cloud\vision_v1\services\image_annotator\client.py", line 840, in batch_annotate_images
    response = rpc(
  File "E:\Projects\Nova Construction Ticket App\.venv\lib\site-packages\google\api_core\gapic_v1\method.py", line 128, in __call__
    return wrapped_func(*args, **kwargs)
  File "E:\Projects\Nova Construction Ticket App\.venv\lib\site-packages\google\api_core\grpc_helpers.py", line 57, in error_remapped_callable
    raise exceptions.from_grpc_error(exc) from exc
google.api_core.exceptions.PermissionDenied: 403 This API method requires billing to be enabled. Please enable billing on project #nova-construction-502020 by visiting https://console.developers.google.com/billing/enable?project=nova-construction-502020 then retry. If you enabled billing for this project recently, wait a few minutes for the action to propagate to our systems and retry. [reason: "BILLING_DISABLED"
domain: "googleapis.com"
metadata {
  key: "service"
  value: "vision.googleapis.com"
}
metadata {
  key: "containerInfo"
  value: "nova-construction-502020"
}
metadata {
  key: "consumer"
  value: "projects/nova-construction-502020"
}
metadata {
  key: "consoleUrl"
  value: "https://console.developers.google.com/billing/enable?project=nova-construction-502020"
}
, locale: "en-US"
message: "This API method requires billing to be enabled. Please enable billing on project #nova-construction-502020 by visiting https://console.developers.google.com/billing/enable?project=nova-construction-502020 then retry. If you enabled billing for this project recently, wait a few minutes for the action to propagate to our systems and retry."
, links {
  description: "Google developers console billing"
  url: "https://console.developers.google.com/billing/enable?project=nova-construction-502020"
}
]
2026-07-13 01:10:13,524 | INFO | office_ticket_backend.ocr | pytesseract_request_start image=E:\Projects\Nova Construction Ticket App\Early Prototype\data\uploads\20260713_041011_793156_Ticket example 1.jpg
2026-07-13 01:10:14,346 | INFO | office_ticket_backend.ocr | pytesseract_request_success image=E:\Projects\Nova Construction Ticket App\Early Prototype\data\uploads\20260713_041011_793156_Ticket example 1.jpg
2026-07-13 01:10:14,347 | WARNING | office_ticket_backend.ocr | ocr_extract_fallback image=E:\Projects\Nova Construction Ticket App\Early Prototype\data\uploads\20260713_041011_793156_Ticket example 1.jpg provider=pytesseract reason=PermissionDenied: 403 This API method requires billing to be enabled. Please enable billing on project #nova-construction-502020 by visiting https://console.developers.google.com/billing/enable?project=nova-construction-502020 then retry. If you enabled billing for this project recently, wait a few minutes for the action to propagate to our systems and retry. [reason: "BILLING_DISABLED"
domain: "googleapis.com"
metadata {
  key: "service"
  value: "vision.googleapis.com"
}
metadata {
  key: "containerInfo"
  value: "nova-construction-502020"
}
metadata {
  key: "consumer"
  value: "projects/nova-construction-502020"
}
metadata {
  key: "consoleUrl"
  value: "https://console.developers.google.com/billing/enable?project=nova-construction-502020"
}
, locale: "en-US"
message: "This API method requires billing to be enabled. Please enable billing on project #nova-construction-502020 by visiting https://console.developers.google.com/billing/enable?project=nova-construction-502020 then retry. If you enabled billing for this project recently, wait a few minutes for the action to propagate to our systems and retry."
, links {
  description: "Google developers console billing"
  url: "https://console.developers.google.com/billing/enable?project=nova-construction-502020"
}
]
2026-07-13 01:10:14,347 | INFO | office_ticket_backend.ocr | ocr_extract_provider_selected image=E:\Projects\Nova Construction Ticket App\Early Prototype\data\uploads\20260713_041011_793156_Ticket example 1.jpg provider=pytesseract confidence=0.55
2026-07-13 01:10:14,348 | INFO | office_ticket_backend.app | upload_processed file=Ticket example 1.jpg provider=pytesseract confidence=0.55 ticket_id=0355
2026-07-13 01:10:14,348 | WARNING | office_ticket_backend.app | upload_ocr_warning file=Ticket example 1.jpg warning=Google Vision failed, used pytesseract fallback. Google error: PermissionDenied: 403 This API method requires billing to be enabled. Please enable billing on project #nova-construction-502020 by visiting https://console.developers.google.com/billing/enable?project=nova-construction-502020 then retry. If you enabled billing for this project recently, wait a few minutes for the action to propagate to our systems and retry. [reason: "BILLING_DISABLED"
domain: "googleapis.com"
metadata {
  key: "service"
  value: "vision.googleapis.com"
}
metadata {
  key: "containerInfo"
  value: "nova-construction-502020"
}
metadata {
  key: "consumer"
  value: "projects/nova-construction-502020"
}
metadata {
  key: "consoleUrl"
  value: "https://console.developers.google.com/billing/enable?project=nova-construction-502020"
}
, locale: "en-US"
message: "This API method requires billing to be enabled. Please enable billing on project #nova-construction-502020 by visiting https://console.developers.google.com/billing/enable?project=nova-construction-502020 then retry. If you enabled billing for this project recently, wait a few minutes for the action to propagate to our systems and retry."
, links {
  description: "Google developers console billing"
  url: "https://console.developers.google.com/billing/enable?project=nova-construction-502020"
}
]
2026-07-13 01:10:14,355 | INFO | office_ticket_backend.app | ticket_inserted ticket_id=0355 provider=pytesseract confidence=0.55 image=E:\Projects\Nova Construction Ticket App\Early Prototype\data\uploads\20260713_041011_793156_Ticket example 1.jpg
2026-07-13 01:10:14,356 | INFO | office_ticket_backend.app | upload_saved file=Ticket example 2.jpg size_bytes=131724 path=E:\Projects\Nova Construction Ticket App\Early Prototype\data\uploads\20260713_041014_356134_Ticket example 2.jpg
2026-07-13 01:10:14,357 | INFO | office_ticket_backend.ocr | ocr_extract_start image=E:\Projects\Nova Construction Ticket App\Early Prototype\data\uploads\20260713_041014_356134_Ticket example 2.jpg provider_env=google_vision
2026-07-13 01:10:14,357 | INFO | office_ticket_backend.ocr | google_vision_request_start image=E:\Projects\Nova Construction Ticket App\Early Prototype\data\uploads\20260713_041014_356134_Ticket example 2.jpg
2026-07-13 01:10:15,752 | ERROR | office_ticket_backend.ocr | ocr_extract_google_failed image=E:\Projects\Nova Construction Ticket App\Early Prototype\data\uploads\20260713_041014_356134_Ticket example 2.jpg error=PermissionDenied: 403 This API method requires billing to be enabled. Please enable billing on project #nova-construction-502020 by visiting https://console.developers.google.com/billing/enable?project=nova-construction-502020 then retry. If you enabled billing for this project recently, wait a few minutes for the action to propagate to our systems and retry. [reason: "BILLING_DISABLED"
domain: "googleapis.com"
metadata {
  key: "service"
  value: "vision.googleapis.com"
}
metadata {
  key: "containerInfo"
  value: "nova-construction-502020"
}
metadata {
  key: "consumer"
  value: "projects/nova-construction-502020"
}
metadata {
  key: "consoleUrl"
  value: "https://console.developers.google.com/billing/enable?project=nova-construction-502020"
}
, locale: "en-US"
message: "This API method requires billing to be enabled. Please enable billing on project #nova-construction-502020 by visiting https://console.developers.google.com/billing/enable?project=nova-construction-502020 then retry. If you enabled billing for this project recently, wait a few minutes for the action to propagate to our systems and retry."
, links {
  description: "Google developers console billing"
  url: "https://console.developers.google.com/billing/enable?project=nova-construction-502020"
}
]
Traceback (most recent call last):
  File "E:\Projects\Nova Construction Ticket App\.venv\lib\site-packages\google\api_core\grpc_helpers.py", line 55, in error_remapped_callable
    return callable_(*args, **kwargs)
  File "E:\Projects\Nova Construction Ticket App\.venv\lib\site-packages\grpc\_interceptor.py", line 276, in __call__
    response, ignored_call = self._with_call(
  File "E:\Projects\Nova Construction Ticket App\.venv\lib\site-packages\grpc\_interceptor.py", line 331, in _with_call
    return call.result(), call
  File "E:\Projects\Nova Construction Ticket App\.venv\lib\site-packages\grpc\_channel.py", line 438, in result
    raise self
  File "E:\Projects\Nova Construction Ticket App\.venv\lib\site-packages\grpc\_interceptor.py", line 314, in continuation
    response, call = self._thunk(new_method).with_call(
  File "E:\Projects\Nova Construction Ticket App\.venv\lib\site-packages\grpc\_channel.py", line 1173, in with_call
    return _end_unary_response_blocking(state, call, True, None)
  File "E:\Projects\Nova Construction Ticket App\.venv\lib\site-packages\grpc\_channel.py", line 990, in _end_unary_response_blocking
    raise _InactiveRpcError(state)  # pytype: disable=not-instantiable
grpc._channel._InactiveRpcError: <_InactiveRpcError of RPC that terminated with:
	status = StatusCode.PERMISSION_DENIED
	details = "This API method requires billing to be enabled. Please enable billing on project #nova-construction-502020 by visiting https://console.developers.google.com/billing/enable?project=nova-construction-502020 then retry. If you enabled billing for this project recently, wait a few minutes for the action to propagate to our systems and retry."
	debug_error_string = "PERMISSION_DENIED:This API method requires billing to be enabled. Please enable billing on project #nova-construction-502020 by visiting https://console.developers.google.com/billing/enable?project=nova-construction-502020 then retry. If you enabled billing for this project recently, wait a few minutes for the action to propagate to our systems and retry."
>

The above exception was the direct cause of the following exception:

Traceback (most recent call last):
  File "E:\Projects\Nova Construction Ticket App\Early Prototype\ocr.py", line 329, in extract_ticket_data
    parsed, confidence = _extract_with_google_vision(image_path)
  File "E:\Projects\Nova Construction Ticket App\Early Prototype\ocr.py", line 254, in _extract_with_google_vision
    response = detect_fn(image=image)
  File "E:\Projects\Nova Construction Ticket App\.venv\lib\site-packages\google\cloud\vision_helpers\decorators.py", line 112, in inner
    response = self.annotate_image(
  File "E:\Projects\Nova Construction Ticket App\.venv\lib\site-packages\google\cloud\vision_helpers\__init__.py", line 76, in annotate_image
    r = self.batch_annotate_images(
  File "E:\Projects\Nova Construction Ticket App\.venv\lib\site-packages\google\cloud\vision_v1\services\image_annotator\client.py", line 840, in batch_annotate_images
    response = rpc(
  File "E:\Projects\Nova Construction Ticket App\.venv\lib\site-packages\google\api_core\gapic_v1\method.py", line 128, in __call__
    return wrapped_func(*args, **kwargs)
  File "E:\Projects\Nova Construction Ticket App\.venv\lib\site-packages\google\api_core\grpc_helpers.py", line 57, in error_remapped_callable
    raise exceptions.from_grpc_error(exc) from exc
google.api_core.exceptions.PermissionDenied: 403 This API method requires billing to be enabled. Please enable billing on project #nova-construction-502020 by visiting https://console.developers.google.com/billing/enable?project=nova-construction-502020 then retry. If you enabled billing for this project recently, wait a few minutes for the action to propagate to our systems and retry. [reason: "BILLING_DISABLED"
domain: "googleapis.com"
metadata {
  key: "service"
  value: "vision.googleapis.com"
}
metadata {
  key: "containerInfo"
  value: "nova-construction-502020"
}
metadata {
  key: "consumer"
  value: "projects/nova-construction-502020"
}
metadata {
  key: "consoleUrl"
  value: "https://console.developers.google.com/billing/enable?project=nova-construction-502020"
}
, locale: "en-US"
message: "This API method requires billing to be enabled. Please enable billing on project #nova-construction-502020 by visiting https://console.developers.google.com/billing/enable?project=nova-construction-502020 then retry. If you enabled billing for this project recently, wait a few minutes for the action to propagate to our systems and retry."
, links {
  description: "Google developers console billing"
  url: "https://console.developers.google.com/billing/enable?project=nova-construction-502020"
}
]
2026-07-13 01:10:15,752 | INFO | office_ticket_backend.ocr | pytesseract_request_start image=E:\Projects\Nova Construction Ticket App\Early Prototype\data\uploads\20260713_041014_356134_Ticket example 2.jpg
2026-07-13 01:10:16,137 | INFO | office_ticket_backend.ocr | pytesseract_request_success image=E:\Projects\Nova Construction Ticket App\Early Prototype\data\uploads\20260713_041014_356134_Ticket example 2.jpg
2026-07-13 01:10:16,137 | WARNING | office_ticket_backend.ocr | ocr_extract_fallback image=E:\Projects\Nova Construction Ticket App\Early Prototype\data\uploads\20260713_041014_356134_Ticket example 2.jpg provider=pytesseract reason=PermissionDenied: 403 This API method requires billing to be enabled. Please enable billing on project #nova-construction-502020 by visiting https://console.developers.google.com/billing/enable?project=nova-construction-502020 then retry. If you enabled billing for this project recently, wait a few minutes for the action to propagate to our systems and retry. [reason: "BILLING_DISABLED"
domain: "googleapis.com"
metadata {
  key: "service"
  value: "vision.googleapis.com"
}
metadata {
  key: "containerInfo"
  value: "nova-construction-502020"
}
metadata {
  key: "consumer"
  value: "projects/nova-construction-502020"
}
metadata {
  key: "consoleUrl"
  value: "https://console.developers.google.com/billing/enable?project=nova-construction-502020"
}
, locale: "en-US"
message: "This API method requires billing to be enabled. Please enable billing on project #nova-construction-502020 by visiting https://console.developers.google.com/billing/enable?project=nova-construction-502020 then retry. If you enabled billing for this project recently, wait a few minutes for the action to propagate to our systems and retry."
, links {
  description: "Google developers console billing"
  url: "https://console.developers.google.com/billing/enable?project=nova-construction-502020"
}
]
2026-07-13 01:10:16,138 | INFO | office_ticket_backend.ocr | ocr_extract_provider_selected image=E:\Projects\Nova Construction Ticket App\Early Prototype\data\uploads\20260713_041014_356134_Ticket example 2.jpg provider=pytesseract confidence=0.55
2026-07-13 01:10:16,138 | INFO | office_ticket_backend.app | upload_processed file=Ticket example 2.jpg provider=pytesseract confidence=0.55 ticket_id=07173
2026-07-13 01:10:16,139 | WARNING | office_ticket_backend.app | upload_ocr_warning file=Ticket example 2.jpg warning=Google Vision failed, used pytesseract fallback. Google error: PermissionDenied: 403 This API method requires billing to be enabled. Please enable billing on project #nova-construction-502020 by visiting https://console.developers.google.com/billing/enable?project=nova-construction-502020 then retry. If you enabled billing for this project recently, wait a few minutes for the action to propagate to our systems and retry. [reason: "BILLING_DISABLED"
domain: "googleapis.com"
metadata {
  key: "service"
  value: "vision.googleapis.com"
}
metadata {
  key: "containerInfo"
  value: "nova-construction-502020"
}
metadata {
  key: "consumer"
  value: "projects/nova-construction-502020"
}
metadata {
  key: "consoleUrl"
  value: "https://console.developers.google.com/billing/enable?project=nova-construction-502020"
}
, locale: "en-US"
message: "This API method requires billing to be enabled. Please enable billing on project #nova-construction-502020 by visiting https://console.developers.google.com/billing/enable?project=nova-construction-502020 then retry. If you enabled billing for this project recently, wait a few minutes for the action to propagate to our systems and retry."
, links {
  description: "Google developers console billing"
  url: "https://console.developers.google.com/billing/enable?project=nova-construction-502020"
}
]
2026-07-13 01:10:16,149 | INFO | office_ticket_backend.app | ticket_inserted ticket_id=07173 provider=pytesseract confidence=0.55 image=E:\Projects\Nova Construction Ticket App\Early Prototype\data\uploads\20260713_041014_356134_Ticket example 2.jpg
2026-07-13 01:16:50,889 | INFO | office_ticket_backend.app | app_start provider_env=google_vision duplicate_check_enabled=False
2026-07-13 01:16:50,894 | INFO | office_ticket_backend.app | upload_saved file=Ticket example 1.jpg size_bytes=624183 path=E:\Projects\Nova Construction Ticket App\Early Prototype\data\uploads\20260713_041650_893520_Ticket example 1.jpg
2026-07-13 01:16:50,895 | INFO | office_ticket_backend.ocr | ocr_extract_start image=E:\Projects\Nova Construction Ticket App\Early Prototype\data\uploads\20260713_041650_893520_Ticket example 1.jpg provider_env=google_vision
2026-07-13 01:16:50,896 | INFO | office_ticket_backend.ocr | google_vision_request_start image=E:\Projects\Nova Construction Ticket App\Early Prototype\data\uploads\20260713_041650_893520_Ticket example 1.jpg
2026-07-13 01:16:53,007 | INFO | office_ticket_backend.ocr | google_vision_request_success image=E:\Projects\Nova Construction Ticket App\Early Prototype\data\uploads\20260713_041650_893520_Ticket example 1.jpg avg_conf=0.93
2026-07-13 01:16:53,007 | INFO | office_ticket_backend.ocr | ocr_extract_provider_selected image=E:\Projects\Nova Construction Ticket App\Early Prototype\data\uploads\20260713_041650_893520_Ticket example 1.jpg provider=google_vision confidence=0.93
2026-07-13 01:16:53,009 | INFO | office_ticket_backend.app | upload_processed file=Ticket example 1.jpg provider=google_vision confidence=0.93 ticket_id=0355
2026-07-13 01:16:53,018 | INFO | office_ticket_backend.app | ticket_inserted ticket_id=0355 provider=google_vision confidence=0.93 image=E:\Projects\Nova Construction Ticket App\Early Prototype\data\uploads\20260713_041650_893520_Ticket example 1.jpg
2026-07-13 01:16:53,019 | INFO | office_ticket_backend.app | upload_saved file=Ticket example 2.jpg size_bytes=131724 path=E:\Projects\Nova Construction Ticket App\Early Prototype\data\uploads\20260713_041653_019854_Ticket example 2.jpg
2026-07-13 01:16:53,020 | INFO | office_ticket_backend.ocr | ocr_extract_start image=E:\Projects\Nova Construction Ticket App\Early Prototype\data\uploads\20260713_041653_019854_Ticket example 2.jpg provider_env=google_vision
2026-07-13 01:16:53,020 | INFO | office_ticket_backend.ocr | google_vision_request_start image=E:\Projects\Nova Construction Ticket App\Early Prototype\data\uploads\20260713_041653_019854_Ticket example 2.jpg
2026-07-13 01:16:54,638 | INFO | office_ticket_backend.ocr | google_vision_request_success image=E:\Projects\Nova Construction Ticket App\Early Prototype\data\uploads\20260713_041653_019854_Ticket example 2.jpg avg_conf=0.93
2026-07-13 01:16:54,638 | INFO | office_ticket_backend.ocr | ocr_extract_provider_selected image=E:\Projects\Nova Construction Ticket App\Early Prototype\data\uploads\20260713_041653_019854_Ticket example 2.jpg provider=google_vision confidence=0.93
2026-07-13 01:16:54,640 | INFO | office_ticket_backend.app | upload_processed file=Ticket example 2.jpg provider=google_vision confidence=0.93 ticket_id=07173
2026-07-13 01:16:54,650 | INFO | office_ticket_backend.app | ticket_inserted ticket_id=07173 provider=google_vision confidence=0.93 image=E:\Projects\Nova Construction Ticket App\Early Prototype\data\uploads\20260713_041653_019854_Ticket example 2.jpg
2026-07-13 01:18:37,256 | INFO | office_ticket_backend.app | app_start provider_env=google_vision duplicate_check_enabled=False
2026-07-13 01:18:37,665 | INFO | office_ticket_backend.app | app_start provider_env=google_vision duplicate_check_enabled=False
2026-07-13 01:18:52,236 | INFO | office_ticket_backend.app | app_start provider_env=google_vision duplicate_check_enabled=False
2026-07-13 01:18:59,163 | INFO | office_ticket_backend.app | app_start provider_env=google_vision duplicate_check_enabled=False
2026-07-13 01:18:59,167 | INFO | office_ticket_backend.app | upload_saved file=Ticket example 1.jpg size_bytes=624183 path=E:\Projects\Nova Construction Ticket App\Early Prototype\data\uploads\20260713_041859_167838_Ticket example 1.jpg
2026-07-13 01:18:59,169 | INFO | office_ticket_backend.ocr | ocr_extract_start image=E:\Projects\Nova Construction Ticket App\Early Prototype\data\uploads\20260713_041859_167838_Ticket example 1.jpg provider_env=google_vision
2026-07-13 01:18:59,170 | INFO | office_ticket_backend.ocr | google_vision_request_start image=E:\Projects\Nova Construction Ticket App\Early Prototype\data\uploads\20260713_041859_167838_Ticket example 1.jpg
2026-07-13 01:19:01,406 | INFO | office_ticket_backend.ocr | google_vision_request_success image=E:\Projects\Nova Construction Ticket App\Early Prototype\data\uploads\20260713_041859_167838_Ticket example 1.jpg avg_conf=0.93
2026-07-13 01:19:01,406 | INFO | office_ticket_backend.ocr | ocr_extract_provider_selected image=E:\Projects\Nova Construction Ticket App\Early Prototype\data\uploads\20260713_041859_167838_Ticket example 1.jpg provider=google_vision confidence=0.93
2026-07-13 01:19:01,410 | INFO | office_ticket_backend.app | upload_processed file=Ticket example 1.jpg provider=google_vision confidence=0.93 ticket_id=0355
2026-07-13 01:19:01,419 | INFO | office_ticket_backend.app | ticket_inserted ticket_id=0355 provider=google_vision confidence=0.93 image=E:\Projects\Nova Construction Ticket App\Early Prototype\data\uploads\20260713_041859_167838_Ticket example 1.jpg
2026-07-13 01:19:01,421 | INFO | office_ticket_backend.app | upload_saved file=Ticket example 2.jpg size_bytes=131724 path=E:\Projects\Nova Construction Ticket App\Early Prototype\data\uploads\20260713_041901_420672_Ticket example 2.jpg
2026-07-13 01:19:01,421 | INFO | office_ticket_backend.ocr | ocr_extract_start image=E:\Projects\Nova Construction Ticket App\Early Prototype\data\uploads\20260713_041901_420672_Ticket example 2.jpg provider_env=google_vision
2026-07-13 01:19:01,422 | INFO | office_ticket_backend.ocr | google_vision_request_start image=E:\Projects\Nova Construction Ticket App\Early Prototype\data\uploads\20260713_041901_420672_Ticket example 2.jpg
2026-07-13 01:19:03,099 | INFO | office_ticket_backend.ocr | google_vision_request_success image=E:\Projects\Nova Construction Ticket App\Early Prototype\data\uploads\20260713_041901_420672_Ticket example 2.jpg avg_conf=0.93
2026-07-13 01:19:03,099 | INFO | office_ticket_backend.ocr | ocr_extract_provider_selected image=E:\Projects\Nova Construction Ticket App\Early Prototype\data\uploads\20260713_041901_420672_Ticket example 2.jpg provider=google_vision confidence=0.93
2026-07-13 01:19:03,101 | INFO | office_ticket_backend.app | upload_processed file=Ticket example 2.jpg provider=google_vision confidence=0.93 ticket_id=07173
2026-07-13 01:19:03,112 | INFO | office_ticket_backend.app | ticket_inserted ticket_id=07173 provider=google_vision confidence=0.93 image=E:\Projects\Nova Construction Ticket App\Early Prototype\data\uploads\20260713_041901_420672_Ticket example 2.jpg
2026-07-13 01:19:29,631 | INFO | office_ticket_backend.app | app_start provider_env=google_vision duplicate_check_enabled=False
2026-07-13 01:19:41,071 | INFO | office_ticket_backend.app | app_start provider_env=google_vision duplicate_check_enabled=False
2026-07-13 01:21:55,692 | INFO | office_ticket_backend.app | app_start provider_env=google_vision duplicate_check_enabled=False
2026-07-13 01:21:55,754 | INFO | office_ticket_backend.app | app_start provider_env=google_vision duplicate_check_enabled=False
2026-07-13 01:21:56,219 | INFO | office_ticket_backend.app | app_start provider_env=google_vision duplicate_check_enabled=False
2026-07-13 01:22:05,558 | INFO | office_ticket_backend.app | app_start provider_env=google_vision duplicate_check_enabled=False
2026-07-13 01:22:17,607 | INFO | office_ticket_backend.app | app_start provider_env=google_vision duplicate_check_enabled=False
2026-07-13 01:22:21,135 | INFO | office_ticket_backend.app | app_start provider_env=google_vision duplicate_check_enabled=False
2026-07-13 01:22:21,139 | INFO | office_ticket_backend.app | upload_saved file=Ticket example 1.jpg size_bytes=624183 path=E:\Projects\Nova Construction Ticket App\Early Prototype\data\uploads\20260713_042221_138667_Ticket example 1.jpg
2026-07-13 01:22:21,140 | INFO | office_ticket_backend.ocr | ocr_extract_start image=E:\Projects\Nova Construction Ticket App\Early Prototype\data\uploads\20260713_042221_138667_Ticket example 1.jpg provider_env=google_vision
2026-07-13 01:22:21,521 | INFO | office_ticket_backend.ocr | google_vision_request_start image=E:\Projects\Nova Construction Ticket App\Early Prototype\data\uploads\20260713_042221_138667_Ticket example 1.jpg
2026-07-13 01:22:23,877 | INFO | office_ticket_backend.ocr | google_vision_request_success image=E:\Projects\Nova Construction Ticket App\Early Prototype\data\uploads\20260713_042221_138667_Ticket example 1.jpg avg_conf=0.93
2026-07-13 01:22:23,878 | INFO | office_ticket_backend.ocr | ocr_extract_provider_selected image=E:\Projects\Nova Construction Ticket App\Early Prototype\data\uploads\20260713_042221_138667_Ticket example 1.jpg provider=google_vision confidence=0.93
2026-07-13 01:22:23,879 | INFO | office_ticket_backend.app | upload_processed file=Ticket example 1.jpg provider=google_vision confidence=0.93 ticket_id=0355
2026-07-13 01:22:23,889 | INFO | office_ticket_backend.app | ticket_inserted ticket_id=0355 provider=google_vision confidence=0.93 image=E:\Projects\Nova Construction Ticket App\Early Prototype\data\uploads\20260713_042221_138667_Ticket example 1.jpg
2026-07-13 01:22:23,891 | INFO | office_ticket_backend.app | upload_saved file=Ticket example 2.jpg size_bytes=131724 path=E:\Projects\Nova Construction Ticket App\Early Prototype\data\uploads\20260713_042223_890067_Ticket example 2.jpg
2026-07-13 01:22:23,891 | INFO | office_ticket_backend.ocr | ocr_extract_start image=E:\Projects\Nova Construction Ticket App\Early Prototype\data\uploads\20260713_042223_890067_Ticket example 2.jpg provider_env=google_vision
2026-07-13 01:22:23,892 | INFO | office_ticket_backend.ocr | google_vision_request_start image=E:\Projects\Nova Construction Ticket App\Early Prototype\data\uploads\20260713_042223_890067_Ticket example 2.jpg
2026-07-13 01:22:25,439 | INFO | office_ticket_backend.ocr | google_vision_request_success image=E:\Projects\Nova Construction Ticket App\Early Prototype\data\uploads\20260713_042223_890067_Ticket example 2.jpg avg_conf=0.93
2026-07-13 01:22:25,439 | INFO | office_ticket_backend.ocr | ocr_extract_provider_selected image=E:\Projects\Nova Construction Ticket App\Early Prototype\data\uploads\20260713_042223_890067_Ticket example 2.jpg provider=google_vision confidence=0.93
2026-07-13 01:22:25,441 | INFO | office_ticket_backend.app | upload_processed file=Ticket example 2.jpg provider=google_vision confidence=0.93 ticket_id=07173
2026-07-13 01:22:25,447 | INFO | office_ticket_backend.app | ticket_inserted ticket_id=07173 provider=google_vision confidence=0.93 image=E:\Projects\Nova Construction Ticket App\Early Prototype\data\uploads\20260713_042223_890067_Ticket example 2.jpg
2026-07-13 01:23:06,624 | INFO | office_ticket_backend.app | app_start provider_env=google_vision duplicate_check_enabled=False
2026-07-13 01:23:15,370 | INFO | office_ticket_backend.app | app_start provider_env=google_vision duplicate_check_enabled=False
2026-07-13 01:23:15,373 | INFO | office_ticket_backend.app | upload_saved file=Ticket example 1.jpg size_bytes=624183 path=E:\Projects\Nova Construction Ticket App\Early Prototype\data\uploads\20260713_042315_372828_Ticket example 1.jpg
2026-07-13 01:23:15,374 | INFO | office_ticket_backend.ocr | ocr_extract_start image=E:\Projects\Nova Construction Ticket App\Early Prototype\data\uploads\20260713_042315_372828_Ticket example 1.jpg provider_env=google_vision
2026-07-13 01:23:15,374 | INFO | office_ticket_backend.ocr | google_vision_request_start image=E:\Projects\Nova Construction Ticket App\Early Prototype\data\uploads\20260713_042315_372828_Ticket example 1.jpg
2026-07-13 01:23:17,484 | INFO | office_ticket_backend.ocr | google_vision_request_success image=E:\Projects\Nova Construction Ticket App\Early Prototype\data\uploads\20260713_042315_372828_Ticket example 1.jpg avg_conf=0.93
2026-07-13 01:23:17,484 | INFO | office_ticket_backend.ocr | ocr_extract_provider_selected image=E:\Projects\Nova Construction Ticket App\Early Prototype\data\uploads\20260713_042315_372828_Ticket example 1.jpg provider=google_vision confidence=0.93
2026-07-13 01:23:17,486 | INFO | office_ticket_backend.app | upload_processed file=Ticket example 1.jpg provider=google_vision confidence=0.93 ticket_id=0355
2026-07-13 01:23:17,491 | INFO | office_ticket_backend.app | ticket_inserted ticket_id=0355 provider=google_vision confidence=0.93 image=E:\Projects\Nova Construction Ticket App\Early Prototype\data\uploads\20260713_042315_372828_Ticket example 1.jpg
2026-07-13 01:23:17,492 | INFO | office_ticket_backend.app | upload_saved file=Ticket example 2.jpg size_bytes=131724 path=E:\Projects\Nova Construction Ticket App\Early Prototype\data\uploads\20260713_042317_491911_Ticket example 2.jpg
2026-07-13 01:23:17,492 | INFO | office_ticket_backend.ocr | ocr_extract_start image=E:\Projects\Nova Construction Ticket App\Early Prototype\data\uploads\20260713_042317_491911_Ticket example 2.jpg provider_env=google_vision
2026-07-13 01:23:17,493 | INFO | office_ticket_backend.ocr | google_vision_request_start image=E:\Projects\Nova Construction Ticket App\Early Prototype\data\uploads\20260713_042317_491911_Ticket example 2.jpg
2026-07-13 01:23:19,038 | INFO | office_ticket_backend.ocr | google_vision_request_success image=E:\Projects\Nova Construction Ticket App\Early Prototype\data\uploads\20260713_042317_491911_Ticket example 2.jpg avg_conf=0.93
2026-07-13 01:23:19,039 | INFO | office_ticket_backend.ocr | ocr_extract_provider_selected image=E:\Projects\Nova Construction Ticket App\Early Prototype\data\uploads\20260713_042317_491911_Ticket example 2.jpg provider=google_vision confidence=0.93
2026-07-13 01:23:19,040 | INFO | office_ticket_backend.app | upload_processed file=Ticket example 2.jpg provider=google_vision confidence=0.93 ticket_id=07173
2026-07-13 01:23:19,050 | INFO | office_ticket_backend.app | ticket_inserted ticket_id=07173 provider=google_vision confidence=0.93 image=E:\Projects\Nova Construction Ticket App\Early Prototype\data\uploads\20260713_042317_491911_Ticket example 2.jpg
2026-07-13 01:24:14,647 | INFO | office_ticket_backend.app | app_start provider_env=google_vision duplicate_check_enabled=False
2026-07-13 01:24:22,000 | INFO | office_ticket_backend.app | app_start provider_env=google_vision duplicate_check_enabled=False
2026-07-13 01:24:22,004 | INFO | office_ticket_backend.app | upload_saved file=Ticket example 1.jpg size_bytes=624183 path=E:\Projects\Nova Construction Ticket App\Early Prototype\data\uploads\20260713_042422_002688_Ticket example 1.jpg
2026-07-13 01:24:22,004 | INFO | office_ticket_backend.ocr | ocr_extract_start image=E:\Projects\Nova Construction Ticket App\Early Prototype\data\uploads\20260713_042422_002688_Ticket example 1.jpg provider_env=google_vision
2026-07-13 01:24:22,005 | INFO | office_ticket_backend.ocr | google_vision_request_start image=E:\Projects\Nova Construction Ticket App\Early Prototype\data\uploads\20260713_042422_002688_Ticket example 1.jpg
2026-07-13 01:24:23,582 | ERROR | office_ticket_backend.ocr | ocr_extract_google_failed image=E:\Projects\Nova Construction Ticket App\Early Prototype\data\uploads\20260713_042422_002688_Ticket example 1.jpg error=PermissionDenied: 403 This API method requires billing to be enabled. Please enable billing on project #nova-construction-502020 by visiting https://console.developers.google.com/billing/enable?project=nova-construction-502020 then retry. If you enabled billing for this project recently, wait a few minutes for the action to propagate to our systems and retry. [reason: "BILLING_DISABLED"
domain: "googleapis.com"
metadata {
  key: "service"
  value: "vision.googleapis.com"
}
metadata {
  key: "containerInfo"
  value: "nova-construction-502020"
}
metadata {
  key: "consumer"
  value: "projects/nova-construction-502020"
}
metadata {
  key: "consoleUrl"
  value: "https://console.developers.google.com/billing/enable?project=nova-construction-502020"
}
, locale: "en-US"
message: "This API method requires billing to be enabled. Please enable billing on project #nova-construction-502020 by visiting https://console.developers.google.com/billing/enable?project=nova-construction-502020 then retry. If you enabled billing for this project recently, wait a few minutes for the action to propagate to our systems and retry."
, links {
  description: "Google developers console billing"
  url: "https://console.developers.google.com/billing/enable?project=nova-construction-502020"
}
]
Traceback (most recent call last):
  File "E:\Projects\Nova Construction Ticket App\.venv\lib\site-packages\google\api_core\grpc_helpers.py", line 55, in error_remapped_callable
    return callable_(*args, **kwargs)
  File "E:\Projects\Nova Construction Ticket App\.venv\lib\site-packages\grpc\_interceptor.py", line 276, in __call__
    response, ignored_call = self._with_call(
  File "E:\Projects\Nova Construction Ticket App\.venv\lib\site-packages\grpc\_interceptor.py", line 331, in _with_call
    return call.result(), call
  File "E:\Projects\Nova Construction Ticket App\.venv\lib\site-packages\grpc\_channel.py", line 438, in result
    raise self
  File "E:\Projects\Nova Construction Ticket App\.venv\lib\site-packages\grpc\_interceptor.py", line 314, in continuation
    response, call = self._thunk(new_method).with_call(
  File "E:\Projects\Nova Construction Ticket App\.venv\lib\site-packages\grpc\_channel.py", line 1173, in with_call
    return _end_unary_response_blocking(state, call, True, None)
  File "E:\Projects\Nova Construction Ticket App\.venv\lib\site-packages\grpc\_channel.py", line 990, in _end_unary_response_blocking
    raise _InactiveRpcError(state)  # pytype: disable=not-instantiable
grpc._channel._InactiveRpcError: <_InactiveRpcError of RPC that terminated with:
	status = StatusCode.PERMISSION_DENIED
	details = "This API method requires billing to be enabled. Please enable billing on project #nova-construction-502020 by visiting https://console.developers.google.com/billing/enable?project=nova-construction-502020 then retry. If you enabled billing for this project recently, wait a few minutes for the action to propagate to our systems and retry."
	debug_error_string = "PERMISSION_DENIED:This API method requires billing to be enabled. Please enable billing on project #nova-construction-502020 by visiting https://console.developers.google.com/billing/enable?project=nova-construction-502020 then retry. If you enabled billing for this project recently, wait a few minutes for the action to propagate to our systems and retry."
>

The above exception was the direct cause of the following exception:

Traceback (most recent call last):
  File "E:\Projects\Nova Construction Ticket App\Early Prototype\ocr.py", line 452, in extract_ticket_data
    parsed, confidence = _extract_with_google_vision(image_path)
  File "E:\Projects\Nova Construction Ticket App\Early Prototype\ocr.py", line 377, in _extract_with_google_vision
    response = detect_fn(image=image)
  File "E:\Projects\Nova Construction Ticket App\.venv\lib\site-packages\google\cloud\vision_helpers\decorators.py", line 112, in inner
    response = self.annotate_image(
  File "E:\Projects\Nova Construction Ticket App\.venv\lib\site-packages\google\cloud\vision_helpers\__init__.py", line 76, in annotate_image
    r = self.batch_annotate_images(
  File "E:\Projects\Nova Construction Ticket App\.venv\lib\site-packages\google\cloud\vision_v1\services\image_annotator\client.py", line 840, in batch_annotate_images
    response = rpc(
  File "E:\Projects\Nova Construction Ticket App\.venv\lib\site-packages\google\api_core\gapic_v1\method.py", line 128, in __call__
    return wrapped_func(*args, **kwargs)
  File "E:\Projects\Nova Construction Ticket App\.venv\lib\site-packages\google\api_core\grpc_helpers.py", line 57, in error_remapped_callable
    raise exceptions.from_grpc_error(exc) from exc
google.api_core.exceptions.PermissionDenied: 403 This API method requires billing to be enabled. Please enable billing on project #nova-construction-502020 by visiting https://console.developers.google.com/billing/enable?project=nova-construction-502020 then retry. If you enabled billing for this project recently, wait a few minutes for the action to propagate to our systems and retry. [reason: "BILLING_DISABLED"
domain: "googleapis.com"
metadata {
  key: "service"
  value: "vision.googleapis.com"
}
metadata {
  key: "containerInfo"
  value: "nova-construction-502020"
}
metadata {
  key: "consumer"
  value: "projects/nova-construction-502020"
}
metadata {
  key: "consoleUrl"
  value: "https://console.developers.google.com/billing/enable?project=nova-construction-502020"
}
, locale: "en-US"
message: "This API method requires billing to be enabled. Please enable billing on project #nova-construction-502020 by visiting https://console.developers.google.com/billing/enable?project=nova-construction-502020 then retry. If you enabled billing for this project recently, wait a few minutes for the action to propagate to our systems and retry."
, links {
  description: "Google developers console billing"
  url: "https://console.developers.google.com/billing/enable?project=nova-construction-502020"
}
]
2026-07-13 01:24:23,591 | INFO | office_ticket_backend.ocr | pytesseract_request_start image=E:\Projects\Nova Construction Ticket App\Early Prototype\data\uploads\20260713_042422_002688_Ticket example 1.jpg
2026-07-13 01:24:24,362 | INFO | office_ticket_backend.ocr | pytesseract_request_success image=E:\Projects\Nova Construction Ticket App\Early Prototype\data\uploads\20260713_042422_002688_Ticket example 1.jpg
2026-07-13 01:24:24,362 | WARNING | office_ticket_backend.ocr | ocr_extract_fallback image=E:\Projects\Nova Construction Ticket App\Early Prototype\data\uploads\20260713_042422_002688_Ticket example 1.jpg provider=pytesseract reason=PermissionDenied: 403 This API method requires billing to be enabled. Please enable billing on project #nova-construction-502020 by visiting https://console.developers.google.com/billing/enable?project=nova-construction-502020 then retry. If you enabled billing for this project recently, wait a few minutes for the action to propagate to our systems and retry. [reason: "BILLING_DISABLED"
domain: "googleapis.com"
metadata {
  key: "service"
  value: "vision.googleapis.com"
}
metadata {
  key: "containerInfo"
  value: "nova-construction-502020"
}
metadata {
  key: "consumer"
  value: "projects/nova-construction-502020"
}
metadata {
  key: "consoleUrl"
  value: "https://console.developers.google.com/billing/enable?project=nova-construction-502020"
}
, locale: "en-US"
message: "This API method requires billing to be enabled. Please enable billing on project #nova-construction-502020 by visiting https://console.developers.google.com/billing/enable?project=nova-construction-502020 then retry. If you enabled billing for this project recently, wait a few minutes for the action to propagate to our systems and retry."
, links {
  description: "Google developers console billing"
  url: "https://console.developers.google.com/billing/enable?project=nova-construction-502020"
}
]
2026-07-13 01:24:24,362 | INFO | office_ticket_backend.ocr | ocr_extract_provider_selected image=E:\Projects\Nova Construction Ticket App\Early Prototype\data\uploads\20260713_042422_002688_Ticket example 1.jpg provider=pytesseract confidence=0.55
2026-07-13 01:24:24,363 | INFO | office_ticket_backend.app | upload_processed file=Ticket example 1.jpg provider=pytesseract confidence=0.55 ticket_id=0355
2026-07-13 01:24:24,363 | WARNING | office_ticket_backend.app | upload_ocr_warning file=Ticket example 1.jpg warning=Google Vision failed, used pytesseract fallback. Google error: PermissionDenied: 403 This API method requires billing to be enabled. Please enable billing on project #nova-construction-502020 by visiting https://console.developers.google.com/billing/enable?project=nova-construction-502020 then retry. If you enabled billing for this project recently, wait a few minutes for the action to propagate to our systems and retry. [reason: "BILLING_DISABLED"
domain: "googleapis.com"
metadata {
  key: "service"
  value: "vision.googleapis.com"
}
metadata {
  key: "containerInfo"
  value: "nova-construction-502020"
}
metadata {
  key: "consumer"
  value: "projects/nova-construction-502020"
}
metadata {
  key: "consoleUrl"
  value: "https://console.developers.google.com/billing/enable?project=nova-construction-502020"
}
, locale: "en-US"
message: "This API method requires billing to be enabled. Please enable billing on project #nova-construction-502020 by visiting https://console.developers.google.com/billing/enable?project=nova-construction-502020 then retry. If you enabled billing for this project recently, wait a few minutes for the action to propagate to our systems and retry."
, links {
  description: "Google developers console billing"
  url: "https://console.developers.google.com/billing/enable?project=nova-construction-502020"
}
]
2026-07-13 01:24:24,373 | INFO | office_ticket_backend.app | ticket_inserted ticket_id=0355 provider=pytesseract confidence=0.55 image=E:\Projects\Nova Construction Ticket App\Early Prototype\data\uploads\20260713_042422_002688_Ticket example 1.jpg
2026-07-13 01:24:24,374 | INFO | office_ticket_backend.app | upload_saved file=Ticket example 2.jpg size_bytes=131724 path=E:\Projects\Nova Construction Ticket App\Early Prototype\data\uploads\20260713_042424_373199_Ticket example 2.jpg
2026-07-13 01:24:24,374 | INFO | office_ticket_backend.ocr | ocr_extract_start image=E:\Projects\Nova Construction Ticket App\Early Prototype\data\uploads\20260713_042424_373199_Ticket example 2.jpg provider_env=google_vision
2026-07-13 01:24:24,375 | INFO | office_ticket_backend.ocr | google_vision_request_start image=E:\Projects\Nova Construction Ticket App\Early Prototype\data\uploads\20260713_042424_373199_Ticket example 2.jpg
2026-07-13 01:24:25,953 | INFO | office_ticket_backend.ocr | google_vision_request_success image=E:\Projects\Nova Construction Ticket App\Early Prototype\data\uploads\20260713_042424_373199_Ticket example 2.jpg avg_conf=0.93
2026-07-13 01:24:25,953 | INFO | office_ticket_backend.ocr | ocr_extract_provider_selected image=E:\Projects\Nova Construction Ticket App\Early Prototype\data\uploads\20260713_042424_373199_Ticket example 2.jpg provider=google_vision confidence=0.93
2026-07-13 01:24:25,955 | INFO | office_ticket_backend.app | upload_processed file=Ticket example 2.jpg provider=google_vision confidence=0.93 ticket_id=07173
2026-07-13 01:24:25,966 | INFO | office_ticket_backend.app | ticket_inserted ticket_id=07173 provider=google_vision confidence=0.93 image=E:\Projects\Nova Construction Ticket App\Early Prototype\data\uploads\20260713_042424_373199_Ticket example 2.jpg
2026-07-13 01:24:49,971 | INFO | office_ticket_backend.app | app_start provider_env=google_vision duplicate_check_enabled=False
2026-07-13 01:24:49,976 | INFO | office_ticket_backend.app | upload_saved file=Ticket example 1.jpg size_bytes=624183 path=E:\Projects\Nova Construction Ticket App\Early Prototype\data\uploads\20260713_042449_975757_Ticket example 1.jpg
2026-07-13 01:24:49,978 | INFO | office_ticket_backend.ocr | ocr_extract_start image=E:\Projects\Nova Construction Ticket App\Early Prototype\data\uploads\20260713_042449_975757_Ticket example 1.jpg provider_env=google_vision
2026-07-13 01:24:49,978 | INFO | office_ticket_backend.ocr | google_vision_request_start image=E:\Projects\Nova Construction Ticket App\Early Prototype\data\uploads\20260713_042449_975757_Ticket example 1.jpg
2026-07-13 01:24:52,084 | INFO | office_ticket_backend.ocr | google_vision_request_success image=E:\Projects\Nova Construction Ticket App\Early Prototype\data\uploads\20260713_042449_975757_Ticket example 1.jpg avg_conf=0.93
2026-07-13 01:24:52,084 | INFO | office_ticket_backend.ocr | ocr_extract_provider_selected image=E:\Projects\Nova Construction Ticket App\Early Prototype\data\uploads\20260713_042449_975757_Ticket example 1.jpg provider=google_vision confidence=0.93
2026-07-13 01:24:52,086 | INFO | office_ticket_backend.app | upload_processed file=Ticket example 1.jpg provider=google_vision confidence=0.93 ticket_id=0355
2026-07-13 01:24:52,091 | INFO | office_ticket_backend.app | ticket_inserted ticket_id=0355 provider=google_vision confidence=0.93 image=E:\Projects\Nova Construction Ticket App\Early Prototype\data\uploads\20260713_042449_975757_Ticket example 1.jpg
2026-07-13 01:24:52,092 | INFO | office_ticket_backend.app | upload_saved file=Ticket example 2.jpg size_bytes=131724 path=E:\Projects\Nova Construction Ticket App\Early Prototype\data\uploads\20260713_042452_091828_Ticket example 2.jpg
2026-07-13 01:24:52,092 | INFO | office_ticket_backend.ocr | ocr_extract_start image=E:\Projects\Nova Construction Ticket App\Early Prototype\data\uploads\20260713_042452_091828_Ticket example 2.jpg provider_env=google_vision
2026-07-13 01:24:52,093 | INFO | office_ticket_backend.ocr | google_vision_request_start image=E:\Projects\Nova Construction Ticket App\Early Prototype\data\uploads\20260713_042452_091828_Ticket example 2.jpg
2026-07-13 01:24:53,730 | INFO | office_ticket_backend.ocr | google_vision_request_success image=E:\Projects\Nova Construction Ticket App\Early Prototype\data\uploads\20260713_042452_091828_Ticket example 2.jpg avg_conf=0.93
2026-07-13 01:24:53,731 | INFO | office_ticket_backend.ocr | ocr_extract_provider_selected image=E:\Projects\Nova Construction Ticket App\Early Prototype\data\uploads\20260713_042452_091828_Ticket example 2.jpg provider=google_vision confidence=0.93
2026-07-13 01:24:53,733 | INFO | office_ticket_backend.app | upload_processed file=Ticket example 2.jpg provider=google_vision confidence=0.93 ticket_id=07173
2026-07-13 01:24:53,741 | INFO | office_ticket_backend.app | ticket_inserted ticket_id=07173 provider=google_vision confidence=0.93 image=E:\Projects\Nova Construction Ticket App\Early Prototype\data\uploads\20260713_042452_091828_Ticket example 2.jpg
2026-07-13 01:32:47,778 | INFO | office_ticket_backend.app | app_start provider_env=google_vision duplicate_check_enabled=False
2026-07-13 01:33:23,061 | INFO | office_ticket_backend.app | app_start provider_env=google_vision duplicate_check_enabled=False
2026-07-13 01:33:35,432 | INFO | office_ticket_backend.app | app_start provider_env=google_vision duplicate_check_enabled=False
2026-07-13 01:33:55,287 | INFO | office_ticket_backend.app | app_start provider_env=google_vision duplicate_check_enabled=False
2026-07-13 01:34:07,210 | INFO | office_ticket_backend.app | app_start provider_env=google_vision duplicate_check_enabled=False
2026-07-13 01:34:56,223 | INFO | office_ticket_backend.app | app_start provider_env=google_vision duplicate_check_enabled=False
2026-07-13 01:35:26,743 | INFO | office_ticket_backend.app | app_start provider_env=google_vision duplicate_check_enabled=False
2026-07-13 01:35:37,023 | INFO | office_ticket_backend.app | app_start provider_env=google_vision duplicate_check_enabled=False
2026-07-13 01:36:22,700 | INFO | office_ticket_backend.app | app_start provider_env=google_vision duplicate_check_enabled=False
2026-07-13 01:36:35,039 | INFO | office_ticket_backend.app | app_start provider_env=google_vision duplicate_check_enabled=False
2026-07-13 01:36:35,810 | INFO | office_ticket_backend.app | app_start provider_env=google_vision duplicate_check_enabled=False
2026-07-13 01:36:37,806 | INFO | office_ticket_backend.app | app_start provider_env=google_vision duplicate_check_enabled=False
2026-07-13 01:37:05,589 | INFO | office_ticket_backend.app | app_start provider_env=google_vision duplicate_check_enabled=False
2026-07-13 01:37:08,915 | INFO | office_ticket_backend.app | app_start provider_env=google_vision duplicate_check_enabled=False
2026-07-13 01:37:08,921 | INFO | office_ticket_backend.app | upload_saved file=Ticket example 1.jpg size_bytes=624183 path=E:\Projects\Nova Construction Ticket App\Early Prototype\data\uploads\20260713_043708_919646_Ticket example 1.jpg
2026-07-13 01:37:08,922 | INFO | office_ticket_backend.ocr | ocr_extract_start image=E:\Projects\Nova Construction Ticket App\Early Prototype\data\uploads\20260713_043708_919646_Ticket example 1.jpg provider_env=google_vision
2026-07-13 01:37:09,385 | INFO | office_ticket_backend.ocr | google_vision_request_start image=E:\Projects\Nova Construction Ticket App\Early Prototype\data\uploads\20260713_043708_919646_Ticket example 1.jpg
2026-07-13 01:37:11,492 | INFO | office_ticket_backend.ocr | google_vision_raw_text image=20260713_043708_919646_Ticket example 1.jpg chars=372 first_800=NOVA CONSTRUCTION COMPANY LTD | P.O. Box 1328 | Antigonish, NS | B2G 2L7 | Phone: 902-245-6386 Fax: 902-245-5132 | DATE | May 20126 | LICENSE PLATE | TRUCKER | SOLD TO/ | CHARGED TO | DELIVER TO | JOB NO. | PLEASANT VALLEY QUARRY | 59-39717 | Keith Obnion | 2578 RR #3 Maryvale | tapel | MATERIAL | GROSS | 26,100 | TARE | 10'300 | NET | 15.800 | 0355 | WHITE-CUSTOMER COPY | RECEIVED BY | CANARY-TRUCKER'S COPY | PINK-OFFICE COPY
2026-07-13 01:37:11,503 | INFO | office_ticket_backend.ocr | google_vision_request_success image=20260713_043708_919646_Ticket example 1.jpg avg_conf=0.93 ticket_id=0355 date= sold_to=Keith Obnion plate=59-39717 trucker=
2026-07-13 01:37:11,504 | INFO | office_ticket_backend.ocr | ocr_extract_provider_selected image=E:\Projects\Nova Construction Ticket App\Early Prototype\data\uploads\20260713_043708_919646_Ticket example 1.jpg provider=google_vision confidence=0.93
2026-07-13 01:37:11,505 | INFO | office_ticket_backend.app | upload_processed file=Ticket example 1.jpg provider=google_vision confidence=0.93 ticket_id=0355
2026-07-13 01:37:11,511 | INFO | office_ticket_backend.app | ticket_inserted ticket_id=0355 provider=google_vision confidence=0.93 image=E:\Projects\Nova Construction Ticket App\Early Prototype\data\uploads\20260713_043708_919646_Ticket example 1.jpg
2026-07-13 01:37:11,513 | INFO | office_ticket_backend.app | upload_saved file=Ticket example 2.jpg size_bytes=131724 path=E:\Projects\Nova Construction Ticket App\Early Prototype\data\uploads\20260713_043711_512174_Ticket example 2.jpg
2026-07-13 01:37:11,513 | INFO | office_ticket_backend.ocr | ocr_extract_start image=E:\Projects\Nova Construction Ticket App\Early Prototype\data\uploads\20260713_043711_512174_Ticket example 2.jpg provider_env=google_vision
2026-07-13 01:37:11,514 | INFO | office_ticket_backend.ocr | google_vision_request_start image=E:\Projects\Nova Construction Ticket App\Early Prototype\data\uploads\20260713_043711_512174_Ticket example 2.jpg
2026-07-13 01:37:13,067 | INFO | office_ticket_backend.ocr | google_vision_raw_text image=20260713_043711_512174_Ticket example 2.jpg chars=353 first_800=DATE | NOVA CONSTRUCTION COMPANY LT | P.O. Box 1328 | Antigonish, NS | B2G 2L7 | Phone: 902-245-6386 Fax: 902-245-5132 | May 13/26 | LICENSE PLATE | JOB NO. | LONG POINT QUARRY | TRUCKER | SOLD TO/ | CHARGED TO | DELIVER TO | MATERIAL | Gerry fulton | Long Point Rd.. | Type 1 | GROSS 25,000 | TARE | NET | 9800 | 15,200 | 07173 | WHITE CUSTOMER COPY | RECEIVED BY | CANARY TRUCKER'S COPY | PINK-OFFICE COPY
2026-07-13 01:37:13,076 | INFO | office_ticket_backend.ocr | google_vision_request_success image=20260713_043711_512174_Ticket example 2.jpg avg_conf=0.93 ticket_id=07173 date=2026-05-13 sold_to=Gerry fulton plate= trucker=
2026-07-13 01:37:13,076 | INFO | office_ticket_backend.ocr | ocr_extract_provider_selected image=E:\Projects\Nova Construction Ticket App\Early Prototype\data\uploads\20260713_043711_512174_Ticket example 2.jpg provider=google_vision confidence=0.93
2026-07-13 01:37:13,078 | INFO | office_ticket_backend.app | upload_processed file=Ticket example 2.jpg provider=google_vision confidence=0.93 ticket_id=07173
2026-07-13 01:37:13,085 | INFO | office_ticket_backend.app | ticket_inserted ticket_id=07173 provider=google_vision confidence=0.93 image=E:\Projects\Nova Construction Ticket App\Early Prototype\data\uploads\20260713_043711_512174_Ticket example 2.jpg
2026-07-13 01:37:52,252 | INFO | office_ticket_backend.app | app_start provider_env=google_vision duplicate_check_enabled=False
2026-07-13 01:37:52,257 | INFO | office_ticket_backend.app | upload_saved file=Ticket example 1.jpg size_bytes=624183 path=E:\Projects\Nova Construction Ticket App\Early Prototype\data\uploads\20260713_043752_256208_Ticket example 1.jpg
2026-07-13 01:37:52,258 | INFO | office_ticket_backend.ocr | ocr_extract_start image=E:\Projects\Nova Construction Ticket App\Early Prototype\data\uploads\20260713_043752_256208_Ticket example 1.jpg provider_env=google_vision
2026-07-13 01:37:52,258 | INFO | office_ticket_backend.ocr | google_vision_request_start image=E:\Projects\Nova Construction Ticket App\Early Prototype\data\uploads\20260713_043752_256208_Ticket example 1.jpg
2026-07-13 01:37:54,310 | INFO | office_ticket_backend.ocr | google_vision_raw_text image=20260713_043752_256208_Ticket example 1.jpg chars=372 first_800=NOVA CONSTRUCTION COMPANY LTD | P.O. Box 1328 | Antigonish, NS | B2G 2L7 | Phone: 902-245-6386 Fax: 902-245-5132 | DATE | May 20126 | LICENSE PLATE | TRUCKER | SOLD TO/ | CHARGED TO | DELIVER TO | JOB NO. | PLEASANT VALLEY QUARRY | 59-39717 | Keith Obnion | 2578 RR #3 Maryvale | tapel | MATERIAL | GROSS | 26,100 | TARE | 10'300 | NET | 15.800 | 0355 | WHITE-CUSTOMER COPY | RECEIVED BY | CANARY-TRUCKER'S COPY | PINK-OFFICE COPY
2026-07-13 01:37:54,320 | INFO | office_ticket_backend.ocr | google_vision_request_success image=20260713_043752_256208_Ticket example 1.jpg avg_conf=0.93 ticket_id=0355 date= sold_to=Keith Obnion plate=59-39717 trucker=
2026-07-13 01:37:54,321 | INFO | office_ticket_backend.ocr | ocr_extract_provider_selected image=E:\Projects\Nova Construction Ticket App\Early Prototype\data\uploads\20260713_043752_256208_Ticket example 1.jpg provider=google_vision confidence=0.93
2026-07-13 01:37:54,323 | INFO | office_ticket_backend.app | upload_processed file=Ticket example 1.jpg provider=google_vision confidence=0.93 ticket_id=0355
2026-07-13 01:37:54,329 | INFO | office_ticket_backend.app | ticket_inserted ticket_id=0355 provider=google_vision confidence=0.93 image=E:\Projects\Nova Construction Ticket App\Early Prototype\data\uploads\20260713_043752_256208_Ticket example 1.jpg
2026-07-13 01:37:54,330 | INFO | office_ticket_backend.app | upload_saved file=Ticket example 2.jpg size_bytes=131724 path=E:\Projects\Nova Construction Ticket App\Early Prototype\data\uploads\20260713_043754_329520_Ticket example 2.jpg
2026-07-13 01:37:54,331 | INFO | office_ticket_backend.ocr | ocr_extract_start image=E:\Projects\Nova Construction Ticket App\Early Prototype\data\uploads\20260713_043754_329520_Ticket example 2.jpg provider_env=google_vision
2026-07-13 01:37:54,332 | INFO | office_ticket_backend.ocr | google_vision_request_start image=E:\Projects\Nova Construction Ticket App\Early Prototype\data\uploads\20260713_043754_329520_Ticket example 2.jpg
2026-07-13 01:37:55,947 | INFO | office_ticket_backend.ocr | google_vision_raw_text image=20260713_043754_329520_Ticket example 2.jpg chars=353 first_800=DATE | NOVA CONSTRUCTION COMPANY LT | P.O. Box 1328 | Antigonish, NS | B2G 2L7 | Phone: 902-245-6386 Fax: 902-245-5132 | May 13/26 | LICENSE PLATE | JOB NO. | LONG POINT QUARRY | TRUCKER | SOLD TO/ | CHARGED TO | DELIVER TO | MATERIAL | Gerry fulton | Long Point Rd.. | Type 1 | GROSS 25,000 | TARE | NET | 9800 | 15,200 | 07173 | WHITE CUSTOMER COPY | RECEIVED BY | CANARY TRUCKER'S COPY | PINK-OFFICE COPY
2026-07-13 01:37:55,960 | INFO | office_ticket_backend.ocr | google_vision_request_success image=20260713_043754_329520_Ticket example 2.jpg avg_conf=0.93 ticket_id=07173 date=2026-05-13 sold_to=Gerry fulton plate= trucker=
2026-07-13 01:37:55,961 | INFO | office_ticket_backend.ocr | ocr_extract_provider_selected image=E:\Projects\Nova Construction Ticket App\Early Prototype\data\uploads\20260713_043754_329520_Ticket example 2.jpg provider=google_vision confidence=0.93
2026-07-13 01:37:55,962 | INFO | office_ticket_backend.app | upload_processed file=Ticket example 2.jpg provider=google_vision confidence=0.93 ticket_id=07173
2026-07-13 01:37:55,968 | INFO | office_ticket_backend.app | ticket_inserted ticket_id=07173 provider=google_vision confidence=0.93 image=E:\Projects\Nova Construction Ticket App\Early Prototype\data\uploads\20260713_043754_329520_Ticket example 2.jpg
2026-07-13 01:38:57,607 | INFO | office_ticket_backend.app | app_start provider_env=google_vision duplicate_check_enabled=False
2026-07-13 01:38:57,612 | INFO | office_ticket_backend.app | upload_saved file=Ticket example 1.jpg size_bytes=624183 path=E:\Projects\Nova Construction Ticket App\Early Prototype\data\uploads\20260713_043857_611011_Ticket example 1.jpg
2026-07-13 01:38:57,613 | INFO | office_ticket_backend.ocr | ocr_extract_start image=E:\Projects\Nova Construction Ticket App\Early Prototype\data\uploads\20260713_043857_611011_Ticket example 1.jpg provider_env=google_vision
2026-07-13 01:38:57,614 | INFO | office_ticket_backend.ocr | google_vision_request_start image=E:\Projects\Nova Construction Ticket App\Early Prototype\data\uploads\20260713_043857_611011_Ticket example 1.jpg
2026-07-13 01:38:59,725 | INFO | office_ticket_backend.ocr | google_vision_raw_text image=20260713_043857_611011_Ticket example 1.jpg chars=372 first_800=NOVA CONSTRUCTION COMPANY LTD | P.O. Box 1328 | Antigonish, NS | B2G 2L7 | Phone: 902-245-6386 Fax: 902-245-5132 | DATE | May 20126 | LICENSE PLATE | TRUCKER | SOLD TO/ | CHARGED TO | DELIVER TO | JOB NO. | PLEASANT VALLEY QUARRY | 59-39717 | Keith Obnion | 2578 RR #3 Maryvale | tapel | MATERIAL | GROSS | 26,100 | TARE | 10'300 | NET | 15.800 | 0355 | WHITE-CUSTOMER COPY | RECEIVED BY | CANARY-TRUCKER'S COPY | PINK-OFFICE COPY
2026-07-13 01:38:59,733 | INFO | office_ticket_backend.ocr | google_vision_request_success image=20260713_043857_611011_Ticket example 1.jpg avg_conf=0.93 ticket_id=0355 date=0126-05-20 sold_to=Keith Obnion plate=59-39717 trucker=
2026-07-13 01:38:59,734 | INFO | office_ticket_backend.ocr | ocr_extract_provider_selected image=E:\Projects\Nova Construction Ticket App\Early Prototype\data\uploads\20260713_043857_611011_Ticket example 1.jpg provider=google_vision confidence=0.93
2026-07-13 01:38:59,736 | INFO | office_ticket_backend.app | upload_processed file=Ticket example 1.jpg provider=google_vision confidence=0.93 ticket_id=0355
2026-07-13 01:38:59,743 | INFO | office_ticket_backend.app | ticket_inserted ticket_id=0355 provider=google_vision confidence=0.93 image=E:\Projects\Nova Construction Ticket App\Early Prototype\data\uploads\20260713_043857_611011_Ticket example 1.jpg
2026-07-13 01:38:59,743 | INFO | office_ticket_backend.app | upload_saved file=Ticket example 2.jpg size_bytes=131724 path=E:\Projects\Nova Construction Ticket App\Early Prototype\data\uploads\20260713_043859_743005_Ticket example 2.jpg
2026-07-13 01:38:59,743 | INFO | office_ticket_backend.ocr | ocr_extract_start image=E:\Projects\Nova Construction Ticket App\Early Prototype\data\uploads\20260713_043859_743005_Ticket example 2.jpg provider_env=google_vision
2026-07-13 01:38:59,745 | INFO | office_ticket_backend.ocr | google_vision_request_start image=E:\Projects\Nova Construction Ticket App\Early Prototype\data\uploads\20260713_043859_743005_Ticket example 2.jpg
2026-07-13 01:39:01,315 | INFO | office_ticket_backend.ocr | google_vision_raw_text image=20260713_043859_743005_Ticket example 2.jpg chars=353 first_800=DATE | NOVA CONSTRUCTION COMPANY LT | P.O. Box 1328 | Antigonish, NS | B2G 2L7 | Phone: 902-245-6386 Fax: 902-245-5132 | May 13/26 | LICENSE PLATE | JOB NO. | LONG POINT QUARRY | TRUCKER | SOLD TO/ | CHARGED TO | DELIVER TO | MATERIAL | Gerry fulton | Long Point Rd.. | Type 1 | GROSS 25,000 | TARE | NET | 9800 | 15,200 | 07173 | WHITE CUSTOMER COPY | RECEIVED BY | CANARY TRUCKER'S COPY | PINK-OFFICE COPY
2026-07-13 01:39:01,323 | INFO | office_ticket_backend.ocr | google_vision_request_success image=20260713_043859_743005_Ticket example 2.jpg avg_conf=0.93 ticket_id=07173 date= sold_to=Gerry fulton plate= trucker=
2026-07-13 01:39:01,324 | INFO | office_ticket_backend.ocr | ocr_extract_provider_selected image=E:\Projects\Nova Construction Ticket App\Early Prototype\data\uploads\20260713_043859_743005_Ticket example 2.jpg provider=google_vision confidence=0.93
2026-07-13 01:39:01,326 | INFO | office_ticket_backend.app | upload_processed file=Ticket example 2.jpg provider=google_vision confidence=0.93 ticket_id=07173
2026-07-13 01:39:01,332 | INFO | office_ticket_backend.app | ticket_inserted ticket_id=07173 provider=google_vision confidence=0.93 image=E:\Projects\Nova Construction Ticket App\Early Prototype\data\uploads\20260713_043859_743005_Ticket example 2.jpg
2026-07-13 01:39:14,654 | INFO | office_ticket_backend.app | app_start provider_env=google_vision duplicate_check_enabled=False
2026-07-13 01:39:14,658 | INFO | office_ticket_backend.app | upload_saved file=Ticket example 1.jpg size_bytes=624183 path=E:\Projects\Nova Construction Ticket App\Early Prototype\data\uploads\20260713_043914_657206_Ticket example 1.jpg
2026-07-13 01:39:14,659 | INFO | office_ticket_backend.ocr | ocr_extract_start image=E:\Projects\Nova Construction Ticket App\Early Prototype\data\uploads\20260713_043914_657206_Ticket example 1.jpg provider_env=google_vision
2026-07-13 01:39:14,659 | INFO | office_ticket_backend.ocr | google_vision_request_start image=E:\Projects\Nova Construction Ticket App\Early Prototype\data\uploads\20260713_043914_657206_Ticket example 1.jpg
2026-07-13 01:39:16,699 | INFO | office_ticket_backend.ocr | google_vision_raw_text image=20260713_043914_657206_Ticket example 1.jpg chars=372 first_800=NOVA CONSTRUCTION COMPANY LTD | P.O. Box 1328 | Antigonish, NS | B2G 2L7 | Phone: 902-245-6386 Fax: 902-245-5132 | DATE | May 20126 | LICENSE PLATE | TRUCKER | SOLD TO/ | CHARGED TO | DELIVER TO | JOB NO. | PLEASANT VALLEY QUARRY | 59-39717 | Keith Obnion | 2578 RR #3 Maryvale | tapel | MATERIAL | GROSS | 26,100 | TARE | 10'300 | NET | 15.800 | 0355 | WHITE-CUSTOMER COPY | RECEIVED BY | CANARY-TRUCKER'S COPY | PINK-OFFICE COPY
2026-07-13 01:39:16,709 | INFO | office_ticket_backend.ocr | google_vision_request_success image=20260713_043914_657206_Ticket example 1.jpg avg_conf=0.93 ticket_id=0355 date=0126-05-20 sold_to=Keith Obnion plate=59-39717 trucker=
2026-07-13 01:39:16,710 | INFO | office_ticket_backend.ocr | ocr_extract_provider_selected image=E:\Projects\Nova Construction Ticket App\Early Prototype\data\uploads\20260713_043914_657206_Ticket example 1.jpg provider=google_vision confidence=0.93
2026-07-13 01:39:16,711 | INFO | office_ticket_backend.app | upload_processed file=Ticket example 1.jpg provider=google_vision confidence=0.93 ticket_id=0355
2026-07-13 01:39:16,717 | INFO | office_ticket_backend.app | ticket_inserted ticket_id=0355 provider=google_vision confidence=0.93 image=E:\Projects\Nova Construction Ticket App\Early Prototype\data\uploads\20260713_043914_657206_Ticket example 1.jpg
2026-07-13 01:39:16,718 | INFO | office_ticket_backend.app | upload_saved file=Ticket example 2.jpg size_bytes=131724 path=E:\Projects\Nova Construction Ticket App\Early Prototype\data\uploads\20260713_043916_717158_Ticket example 2.jpg
2026-07-13 01:39:16,718 | INFO | office_ticket_backend.ocr | ocr_extract_start image=E:\Projects\Nova Construction Ticket App\Early Prototype\data\uploads\20260713_043916_717158_Ticket example 2.jpg provider_env=google_vision
2026-07-13 01:39:16,719 | INFO | office_ticket_backend.ocr | google_vision_request_start image=E:\Projects\Nova Construction Ticket App\Early Prototype\data\uploads\20260713_043916_717158_Ticket example 2.jpg
2026-07-13 01:39:18,303 | INFO | office_ticket_backend.ocr | google_vision_raw_text image=20260713_043916_717158_Ticket example 2.jpg chars=353 first_800=DATE | NOVA CONSTRUCTION COMPANY LT | P.O. Box 1328 | Antigonish, NS | B2G 2L7 | Phone: 902-245-6386 Fax: 902-245-5132 | May 13/26 | LICENSE PLATE | JOB NO. | LONG POINT QUARRY | TRUCKER | SOLD TO/ | CHARGED TO | DELIVER TO | MATERIAL | Gerry fulton | Long Point Rd.. | Type 1 | GROSS 25,000 | TARE | NET | 9800 | 15,200 | 07173 | WHITE CUSTOMER COPY | RECEIVED BY | CANARY TRUCKER'S COPY | PINK-OFFICE COPY
2026-07-13 01:39:18,311 | INFO | office_ticket_backend.ocr | google_vision_request_success image=20260713_043916_717158_Ticket example 2.jpg avg_conf=0.93 ticket_id=07173 date= sold_to=Gerry fulton plate= trucker=
2026-07-13 01:39:18,312 | INFO | office_ticket_backend.ocr | ocr_extract_provider_selected image=E:\Projects\Nova Construction Ticket App\Early Prototype\data\uploads\20260713_043916_717158_Ticket example 2.jpg provider=google_vision confidence=0.93
2026-07-13 01:39:18,313 | INFO | office_ticket_backend.app | upload_processed file=Ticket example 2.jpg provider=google_vision confidence=0.93 ticket_id=07173
2026-07-13 01:39:18,321 | INFO | office_ticket_backend.app | ticket_inserted ticket_id=07173 provider=google_vision confidence=0.93 image=E:\Projects\Nova Construction Ticket App\Early Prototype\data\uploads\20260713_043916_717158_Ticket example 2.jpg
2026-07-13 01:39:52,783 | INFO | office_ticket_backend.app | app_start provider_env=google_vision duplicate_check_enabled=False
2026-07-13 01:39:52,788 | INFO | office_ticket_backend.app | upload_saved file=Ticket example 1.jpg size_bytes=624183 path=E:\Projects\Nova Construction Ticket App\Early Prototype\data\uploads\20260713_043952_787226_Ticket example 1.jpg
2026-07-13 01:39:52,788 | INFO | office_ticket_backend.ocr | ocr_extract_start image=E:\Projects\Nova Construction Ticket App\Early Prototype\data\uploads\20260713_043952_787226_Ticket example 1.jpg provider_env=google_vision
2026-07-13 01:39:52,789 | INFO | office_ticket_backend.ocr | google_vision_request_start image=E:\Projects\Nova Construction Ticket App\Early Prototype\data\uploads\20260713_043952_787226_Ticket example 1.jpg
2026-07-13 01:39:54,885 | INFO | office_ticket_backend.ocr | google_vision_raw_text image=20260713_043952_787226_Ticket example 1.jpg chars=372 first_800=NOVA CONSTRUCTION COMPANY LTD | P.O. Box 1328 | Antigonish, NS | B2G 2L7 | Phone: 902-245-6386 Fax: 902-245-5132 | DATE | May 20126 | LICENSE PLATE | TRUCKER | SOLD TO/ | CHARGED TO | DELIVER TO | JOB NO. | PLEASANT VALLEY QUARRY | 59-39717 | Keith Obnion | 2578 RR #3 Maryvale | tapel | MATERIAL | GROSS | 26,100 | TARE | 10'300 | NET | 15.800 | 0355 | WHITE-CUSTOMER COPY | RECEIVED BY | CANARY-TRUCKER'S COPY | PINK-OFFICE COPY
2026-07-13 01:39:54,894 | INFO | office_ticket_backend.ocr | google_vision_request_success image=20260713_043952_787226_Ticket example 1.jpg avg_conf=0.93 ticket_id=0355 date= sold_to=Keith Obnion plate=59-39717 trucker=
2026-07-13 01:39:54,895 | INFO | office_ticket_backend.ocr | ocr_extract_provider_selected image=E:\Projects\Nova Construction Ticket App\Early Prototype\data\uploads\20260713_043952_787226_Ticket example 1.jpg provider=google_vision confidence=0.93
2026-07-13 01:39:54,898 | INFO | office_ticket_backend.app | upload_processed file=Ticket example 1.jpg provider=google_vision confidence=0.93 ticket_id=0355
2026-07-13 01:39:54,903 | INFO | office_ticket_backend.app | ticket_inserted ticket_id=0355 provider=google_vision confidence=0.93 image=E:\Projects\Nova Construction Ticket App\Early Prototype\data\uploads\20260713_043952_787226_Ticket example 1.jpg
2026-07-13 01:39:54,904 | INFO | office_ticket_backend.app | upload_saved file=Ticket example 2.jpg size_bytes=131724 path=E:\Projects\Nova Construction Ticket App\Early Prototype\data\uploads\20260713_043954_903830_Ticket example 2.jpg
2026-07-13 01:39:54,904 | INFO | office_ticket_backend.ocr | ocr_extract_start image=E:\Projects\Nova Construction Ticket App\Early Prototype\data\uploads\20260713_043954_903830_Ticket example 2.jpg provider_env=google_vision
2026-07-13 01:39:54,905 | INFO | office_ticket_backend.ocr | google_vision_request_start image=E:\Projects\Nova Construction Ticket App\Early Prototype\data\uploads\20260713_043954_903830_Ticket example 2.jpg
2026-07-13 01:39:56,440 | INFO | office_ticket_backend.ocr | google_vision_raw_text image=20260713_043954_903830_Ticket example 2.jpg chars=353 first_800=DATE | NOVA CONSTRUCTION COMPANY LT | P.O. Box 1328 | Antigonish, NS | B2G 2L7 | Phone: 902-245-6386 Fax: 902-245-5132 | May 13/26 | LICENSE PLATE | JOB NO. | LONG POINT QUARRY | TRUCKER | SOLD TO/ | CHARGED TO | DELIVER TO | MATERIAL | Gerry fulton | Long Point Rd.. | Type 1 | GROSS 25,000 | TARE | NET | 9800 | 15,200 | 07173 | WHITE CUSTOMER COPY | RECEIVED BY | CANARY TRUCKER'S COPY | PINK-OFFICE COPY
2026-07-13 01:39:56,449 | INFO | office_ticket_backend.ocr | google_vision_request_success image=20260713_043954_903830_Ticket example 2.jpg avg_conf=0.93 ticket_id=07173 date=2026-05-13 sold_to=Gerry fulton plate= trucker=
2026-07-13 01:39:56,450 | INFO | office_ticket_backend.ocr | ocr_extract_provider_selected image=E:\Projects\Nova Construction Ticket App\Early Prototype\data\uploads\20260713_043954_903830_Ticket example 2.jpg provider=google_vision confidence=0.93
2026-07-13 01:39:56,451 | INFO | office_ticket_backend.app | upload_processed file=Ticket example 2.jpg provider=google_vision confidence=0.93 ticket_id=07173
2026-07-13 01:39:56,457 | INFO | office_ticket_backend.app | ticket_inserted ticket_id=07173 provider=google_vision confidence=0.93 image=E:\Projects\Nova Construction Ticket App\Early Prototype\data\uploads\20260713_043954_903830_Ticket example 2.jpg
2026-07-13 01:40:35,078 | INFO | office_ticket_backend.app | app_start provider_env=google_vision duplicate_check_enabled=False
2026-07-13 01:40:35,084 | INFO | office_ticket_backend.app | upload_saved file=Ticket example 1.jpg size_bytes=624183 path=E:\Projects\Nova Construction Ticket App\Early Prototype\data\uploads\20260713_044035_082029_Ticket example 1.jpg
2026-07-13 01:40:35,085 | INFO | office_ticket_backend.ocr | ocr_extract_start image=E:\Projects\Nova Construction Ticket App\Early Prototype\data\uploads\20260713_044035_082029_Ticket example 1.jpg provider_env=google_vision
2026-07-13 01:40:35,085 | INFO | office_ticket_backend.ocr | google_vision_request_start image=E:\Projects\Nova Construction Ticket App\Early Prototype\data\uploads\20260713_044035_082029_Ticket example 1.jpg
2026-07-13 01:40:37,210 | INFO | office_ticket_backend.ocr | google_vision_raw_text image=20260713_044035_082029_Ticket example 1.jpg chars=372 first_800=NOVA CONSTRUCTION COMPANY LTD | P.O. Box 1328 | Antigonish, NS | B2G 2L7 | Phone: 902-245-6386 Fax: 902-245-5132 | DATE | May 20126 | LICENSE PLATE | TRUCKER | SOLD TO/ | CHARGED TO | DELIVER TO | JOB NO. | PLEASANT VALLEY QUARRY | 59-39717 | Keith Obnion | 2578 RR #3 Maryvale | tapel | MATERIAL | GROSS | 26,100 | TARE | 10'300 | NET | 15.800 | 0355 | WHITE-CUSTOMER COPY | RECEIVED BY | CANARY-TRUCKER'S COPY | PINK-OFFICE COPY
2026-07-13 01:40:37,218 | INFO | office_ticket_backend.ocr | google_vision_request_success image=20260713_044035_082029_Ticket example 1.jpg avg_conf=0.93 ticket_id=0355 date= sold_to=Keith Obnion plate=59-39717 trucker=
2026-07-13 01:40:37,219 | INFO | office_ticket_backend.ocr | ocr_extract_provider_selected image=E:\Projects\Nova Construction Ticket App\Early Prototype\data\uploads\20260713_044035_082029_Ticket example 1.jpg provider=google_vision confidence=0.93
2026-07-13 01:40:37,220 | INFO | office_ticket_backend.app | upload_processed file=Ticket example 1.jpg provider=google_vision confidence=0.93 ticket_id=0355
2026-07-13 01:40:37,226 | INFO | office_ticket_backend.app | ticket_inserted ticket_id=0355 provider=google_vision confidence=0.93 image=E:\Projects\Nova Construction Ticket App\Early Prototype\data\uploads\20260713_044035_082029_Ticket example 1.jpg
2026-07-13 01:40:37,227 | INFO | office_ticket_backend.app | upload_saved file=Ticket example 2.jpg size_bytes=131724 path=E:\Projects\Nova Construction Ticket App\Early Prototype\data\uploads\20260713_044037_226086_Ticket example 2.jpg
2026-07-13 01:40:37,227 | INFO | office_ticket_backend.ocr | ocr_extract_start image=E:\Projects\Nova Construction Ticket App\Early Prototype\data\uploads\20260713_044037_226086_Ticket example 2.jpg provider_env=google_vision
2026-07-13 01:40:37,228 | INFO | office_ticket_backend.ocr | google_vision_request_start image=E:\Projects\Nova Construction Ticket App\Early Prototype\data\uploads\20260713_044037_226086_Ticket example 2.jpg
2026-07-13 01:40:38,796 | INFO | office_ticket_backend.ocr | google_vision_raw_text image=20260713_044037_226086_Ticket example 2.jpg chars=353 first_800=DATE | NOVA CONSTRUCTION COMPANY LT | P.O. Box 1328 | Antigonish, NS | B2G 2L7 | Phone: 902-245-6386 Fax: 902-245-5132 | May 13/26 | LICENSE PLATE | JOB NO. | LONG POINT QUARRY | TRUCKER | SOLD TO/ | CHARGED TO | DELIVER TO | MATERIAL | Gerry fulton | Long Point Rd.. | Type 1 | GROSS 25,000 | TARE | NET | 9800 | 15,200 | 07173 | WHITE CUSTOMER COPY | RECEIVED BY | CANARY TRUCKER'S COPY | PINK-OFFICE COPY
2026-07-13 01:40:38,803 | INFO | office_ticket_backend.ocr | google_vision_request_success image=20260713_044037_226086_Ticket example 2.jpg avg_conf=0.93 ticket_id=07173 date=2026-05-13 sold_to=Gerry fulton plate= trucker=
2026-07-13 01:40:38,804 | INFO | office_ticket_backend.ocr | ocr_extract_provider_selected image=E:\Projects\Nova Construction Ticket App\Early Prototype\data\uploads\20260713_044037_226086_Ticket example 2.jpg provider=google_vision confidence=0.93
2026-07-13 01:40:38,805 | INFO | office_ticket_backend.app | upload_processed file=Ticket example 2.jpg provider=google_vision confidence=0.93 ticket_id=07173
2026-07-13 01:40:38,811 | INFO | office_ticket_backend.app | ticket_inserted ticket_id=07173 provider=google_vision confidence=0.93 image=E:\Projects\Nova Construction Ticket App\Early Prototype\data\uploads\20260713_044037_226086_Ticket example 2.jpg
2026-07-13 01:46:34,684 | INFO | office_ticket_backend.ocr | ocr_extract_start image=E:\Projects\Nova Construction Ticket App\Pre-work\Info provided\Images\Ticket example 1.jpg provider_env=google_vision
2026-07-13 01:46:35,168 | INFO | office_ticket_backend.ocr | google_vision_request_start image=E:\Projects\Nova Construction Ticket App\Pre-work\Info provided\Images\Ticket example 1.jpg
2026-07-13 01:46:37,446 | INFO | office_ticket_backend.ocr | google_vision_raw_text image=Ticket example 1.jpg chars=372 first_800=NOVA CONSTRUCTION COMPANY LTD | P.O. Box 1328 | Antigonish, NS | B2G 2L7 | Phone: 902-245-6386 Fax: 902-245-5132 | DATE | May 20126 | LICENSE PLATE | TRUCKER | SOLD TO/ | CHARGED TO | DELIVER TO | JOB NO. | PLEASANT VALLEY QUARRY | 59-39717 | Keith Obnion | 2578 RR #3 Maryvale | tapel | MATERIAL | GROSS | 26,100 | TARE | 10'300 | NET | 15.800 | 0355 | WHITE-CUSTOMER COPY | RECEIVED BY | CANARY-TRUCKER'S COPY | PINK-OFFICE COPY
2026-07-13 01:46:37,455 | INFO | office_ticket_backend.ocr | google_vision_request_success image=Ticket example 1.jpg avg_conf=0.93 ticket_id=0355 date=2026-05-20 sold_to=Keith Obnion plate=59-39717 trucker=
2026-07-13 01:46:37,456 | INFO | office_ticket_backend.ocr | ocr_extract_provider_selected image=E:\Projects\Nova Construction Ticket App\Pre-work\Info provided\Images\Ticket example 1.jpg provider=google_vision confidence=0.93
2026-07-13 01:46:37,458 | INFO | office_ticket_backend.ocr | ocr_extract_start image=E:\Projects\Nova Construction Ticket App\Pre-work\Info provided\Images\Ticket example 2.jpg provider_env=google_vision
2026-07-13 01:46:37,459 | INFO | office_ticket_backend.ocr | google_vision_request_start image=E:\Projects\Nova Construction Ticket App\Pre-work\Info provided\Images\Ticket example 2.jpg
2026-07-13 01:46:38,946 | INFO | office_ticket_backend.ocr | google_vision_raw_text image=Ticket example 2.jpg chars=353 first_800=DATE | NOVA CONSTRUCTION COMPANY LT | P.O. Box 1328 | Antigonish, NS | B2G 2L7 | Phone: 902-245-6386 Fax: 902-245-5132 | May 13/26 | LICENSE PLATE | JOB NO. | LONG POINT QUARRY | TRUCKER | SOLD TO/ | CHARGED TO | DELIVER TO | MATERIAL | Gerry fulton | Long Point Rd.. | Type 1 | GROSS 25,000 | TARE | NET | 9800 | 15,200 | 07173 | WHITE CUSTOMER COPY | RECEIVED BY | CANARY TRUCKER'S COPY | PINK-OFFICE COPY
2026-07-13 01:46:38,954 | INFO | office_ticket_backend.ocr | google_vision_request_success image=Ticket example 2.jpg avg_conf=0.93 ticket_id=07173 date=2026-05-13 sold_to=Gerry fulton plate= trucker=
2026-07-13 01:46:38,955 | INFO | office_ticket_backend.ocr | ocr_extract_provider_selected image=E:\Projects\Nova Construction Ticket App\Pre-work\Info provided\Images\Ticket example 2.jpg provider=google_vision confidence=0.93
2026-07-13 01:47:31,685 | INFO | office_ticket_backend.ocr | ocr_extract_start image=E:\Projects\Nova Construction Ticket App\Pre-work\Info provided\Images\Ticket example 1.jpg provider_env=google_vision
2026-07-13 01:47:32,179 | INFO | office_ticket_backend.ocr | google_vision_request_start image=E:\Projects\Nova Construction Ticket App\Pre-work\Info provided\Images\Ticket example 1.jpg
2026-07-13 01:47:34,396 | INFO | office_ticket_backend.ocr | google_vision_raw_text image=Ticket example 1.jpg chars=372 first_800=NOVA CONSTRUCTION COMPANY LTD | P.O. Box 1328 | Antigonish, NS | B2G 2L7 | Phone: 902-245-6386 Fax: 902-245-5132 | DATE | May 20126 | LICENSE PLATE | TRUCKER | SOLD TO/ | CHARGED TO | DELIVER TO | JOB NO. | PLEASANT VALLEY QUARRY | 59-39717 | Keith Obnion | 2578 RR #3 Maryvale | tapel | MATERIAL | GROSS | 26,100 | TARE | 10'300 | NET | 15.800 | 0355 | WHITE-CUSTOMER COPY | RECEIVED BY | CANARY-TRUCKER'S COPY | PINK-OFFICE COPY
2026-07-13 01:47:34,406 | INFO | office_ticket_backend.ocr | google_vision_request_success image=Ticket example 1.jpg avg_conf=0.93 ticket_id=0355 date=2026-05-20 sold_to=Keith Obnion plate=59-39717 trucker=
2026-07-13 01:47:34,407 | INFO | office_ticket_backend.ocr | ocr_extract_provider_selected image=E:\Projects\Nova Construction Ticket App\Pre-work\Info provided\Images\Ticket example 1.jpg provider=google_vision confidence=0.93
2026-07-13 01:47:34,408 | INFO | office_ticket_backend.ocr | ocr_extract_start image=E:\Projects\Nova Construction Ticket App\Pre-work\Info provided\Images\Ticket example 2.jpg provider_env=google_vision
2026-07-13 01:47:34,409 | INFO | office_ticket_backend.ocr | google_vision_request_start image=E:\Projects\Nova Construction Ticket App\Pre-work\Info provided\Images\Ticket example 2.jpg
2026-07-13 01:47:35,926 | INFO | office_ticket_backend.ocr | google_vision_raw_text image=Ticket example 2.jpg chars=353 first_800=DATE | NOVA CONSTRUCTION COMPANY LT | P.O. Box 1328 | Antigonish, NS | B2G 2L7 | Phone: 902-245-6386 Fax: 902-245-5132 | May 13/26 | LICENSE PLATE | JOB NO. | LONG POINT QUARRY | TRUCKER | SOLD TO/ | CHARGED TO | DELIVER TO | MATERIAL | Gerry fulton | Long Point Rd.. | Type 1 | GROSS 25,000 | TARE | NET | 9800 | 15,200 | 07173 | WHITE CUSTOMER COPY | RECEIVED BY | CANARY TRUCKER'S COPY | PINK-OFFICE COPY
2026-07-13 01:47:35,934 | INFO | office_ticket_backend.ocr | google_vision_request_success image=Ticket example 2.jpg avg_conf=0.93 ticket_id=07173 date=2026-05-13 sold_to=Gerry fulton plate= trucker=
2026-07-13 01:47:35,934 | INFO | office_ticket_backend.ocr | ocr_extract_provider_selected image=E:\Projects\Nova Construction Ticket App\Pre-work\Info provided\Images\Ticket example 2.jpg provider=google_vision confidence=0.93
2026-07-13 01:47:57,060 | INFO | office_ticket_backend.ocr | ocr_extract_start image=E:\Projects\Nova Construction Ticket App\Pre-work\Info provided\Images\Ticket example 1.jpg provider_env=google_vision
2026-07-13 01:47:57,532 | INFO | office_ticket_backend.ocr | google_vision_request_start image=E:\Projects\Nova Construction Ticket App\Pre-work\Info provided\Images\Ticket example 1.jpg
2026-07-13 01:47:59,545 | INFO | office_ticket_backend.ocr | google_vision_raw_text image=Ticket example 1.jpg chars=372 first_800=NOVA CONSTRUCTION COMPANY LTD | P.O. Box 1328 | Antigonish, NS | B2G 2L7 | Phone: 902-245-6386 Fax: 902-245-5132 | DATE | May 20126 | LICENSE PLATE | TRUCKER | SOLD TO/ | CHARGED TO | DELIVER TO | JOB NO. | PLEASANT VALLEY QUARRY | 59-39717 | Keith Obnion | 2578 RR #3 Maryvale | tapel | MATERIAL | GROSS | 26,100 | TARE | 10'300 | NET | 15.800 | 0355 | WHITE-CUSTOMER COPY | RECEIVED BY | CANARY-TRUCKER'S COPY | PINK-OFFICE COPY
2026-07-13 01:47:59,555 | INFO | office_ticket_backend.ocr | google_vision_request_success image=Ticket example 1.jpg avg_conf=0.93 ticket_id=0355 date=2026-05-20 sold_to=Keith Obnion plate=59-39717 trucker=
2026-07-13 01:47:59,556 | INFO | office_ticket_backend.ocr | ocr_extract_provider_selected image=E:\Projects\Nova Construction Ticket App\Pre-work\Info provided\Images\Ticket example 1.jpg provider=google_vision confidence=0.93
2026-07-13 01:47:59,557 | INFO | office_ticket_backend.ocr | ocr_extract_start image=E:\Projects\Nova Construction Ticket App\Pre-work\Info provided\Images\Ticket example 2.jpg provider_env=google_vision
2026-07-13 01:47:59,558 | INFO | office_ticket_backend.ocr | google_vision_request_start image=E:\Projects\Nova Construction Ticket App\Pre-work\Info provided\Images\Ticket example 2.jpg
2026-07-13 01:48:01,054 | INFO | office_ticket_backend.ocr | google_vision_raw_text image=Ticket example 2.jpg chars=353 first_800=DATE | NOVA CONSTRUCTION COMPANY LT | P.O. Box 1328 | Antigonish, NS | B2G 2L7 | Phone: 902-245-6386 Fax: 902-245-5132 | May 13/26 | LICENSE PLATE | JOB NO. | LONG POINT QUARRY | TRUCKER | SOLD TO/ | CHARGED TO | DELIVER TO | MATERIAL | Gerry fulton | Long Point Rd.. | Type 1 | GROSS 25,000 | TARE | NET | 9800 | 15,200 | 07173 | WHITE CUSTOMER COPY | RECEIVED BY | CANARY TRUCKER'S COPY | PINK-OFFICE COPY
2026-07-13 01:48:01,061 | INFO | office_ticket_backend.ocr | google_vision_request_success image=Ticket example 2.jpg avg_conf=0.93 ticket_id=07173 date=2026-05-13 sold_to=Gerry fulton plate= trucker=
2026-07-13 01:48:01,062 | INFO | office_ticket_backend.ocr | ocr_extract_provider_selected image=E:\Projects\Nova Construction Ticket App\Pre-work\Info provided\Images\Ticket example 2.jpg provider=google_vision confidence=0.93
2026-07-13 01:49:02,461 | INFO | office_ticket_backend.app | app_start provider_env=google_vision duplicate_check_enabled=False
2026-07-13 01:49:18,686 | INFO | office_ticket_backend.app | app_start provider_env=google_vision duplicate_check_enabled=False
2026-07-13 01:49:23,165 | INFO | office_ticket_backend.app | app_start provider_env=google_vision duplicate_check_enabled=False
2026-07-13 01:49:24,204 | INFO | office_ticket_backend.app | app_start provider_env=google_vision duplicate_check_enabled=False
2026-07-13 01:49:24,208 | INFO | office_ticket_backend.app | upload_saved file=Ticket example 2.jpg size_bytes=131724 path=E:\Projects\Nova Construction Ticket App\Early Prototype\data\uploads\20260713_044924_207568_Ticket example 2.jpg
2026-07-13 01:49:24,208 | INFO | office_ticket_backend.ocr | ocr_extract_start image=E:\Projects\Nova Construction Ticket App\Early Prototype\data\uploads\20260713_044924_207568_Ticket example 2.jpg provider_env=google_vision
2026-07-13 01:49:24,210 | INFO | office_ticket_backend.ocr | google_vision_request_start image=E:\Projects\Nova Construction Ticket App\Early Prototype\data\uploads\20260713_044924_207568_Ticket example 2.jpg
2026-07-13 01:49:25,717 | INFO | office_ticket_backend.ocr | google_vision_raw_text image=20260713_044924_207568_Ticket example 2.jpg chars=353 first_800=DATE | NOVA CONSTRUCTION COMPANY LT | P.O. Box 1328 | Antigonish, NS | B2G 2L7 | Phone: 902-245-6386 Fax: 902-245-5132 | May 13/26 | LICENSE PLATE | JOB NO. | LONG POINT QUARRY | TRUCKER | SOLD TO/ | CHARGED TO | DELIVER TO | MATERIAL | Gerry fulton | Long Point Rd.. | Type 1 | GROSS 25,000 | TARE | NET | 9800 | 15,200 | 07173 | WHITE CUSTOMER COPY | RECEIVED BY | CANARY TRUCKER'S COPY | PINK-OFFICE COPY
2026-07-13 01:49:25,725 | INFO | office_ticket_backend.ocr | google_vision_request_success image=20260713_044924_207568_Ticket example 2.jpg avg_conf=0.93 ticket_id=07173 date=2026-05-13 sold_to=Gerry fulton plate= trucker=
2026-07-13 01:49:25,726 | INFO | office_ticket_backend.ocr | ocr_extract_provider_selected image=E:\Projects\Nova Construction Ticket App\Early Prototype\data\uploads\20260713_044924_207568_Ticket example 2.jpg provider=google_vision confidence=0.93
2026-07-13 01:49:25,727 | INFO | office_ticket_backend.app | upload_processed file=Ticket example 2.jpg provider=google_vision confidence=0.93 ticket_id=07173
2026-07-13 01:49:25,736 | INFO | office_ticket_backend.app | ticket_inserted ticket_id=07173 provider=google_vision confidence=0.93 image=E:\Projects\Nova Construction Ticket App\Early Prototype\data\uploads\20260713_044924_207568_Ticket example 2.jpg
2026-07-13 01:53:58,354 | INFO | office_ticket_backend.ocr | ocr_extract_start image=E:\Projects\Nova Construction Ticket App\Pre-work\Info provided\Images\Ticket example 1.jpg provider_env=google_vision
2026-07-13 01:53:58,840 | INFO | office_ticket_backend.ocr | google_vision_request_start image=E:\Projects\Nova Construction Ticket App\Pre-work\Info provided\Images\Ticket example 1.jpg
2026-07-13 01:54:01,125 | INFO | office_ticket_backend.ocr | google_vision_raw_text image=Ticket example 1.jpg chars=372 first_800=NOVA CONSTRUCTION COMPANY LTD | P.O. Box 1328 | Antigonish, NS | B2G 2L7 | Phone: 902-245-6386 Fax: 902-245-5132 | DATE | May 20126 | LICENSE PLATE | TRUCKER | SOLD TO/ | CHARGED TO | DELIVER TO | JOB NO. | PLEASANT VALLEY QUARRY | 59-39717 | Keith Obnion | 2578 RR #3 Maryvale | tapel | MATERIAL | GROSS | 26,100 | TARE | 10'300 | NET | 15.800 | 0355 | WHITE-CUSTOMER COPY | RECEIVED BY | CANARY-TRUCKER'S COPY | PINK-OFFICE COPY
2026-07-13 01:54:01,135 | INFO | office_ticket_backend.ocr | google_vision_request_success image=Ticket example 1.jpg avg_conf=0.93 ticket_id=0355 date=2026-05-20 sold_to=Keith Obnion plate=59-39717 trucker=
2026-07-13 01:54:01,135 | INFO | office_ticket_backend.ocr | ocr_extract_provider_selected image=E:\Projects\Nova Construction Ticket App\Pre-work\Info provided\Images\Ticket example 1.jpg provider=google_vision confidence=0.93
2026-07-13 01:54:01,137 | INFO | office_ticket_backend.ocr | ocr_extract_start image=E:\Projects\Nova Construction Ticket App\Pre-work\Info provided\Images\Ticket example 2.jpg provider_env=google_vision
2026-07-13 01:54:01,137 | INFO | office_ticket_backend.ocr | google_vision_request_start image=E:\Projects\Nova Construction Ticket App\Pre-work\Info provided\Images\Ticket example 2.jpg
2026-07-13 01:54:02,642 | INFO | office_ticket_backend.ocr | google_vision_raw_text image=Ticket example 2.jpg chars=353 first_800=DATE | NOVA CONSTRUCTION COMPANY LT | P.O. Box 1328 | Antigonish, NS | B2G 2L7 | Phone: 902-245-6386 Fax: 902-245-5132 | May 13/26 | LICENSE PLATE | JOB NO. | LONG POINT QUARRY | TRUCKER | SOLD TO/ | CHARGED TO | DELIVER TO | MATERIAL | Gerry fulton | Long Point Rd.. | Type 1 | GROSS 25,000 | TARE | NET | 9800 | 15,200 | 07173 | WHITE CUSTOMER COPY | RECEIVED BY | CANARY TRUCKER'S COPY | PINK-OFFICE COPY
2026-07-13 01:54:02,649 | INFO | office_ticket_backend.ocr | google_vision_request_success image=Ticket example 2.jpg avg_conf=0.93 ticket_id=07173 date=2026-05-13 sold_to=Gerry fulton plate= trucker=
2026-07-13 01:54:02,650 | INFO | office_ticket_backend.ocr | ocr_extract_provider_selected image=E:\Projects\Nova Construction Ticket App\Pre-work\Info provided\Images\Ticket example 2.jpg provider=google_vision confidence=0.93
2026-07-13 02:01:48,945 | INFO | office_ticket_backend.app | app_start provider_env=google_vision duplicate_check_enabled=False
2026-07-13 02:01:48,946 | INFO | office_ticket_backend.app | app_start provider_env=google_vision duplicate_check_enabled=False
2026-07-13 02:01:48,954 | INFO | office_ticket_backend.app | app_start provider_env=google_vision duplicate_check_enabled=False
2026-07-13 02:01:53,719 | INFO | office_ticket_backend.app | app_start provider_env=google_vision duplicate_check_enabled=False
2026-07-13 02:01:53,756 | INFO | office_ticket_backend.app | app_start provider_env=google_vision duplicate_check_enabled=False
2026-07-13 02:02:00,447 | INFO | office_ticket_backend.app | app_start provider_env=google_vision duplicate_check_enabled=False
2026-07-13 02:09:14,016 | INFO | office_ticket_backend.app | app_start provider_env=google_vision duplicate_check_enabled=False
2026-07-13 02:09:14,021 | INFO | office_ticket_backend.app | app_start provider_env=google_vision duplicate_check_enabled=False
2026-07-13 02:13:58,671 | INFO | office_ticket_backend.app | app_start provider_env=google_vision duplicate_check_enabled=False
2026-07-13 02:14:03,087 | INFO | office_ticket_backend.app | app_start provider_env=google_vision duplicate_check_enabled=False
2026-07-13 02:19:20,903 | INFO | office_ticket_backend.app | app_start provider_env=google_vision duplicate_check_enabled=False
2026-07-13 02:20:08,946 | INFO | office_ticket_backend.ocr | ocr_extract_start image=E:\Projects\Nova Construction Ticket App\Pre-work\Info provided\Images\Ticket example 1.jpg provider_env=google_vision
2026-07-13 02:20:12,983 | INFO | office_ticket_backend.ocr | google_vision_request_start image=E:\Projects\Nova Construction Ticket App\Pre-work\Info provided\Images\Ticket example 1.jpg
2026-07-13 02:20:15,335 | INFO | office_ticket_backend.ocr | google_vision_raw_text image=Ticket example 1.jpg chars=372 first_800=NOVA CONSTRUCTION COMPANY LTD | P.O. Box 1328 | Antigonish, NS | B2G 2L7 | Phone: 902-245-6386 Fax: 902-245-5132 | DATE | May 20126 | LICENSE PLATE | TRUCKER | SOLD TO/ | CHARGED TO | DELIVER TO | JOB NO. | PLEASANT VALLEY QUARRY | 59-39717 | Keith Obnion | 2578 RR #3 Maryvale | tapel | MATERIAL | GROSS | 26,100 | TARE | 10'300 | NET | 15.800 | 0355 | WHITE-CUSTOMER COPY | RECEIVED BY | CANARY-TRUCKER'S COPY | PINK-OFFICE COPY
2026-07-13 02:20:15,344 | INFO | office_ticket_backend.ocr | google_vision_request_success image=Ticket example 1.jpg avg_conf=0.93 ticket_id=0355 date=2026-05-20 sold_to=Keith Obnion plate=59-39717 trucker=
2026-07-13 02:20:15,345 | INFO | office_ticket_backend.ocr | ocr_extract_provider_selected image=E:\Projects\Nova Construction Ticket App\Pre-work\Info provided\Images\Ticket example 1.jpg provider=google_vision confidence=0.93
2026-07-13 02:20:15,347 | INFO | office_ticket_backend.ocr | ocr_extract_start image=E:\Projects\Nova Construction Ticket App\Pre-work\Info provided\Images\Ticket example 2.jpg provider_env=google_vision
2026-07-13 02:20:15,347 | INFO | office_ticket_backend.ocr | google_vision_request_start image=E:\Projects\Nova Construction Ticket App\Pre-work\Info provided\Images\Ticket example 2.jpg
2026-07-13 02:20:16,909 | INFO | office_ticket_backend.ocr | google_vision_raw_text image=Ticket example 2.jpg chars=353 first_800=DATE | NOVA CONSTRUCTION COMPANY LT | P.O. Box 1328 | Antigonish, NS | B2G 2L7 | Phone: 902-245-6386 Fax: 902-245-5132 | May 13/26 | LICENSE PLATE | JOB NO. | LONG POINT QUARRY | TRUCKER | SOLD TO/ | CHARGED TO | DELIVER TO | MATERIAL | Gerry fulton | Long Point Rd.. | Type 1 | GROSS 25,000 | TARE | NET | 9800 | 15,200 | 07173 | WHITE CUSTOMER COPY | RECEIVED BY | CANARY TRUCKER'S COPY | PINK-OFFICE COPY
2026-07-13 02:20:16,917 | INFO | office_ticket_backend.ocr | google_vision_request_success image=Ticket example 2.jpg avg_conf=0.93 ticket_id=07173 date=2026-05-13 sold_to=Gerry fulton plate= trucker=
2026-07-13 02:20:16,918 | INFO | office_ticket_backend.ocr | ocr_extract_provider_selected image=E:\Projects\Nova Construction Ticket App\Pre-work\Info provided\Images\Ticket example 2.jpg provider=google_vision confidence=0.93
2026-07-13 02:20:35,405 | INFO | office_ticket_backend.app | app_start provider_env=google_vision duplicate_check_enabled=False
2026-07-13 02:21:22,574 | INFO | office_ticket_backend.test | smoke_test OK
2026-07-13 02:24:07,052 | INFO | office_ticket_backend.app | app_start provider_env=google_vision duplicate_check_enabled=False
2026-07-13 02:27:23,333 | INFO | office_ticket_backend.ocr | pytesseract_request_start image=E:\Projects\Nova Construction Ticket App\Pre-work\Info provided\Images\Ticket example 1.jpg
2026-07-13 02:27:24,970 | INFO | office_ticket_backend.ocr | pytesseract_request_success image=E:\Projects\Nova Construction Ticket App\Pre-work\Info provided\Images\Ticket example 1.jpg conf=0.56
2026-07-13 02:27:24,971 | INFO | office_ticket_backend.ocr | ocr_extract_start image=E:\Projects\Nova Construction Ticket App\Pre-work\Info provided\Images\Ticket example 2.jpg provider_env=google_vision
2026-07-13 02:27:25,469 | INFO | office_ticket_backend.ocr | google_vision_request_start image=E:\Projects\Nova Construction Ticket App\Pre-work\Info provided\Images\Ticket example 2.jpg
2026-07-13 02:27:27,231 | INFO | office_ticket_backend.ocr | google_vision_raw_text image=Ticket example 2.jpg chars=353 first_800=DATE | NOVA CONSTRUCTION COMPANY LT | P.O. Box 1328 | Antigonish, NS | B2G 2L7 | Phone: 902-245-6386 Fax: 902-245-5132 | May 13/26 | LICENSE PLATE | JOB NO. | LONG POINT QUARRY | TRUCKER | SOLD TO/ | CHARGED TO | DELIVER TO | MATERIAL | Gerry fulton | Long Point Rd.. | Type 1 | GROSS 25,000 | TARE | NET | 9800 | 15,200 | 07173 | WHITE CUSTOMER COPY | RECEIVED BY | CANARY TRUCKER'S COPY | PINK-OFFICE COPY
2026-07-13 02:27:27,239 | INFO | office_ticket_backend.ocr | google_vision_request_success image=Ticket example 2.jpg avg_conf=0.93 ticket_id=07173 date=2026-05-13 sold_to=Gerry fulton plate= trucker=
2026-07-13 02:27:27,240 | INFO | office_ticket_backend.ocr | ocr_extract_provider_selected image=E:\Projects\Nova Construction Ticket App\Pre-work\Info provided\Images\Ticket example 2.jpg provider=google_vision confidence=0.93
2026-07-13 02:27:41,113 | INFO | office_ticket_backend.ocr | pytesseract_request_start image=E:\Projects\Nova Construction Ticket App\Pre-work\Info provided\Images\Ticket example 1.jpg
2026-07-13 02:27:42,558 | INFO | office_ticket_backend.ocr | pytesseract_request_success image=E:\Projects\Nova Construction Ticket App\Pre-work\Info provided\Images\Ticket example 1.jpg conf=0.56
2026-07-13 02:27:42,559 | INFO | office_ticket_backend.ocr | ocr_extract_start image=E:\Projects\Nova Construction Ticket App\Pre-work\Info provided\Images\Ticket example 2.jpg provider_env=google_vision
2026-07-13 02:27:43,006 | INFO | office_ticket_backend.ocr | google_vision_request_start image=E:\Projects\Nova Construction Ticket App\Pre-work\Info provided\Images\Ticket example 2.jpg
2026-07-13 02:27:44,636 | INFO | office_ticket_backend.ocr | google_vision_raw_text image=Ticket example 2.jpg chars=353 first_800=DATE | NOVA CONSTRUCTION COMPANY LT | P.O. Box 1328 | Antigonish, NS | B2G 2L7 | Phone: 902-245-6386 Fax: 902-245-5132 | May 13/26 | LICENSE PLATE | JOB NO. | LONG POINT QUARRY | TRUCKER | SOLD TO/ | CHARGED TO | DELIVER TO | MATERIAL | Gerry fulton | Long Point Rd.. | Type 1 | GROSS 25,000 | TARE | NET | 9800 | 15,200 | 07173 | WHITE CUSTOMER COPY | RECEIVED BY | CANARY TRUCKER'S COPY | PINK-OFFICE COPY
2026-07-13 02:27:44,644 | INFO | office_ticket_backend.ocr | google_vision_request_success image=Ticket example 2.jpg avg_conf=0.93 ticket_id=07173 date=2026-05-13 sold_to=Gerry fulton plate= trucker=
2026-07-13 02:27:44,644 | INFO | office_ticket_backend.ocr | ocr_extract_provider_selected image=E:\Projects\Nova Construction Ticket App\Pre-work\Info provided\Images\Ticket example 2.jpg provider=google_vision confidence=0.93
2026-07-13 02:32:33,350 | INFO | office_ticket_backend.app | app_start provider_env=google_vision duplicate_check_enabled=False
2026-07-13 14:38:20,300 | INFO | office_ticket_backend.app | app_start provider_env=google_vision duplicate_check_enabled=True
2026-07-13 14:38:26,949 | INFO | office_ticket_backend.app | app_start provider_env=google_vision duplicate_check_enabled=True
2026-07-13 14:38:41,060 | INFO | office_ticket_backend.app | app_start provider_env=google_vision duplicate_check_enabled=True
2026-07-13 14:38:43,622 | INFO | office_ticket_backend.app | app_start provider_env=google_vision duplicate_check_enabled=True
2026-07-13 14:38:43,628 | INFO | office_ticket_backend.app | upload_saved file=Ticket example 1.jpg size_bytes=624183 path=E:\Projects\Nova Construction Ticket App\Early Prototype\data\uploads\20260713_173843_626582_Ticket example 1.jpg
2026-07-13 14:38:43,629 | INFO | office_ticket_backend.ocr | ocr_extract_start image=E:\Projects\Nova Construction Ticket App\Early Prototype\data\uploads\20260713_173843_626582_Ticket example 1.jpg provider_env=google_vision
2026-07-13 14:38:45,009 | INFO | office_ticket_backend.ocr | google_vision_request_start image=E:\Projects\Nova Construction Ticket App\Early Prototype\data\uploads\20260713_173843_626582_Ticket example 1.jpg
2026-07-13 14:38:48,963 | INFO | office_ticket_backend.ocr | google_vision_raw_text image=20260713_173843_626582_Ticket example 1.jpg chars=372 first_800=NOVA CONSTRUCTION COMPANY LTD | P.O. Box 1328 | Antigonish, NS | B2G 2L7 | Phone: 902-245-6386 Fax: 902-245-5132 | DATE | May 20126 | LICENSE PLATE | TRUCKER | SOLD TO/ | CHARGED TO | DELIVER TO | JOB NO. | PLEASANT VALLEY QUARRY | 59-39717 | Keith Obnion | 2578 RR #3 Maryvale | tapel | MATERIAL | GROSS | 26,100 | TARE | 10'300 | NET | 15.800 | 0355 | WHITE-CUSTOMER COPY | RECEIVED BY | CANARY-TRUCKER'S COPY | PINK-OFFICE COPY
2026-07-13 14:38:48,975 | INFO | office_ticket_backend.ocr | google_vision_request_success image=20260713_173843_626582_Ticket example 1.jpg avg_conf=0.93 ticket_id=0355 date=2026-05-20 sold_to=Keith Obnion plate=59-39717 trucker=
2026-07-13 14:38:48,976 | INFO | office_ticket_backend.ocr | ocr_extract_provider_selected image=E:\Projects\Nova Construction Ticket App\Early Prototype\data\uploads\20260713_173843_626582_Ticket example 1.jpg provider=google_vision confidence=0.93
2026-07-13 14:38:48,980 | INFO | office_ticket_backend.app | upload_processed file=Ticket example 1.jpg provider=google_vision confidence=0.93 ticket_id=0355
2026-07-13 14:38:48,986 | INFO | office_ticket_backend.app | ticket_inserted ticket_id=0355 provider=google_vision confidence=0.93 image=E:\Projects\Nova Construction Ticket App\Early Prototype\data\uploads\20260713_173843_626582_Ticket example 1.jpg
2026-07-13 14:42:23,844 | INFO | office_ticket_backend.app | app_start provider_env=google_vision duplicate_check_enabled=True
2026-07-13 14:42:25,012 | INFO | office_ticket_backend.app | app_start provider_env=google_vision duplicate_check_enabled=True
2026-07-13 14:42:25,018 | INFO | office_ticket_backend.app | upload_saved file=Ticket example 1.jpg size_bytes=624183 path=E:\Projects\Nova Construction Ticket App\Early Prototype\data\uploads\20260713_174225_017119_Ticket example 1.jpg
2026-07-13 14:42:25,019 | INFO | office_ticket_backend.ocr | ocr_extract_start image=E:\Projects\Nova Construction Ticket App\Early Prototype\data\uploads\20260713_174225_017119_Ticket example 1.jpg provider_env=google_vision
2026-07-13 14:42:25,019 | INFO | office_ticket_backend.ocr | google_vision_request_start image=E:\Projects\Nova Construction Ticket App\Early Prototype\data\uploads\20260713_174225_017119_Ticket example 1.jpg
2026-07-13 14:42:27,143 | INFO | office_ticket_backend.ocr | google_vision_raw_text image=20260713_174225_017119_Ticket example 1.jpg chars=372 first_800=NOVA CONSTRUCTION COMPANY LTD | P.O. Box 1328 | Antigonish, NS | B2G 2L7 | Phone: 902-245-6386 Fax: 902-245-5132 | DATE | May 20126 | LICENSE PLATE | TRUCKER | SOLD TO/ | CHARGED TO | DELIVER TO | JOB NO. | PLEASANT VALLEY QUARRY | 59-39717 | Keith Obnion | 2578 RR #3 Maryvale | tapel | MATERIAL | GROSS | 26,100 | TARE | 10'300 | NET | 15.800 | 0355 | WHITE-CUSTOMER COPY | RECEIVED BY | CANARY-TRUCKER'S COPY | PINK-OFFICE COPY
2026-07-13 14:42:27,154 | INFO | office_ticket_backend.ocr | google_vision_request_success image=20260713_174225_017119_Ticket example 1.jpg avg_conf=0.93 ticket_id=0355 date=2026-05-20 sold_to=Keith Obnion plate=59-39717 trucker=
2026-07-13 14:42:27,155 | INFO | office_ticket_backend.ocr | ocr_extract_provider_selected image=E:\Projects\Nova Construction Ticket App\Early Prototype\data\uploads\20260713_174225_017119_Ticket example 1.jpg provider=google_vision confidence=0.93
2026-07-13 14:42:27,157 | INFO | office_ticket_backend.app | upload_processed file=Ticket example 1.jpg provider=google_vision confidence=0.93 ticket_id=0355
2026-07-13 14:42:27,167 | INFO | office_ticket_backend.app | ticket_inserted ticket_id=0355 provider=google_vision confidence=0.93 image=E:\Projects\Nova Construction Ticket App\Early Prototype\data\uploads\20260713_174225_017119_Ticket example 1.jpg
2026-07-13 14:42:27,169 | INFO | office_ticket_backend.app | upload_saved file=Ticket example 2.jpg size_bytes=131724 path=E:\Projects\Nova Construction Ticket App\Early Prototype\data\uploads\20260713_174227_168256_Ticket example 2.jpg
2026-07-13 14:42:27,169 | INFO | office_ticket_backend.ocr | ocr_extract_start image=E:\Projects\Nova Construction Ticket App\Early Prototype\data\uploads\20260713_174227_168256_Ticket example 2.jpg provider_env=google_vision
2026-07-13 14:42:27,169 | INFO | office_ticket_backend.ocr | google_vision_request_start image=E:\Projects\Nova Construction Ticket App\Early Prototype\data\uploads\20260713_174227_168256_Ticket example 2.jpg
2026-07-13 14:42:28,748 | INFO | office_ticket_backend.ocr | google_vision_raw_text image=20260713_174227_168256_Ticket example 2.jpg chars=353 first_800=DATE | NOVA CONSTRUCTION COMPANY LT | P.O. Box 1328 | Antigonish, NS | B2G 2L7 | Phone: 902-245-6386 Fax: 902-245-5132 | May 13/26 | LICENSE PLATE | JOB NO. | LONG POINT QUARRY | TRUCKER | SOLD TO/ | CHARGED TO | DELIVER TO | MATERIAL | Gerry fulton | Long Point Rd.. | Type 1 | GROSS 25,000 | TARE | NET | 9800 | 15,200 | 07173 | WHITE CUSTOMER COPY | RECEIVED BY | CANARY TRUCKER'S COPY | PINK-OFFICE COPY
2026-07-13 14:42:28,756 | INFO | office_ticket_backend.ocr | google_vision_request_success image=20260713_174227_168256_Ticket example 2.jpg avg_conf=0.93 ticket_id=07173 date=2026-05-13 sold_to=Gerry fulton plate= trucker=
2026-07-13 14:42:28,757 | INFO | office_ticket_backend.ocr | ocr_extract_provider_selected image=E:\Projects\Nova Construction Ticket App\Early Prototype\data\uploads\20260713_174227_168256_Ticket example 2.jpg provider=google_vision confidence=0.93
2026-07-13 14:42:28,759 | INFO | office_ticket_backend.app | upload_processed file=Ticket example 2.jpg provider=google_vision confidence=0.93 ticket_id=07173
2026-07-13 14:42:28,769 | INFO | office_ticket_backend.app | ticket_inserted ticket_id=07173 provider=google_vision confidence=0.93 image=E:\Projects\Nova Construction Ticket App\Early Prototype\data\uploads\20260713_174227_168256_Ticket example 2.jpg
2026-07-13 15:21:39,937 | INFO | office_ticket_backend.app | app_start provider_env=google_vision duplicate_check_enabled=True
2026-07-13 20:37:48,115 | INFO | office_ticket_backend.app | app_start provider_env=google_vision duplicate_check_enabled=True
2026-07-13 20:38:58,380 | INFO | office_ticket_backend.app | app_start provider_env=google_vision duplicate_check_enabled=True
2026-07-13 20:39:01,298 | INFO | office_ticket_backend.app | app_start provider_env=google_vision duplicate_check_enabled=True
2026-07-13 20:39:05,670 | INFO | office_ticket_backend.app | app_start provider_env=google_vision duplicate_check_enabled=True
2026-07-13 20:41:03,298 | INFO | office_ticket_backend.app | app_start provider_env=google_vision duplicate_check_enabled=True
2026-07-13 20:41:08,432 | INFO | office_ticket_backend.app | app_start provider_env=google_vision duplicate_check_enabled=True
2026-07-13 20:41:09,218 | INFO | office_ticket_backend.app | app_start provider_env=google_vision duplicate_check_enabled=True
2026-07-13 20:41:09,225 | INFO | office_ticket_backend.app | upload_saved file=Ticket example 1.jpg size_bytes=624183 path=E:\Projects\Nova Construction Ticket App\Early Prototype\data\uploads\20260713_234109_224141_Ticket example 1.jpg
2026-07-13 20:41:09,226 | INFO | office_ticket_backend.ocr | ocr_extract_start image=E:\Projects\Nova Construction Ticket App\Early Prototype\data\uploads\20260713_234109_224141_Ticket example 1.jpg provider_env=google_vision
2026-07-13 20:41:09,534 | INFO | office_ticket_backend.ocr | google_vision_request_start image=E:\Projects\Nova Construction Ticket App\Early Prototype\data\uploads\20260713_234109_224141_Ticket example 1.jpg
2026-07-13 20:41:11,907 | INFO | office_ticket_backend.ocr | google_vision_raw_text image=20260713_234109_224141_Ticket example 1.jpg chars=372 first_800=NOVA CONSTRUCTION COMPANY LTD | P.O. Box 1328 | Antigonish, NS | B2G 2L7 | Phone: 902-245-6386 Fax: 902-245-5132 | DATE | May 20126 | LICENSE PLATE | TRUCKER | SOLD TO/ | CHARGED TO | DELIVER TO | JOB NO. | PLEASANT VALLEY QUARRY | 59-39717 | Keith Obnion | 2578 RR #3 Maryvale | tapel | MATERIAL | GROSS | 26,100 | TARE | 10'300 | NET | 15.800 | 0355 | WHITE-CUSTOMER COPY | RECEIVED BY | CANARY-TRUCKER'S COPY | PINK-OFFICE COPY
2026-07-13 20:41:11,917 | INFO | office_ticket_backend.ocr | google_vision_request_success image=20260713_234109_224141_Ticket example 1.jpg avg_conf=0.93 ticket_id=0355 date=2026-05-20 sold_to=Keith Obnion plate=59-39717 trucker=
2026-07-13 20:41:11,918 | INFO | office_ticket_backend.ocr | ocr_extract_provider_selected image=E:\Projects\Nova Construction Ticket App\Early Prototype\data\uploads\20260713_234109_224141_Ticket example 1.jpg provider=google_vision confidence=0.93
2026-07-13 20:41:11,919 | INFO | office_ticket_backend.app | upload_processed file=Ticket example 1.jpg provider=google_vision confidence=0.93 ticket_id=0355
2026-07-13 20:41:11,925 | INFO | office_ticket_backend.app | ticket_inserted ticket_id=0355 provider=google_vision confidence=0.93 image=E:\Projects\Nova Construction Ticket App\Early Prototype\data\uploads\20260713_234109_224141_Ticket example 1.jpg
2026-07-13 20:41:11,926 | INFO | office_ticket_backend.app | upload_saved file=Ticket example 2.jpg size_bytes=131724 path=E:\Projects\Nova Construction Ticket App\Early Prototype\data\uploads\20260713_234111_925901_Ticket example 2.jpg
2026-07-13 20:41:11,926 | INFO | office_ticket_backend.ocr | ocr_extract_start image=E:\Projects\Nova Construction Ticket App\Early Prototype\data\uploads\20260713_234111_925901_Ticket example 2.jpg provider_env=google_vision
2026-07-13 20:41:11,927 | INFO | office_ticket_backend.ocr | google_vision_request_start image=E:\Projects\Nova Construction Ticket App\Early Prototype\data\uploads\20260713_234111_925901_Ticket example 2.jpg
2026-07-13 20:41:13,397 | INFO | office_ticket_backend.ocr | google_vision_raw_text image=20260713_234111_925901_Ticket example 2.jpg chars=353 first_800=DATE | NOVA CONSTRUCTION COMPANY LT | P.O. Box 1328 | Antigonish, NS | B2G 2L7 | Phone: 902-245-6386 Fax: 902-245-5132 | May 13/26 | LICENSE PLATE | JOB NO. | LONG POINT QUARRY | TRUCKER | SOLD TO/ | CHARGED TO | DELIVER TO | MATERIAL | Gerry fulton | Long Point Rd.. | Type 1 | GROSS 25,000 | TARE | NET | 9800 | 15,200 | 07173 | WHITE CUSTOMER COPY | RECEIVED BY | CANARY TRUCKER'S COPY | PINK-OFFICE COPY
2026-07-13 20:41:13,405 | INFO | office_ticket_backend.ocr | google_vision_request_success image=20260713_234111_925901_Ticket example 2.jpg avg_conf=0.93 ticket_id=07173 date=2026-05-13 sold_to=Gerry fulton plate= trucker=
2026-07-13 20:41:13,406 | INFO | office_ticket_backend.ocr | ocr_extract_provider_selected image=E:\Projects\Nova Construction Ticket App\Early Prototype\data\uploads\20260713_234111_925901_Ticket example 2.jpg provider=google_vision confidence=0.93
2026-07-13 20:41:13,408 | INFO | office_ticket_backend.app | upload_processed file=Ticket example 2.jpg provider=google_vision confidence=0.93 ticket_id=07173
2026-07-13 20:41:13,415 | INFO | office_ticket_backend.app | ticket_inserted ticket_id=07173 provider=google_vision confidence=0.93 image=E:\Projects\Nova Construction Ticket App\Early Prototype\data\uploads\20260713_234111_925901_Ticket example 2.jpg
2026-07-13 20:41:24,635 | INFO | office_ticket_backend.app | app_start provider_env=google_vision duplicate_check_enabled=True
2026-07-13 20:41:26,818 | INFO | office_ticket_backend.app | app_start provider_env=google_vision duplicate_check_enabled=True
2026-07-13 20:41:28,142 | INFO | office_ticket_backend.app | app_start provider_env=google_vision duplicate_check_enabled=True
2026-07-13 20:43:09,506 | INFO | office_ticket_backend.app | app_start provider_env=google_vision duplicate_check_enabled=True
2026-07-13 20:43:09,529 | WARNING | office_ticket_backend.app | ticket_approve_blocked_duplicate row_id=41 ticket_id=07173 date=2026-05-13
2026-07-13 20:43:16,348 | INFO | office_ticket_backend.app | app_start provider_env=google_vision duplicate_check_enabled=True
2026-07-13 20:43:32,742 | INFO | office_ticket_backend.app | app_start provider_env=google_vision duplicate_check_enabled=True
2026-07-13 20:43:32,791 | INFO | office_ticket_backend.app | admin_clear_unreviewed deleted=18
2026-07-13 20:43:32,842 | INFO | office_ticket_backend.app | app_start provider_env=google_vision duplicate_check_enabled=True
2026-07-13 20:46:07,716 | INFO | office_ticket_backend.app | app_start provider_env=google_vision duplicate_check_enabled=True
2026-07-13 20:46:07,720 | INFO | office_ticket_backend.app | upload_saved file=Ticket example 1.jpg size_bytes=624183 path=E:\Projects\Nova Construction Ticket App\Early Prototype\data\uploads\20260713_234607_719554_Ticket example 1.jpg
2026-07-13 20:46:07,721 | INFO | office_ticket_backend.ocr | ocr_extract_start image=E:\Projects\Nova Construction Ticket App\Early Prototype\data\uploads\20260713_234607_719554_Ticket example 1.jpg provider_env=google_vision
2026-07-13 20:46:07,722 | INFO | office_ticket_backend.ocr | google_vision_request_start image=E:\Projects\Nova Construction Ticket App\Early Prototype\data\uploads\20260713_234607_719554_Ticket example 1.jpg
2026-07-13 20:46:09,855 | INFO | office_ticket_backend.ocr | google_vision_raw_text image=20260713_234607_719554_Ticket example 1.jpg chars=372 first_800=NOVA CONSTRUCTION COMPANY LTD | P.O. Box 1328 | Antigonish, NS | B2G 2L7 | Phone: 902-245-6386 Fax: 902-245-5132 | DATE | May 20126 | LICENSE PLATE | TRUCKER | SOLD TO/ | CHARGED TO | DELIVER TO | JOB NO. | PLEASANT VALLEY QUARRY | 59-39717 | Keith Obnion | 2578 RR #3 Maryvale | tapel | MATERIAL | GROSS | 26,100 | TARE | 10'300 | NET | 15.800 | 0355 | WHITE-CUSTOMER COPY | RECEIVED BY | CANARY-TRUCKER'S COPY | PINK-OFFICE COPY
2026-07-13 20:46:09,864 | INFO | office_ticket_backend.ocr | google_vision_request_success image=20260713_234607_719554_Ticket example 1.jpg avg_conf=0.93 ticket_id=0355 date=2026-05-20 sold_to=Keith Obnion plate=59-39717 trucker=
2026-07-13 20:46:09,865 | INFO | office_ticket_backend.ocr | ocr_extract_provider_selected image=E:\Projects\Nova Construction Ticket App\Early Prototype\data\uploads\20260713_234607_719554_Ticket example 1.jpg provider=google_vision confidence=0.93
2026-07-13 20:46:09,867 | INFO | office_ticket_backend.app | upload_processed file=Ticket example 1.jpg provider=google_vision confidence=0.93 ticket_id=0355
2026-07-13 20:46:09,876 | INFO | office_ticket_backend.app | ticket_inserted ticket_id=0355 provider=google_vision confidence=0.93 image=E:\Projects\Nova Construction Ticket App\Early Prototype\data\uploads\20260713_234607_719554_Ticket example 1.jpg
2026-07-13 20:46:09,878 | INFO | office_ticket_backend.app | upload_saved file=Ticket example 2.jpg size_bytes=131724 path=E:\Projects\Nova Construction Ticket App\Early Prototype\data\uploads\20260713_234609_878312_Ticket example 2.jpg
2026-07-13 20:46:09,879 | INFO | office_ticket_backend.ocr | ocr_extract_start image=E:\Projects\Nova Construction Ticket App\Early Prototype\data\uploads\20260713_234609_878312_Ticket example 2.jpg provider_env=google_vision
2026-07-13 20:46:09,879 | INFO | office_ticket_backend.ocr | google_vision_request_start image=E:\Projects\Nova Construction Ticket App\Early Prototype\data\uploads\20260713_234609_878312_Ticket example 2.jpg
2026-07-13 20:46:11,424 | INFO | office_ticket_backend.ocr | google_vision_raw_text image=20260713_234609_878312_Ticket example 2.jpg chars=353 first_800=DATE | NOVA CONSTRUCTION COMPANY LT | P.O. Box 1328 | Antigonish, NS | B2G 2L7 | Phone: 902-245-6386 Fax: 902-245-5132 | May 13/26 | LICENSE PLATE | JOB NO. | LONG POINT QUARRY | TRUCKER | SOLD TO/ | CHARGED TO | DELIVER TO | MATERIAL | Gerry fulton | Long Point Rd.. | Type 1 | GROSS 25,000 | TARE | NET | 9800 | 15,200 | 07173 | WHITE CUSTOMER COPY | RECEIVED BY | CANARY TRUCKER'S COPY | PINK-OFFICE COPY
2026-07-13 20:46:11,435 | INFO | office_ticket_backend.ocr | google_vision_request_success image=20260713_234609_878312_Ticket example 2.jpg avg_conf=0.93 ticket_id=07173 date=2026-05-13 sold_to=Gerry fulton plate= trucker=
2026-07-13 20:46:11,436 | INFO | office_ticket_backend.ocr | ocr_extract_provider_selected image=E:\Projects\Nova Construction Ticket App\Early Prototype\data\uploads\20260713_234609_878312_Ticket example 2.jpg provider=google_vision confidence=0.93
2026-07-13 20:46:11,437 | INFO | office_ticket_backend.app | upload_processed file=Ticket example 2.jpg provider=google_vision confidence=0.93 ticket_id=07173
2026-07-13 20:46:11,448 | INFO | office_ticket_backend.app | ticket_inserted ticket_id=07173 provider=google_vision confidence=0.93 image=E:\Projects\Nova Construction Ticket App\Early Prototype\data\uploads\20260713_234609_878312_Ticket example 2.jpg
2026-07-13 20:50:03,829 | INFO | office_ticket_backend.app | app_start provider_env=google_vision duplicate_check_enabled=True
2026-07-13 21:12:11,219 | INFO | office_ticket_backend.app | app_start provider_env=google_vision duplicate_check_enabled=True
2026-07-13 21:14:20,147 | INFO | office_ticket_backend.app | app_start provider_env=google_vision duplicate_check_enabled=True
2026-07-13 21:14:22,836 | INFO | office_ticket_backend.app | app_start provider_env=google_vision duplicate_check_enabled=True
2026-07-13 21:14:30,542 | INFO | office_ticket_backend.app | app_start provider_env=google_vision duplicate_check_enabled=True
2026-07-24 17:13:53,517 | INFO | office_ticket_backend.ocr | pytesseract_request_start image=E:\Projects\Nova Construction Ticket App\Pre-work\Info provided\Images\Ticket example 1.jpg
2026-07-24 17:13:55,448 | INFO | office_ticket_backend.ocr | pytesseract_request_success image=E:\Projects\Nova Construction Ticket App\Pre-work\Info provided\Images\Ticket example 1.jpg conf=0.56
2026-07-24 17:13:55,449 | INFO | office_ticket_backend.ocr | ocr_extract_start image=E:\Projects\Nova Construction Ticket App\Pre-work\Info provided\Images\Ticket example 2.jpg provider_env=google_vision
2026-07-24 17:13:57,344 | INFO | office_ticket_backend.ocr | google_vision_request_start image=E:\Projects\Nova Construction Ticket App\Pre-work\Info provided\Images\Ticket example 2.jpg
2026-07-24 17:14:01,166 | INFO | office_ticket_backend.ocr | google_vision_raw_text image=Ticket example 2.jpg chars=353 first_800=DATE | NOVA CONSTRUCTION COMPANY LT | P.O. Box 1328 | Antigonish, NS | B2G 2L7 | Phone: 902-245-6386 Fax: 902-245-5132 | May 13/26 | LICENSE PLATE | JOB NO. | LONG POINT QUARRY | TRUCKER | SOLD TO/ | CHARGED TO | DELIVER TO | MATERIAL | Gerry fulton | Long Point Rd.. | Type 1 | GROSS 25,000 | TARE | NET | 9800 | 15,200 | 07173 | WHITE CUSTOMER COPY | RECEIVED BY | CANARY TRUCKER'S COPY | PINK-OFFICE COPY
2026-07-24 17:14:01,174 | INFO | office_ticket_backend.ocr | google_vision_request_success image=Ticket example 2.jpg avg_conf=0.93 ticket_id=07173 date=2026-05-13 sold_to=Gerry fulton plate= trucker=
2026-07-24 17:14:01,175 | INFO | office_ticket_backend.ocr | ocr_extract_provider_selected image=E:\Projects\Nova Construction Ticket App\Pre-work\Info provided\Images\Ticket example 2.jpg provider=google_vision confidence=0.93
2026-07-24 17:14:07,626 | INFO | office_ticket_backend.ocr | pytesseract_request_start image=E:\Projects\Nova Construction Ticket App\Pre-work\Info provided\Images\Ticket example 1.jpg
2026-07-24 17:14:09,052 | INFO | office_ticket_backend.ocr | pytesseract_request_success image=E:\Projects\Nova Construction Ticket App\Pre-work\Info provided\Images\Ticket example 1.jpg conf=0.56
2026-07-24 17:14:09,053 | INFO | office_ticket_backend.ocr | ocr_extract_start image=E:\Projects\Nova Construction Ticket App\Pre-work\Info provided\Images\Ticket example 2.jpg provider_env=google_vision
2026-07-24 17:14:09,486 | INFO | office_ticket_backend.ocr | google_vision_request_start image=E:\Projects\Nova Construction Ticket App\Pre-work\Info provided\Images\Ticket example 2.jpg
2026-07-24 17:14:11,058 | INFO | office_ticket_backend.ocr | google_vision_raw_text image=Ticket example 2.jpg chars=353 first_800=DATE | NOVA CONSTRUCTION COMPANY LT | P.O. Box 1328 | Antigonish, NS | B2G 2L7 | Phone: 902-245-6386 Fax: 902-245-5132 | May 13/26 | LICENSE PLATE | JOB NO. | LONG POINT QUARRY | TRUCKER | SOLD TO/ | CHARGED TO | DELIVER TO | MATERIAL | Gerry fulton | Long Point Rd.. | Type 1 | GROSS 25,000 | TARE | NET | 9800 | 15,200 | 07173 | WHITE CUSTOMER COPY | RECEIVED BY | CANARY TRUCKER'S COPY | PINK-OFFICE COPY
2026-07-24 17:14:11,066 | INFO | office_ticket_backend.ocr | google_vision_request_success image=Ticket example 2.jpg avg_conf=0.93 ticket_id=07173 date=2026-05-13 sold_to=Gerry fulton plate= trucker=
2026-07-24 17:14:11,067 | INFO | office_ticket_backend.ocr | ocr_extract_provider_selected image=E:\Projects\Nova Construction Ticket App\Pre-work\Info provided\Images\Ticket example 2.jpg provider=google_vision confidence=0.93
2026-07-24 17:16:43,247 | INFO | office_ticket_backend.ocr | ocr_extract_start image=E:\Projects\Nova Construction Ticket App\data\uploads\Ticket example 1.jpg provider_env=<empty>
2026-07-24 17:16:43,711 | INFO | office_ticket_backend.ocr | pytesseract_request_start image=E:\Projects\Nova Construction Ticket App\data\uploads\Ticket example 1.jpg
2026-07-24 17:16:45,151 | INFO | office_ticket_backend.ocr | pytesseract_request_success image=E:\Projects\Nova Construction Ticket App\data\uploads\Ticket example 1.jpg conf=0.56
2026-07-24 17:16:45,152 | INFO | office_ticket_backend.ocr | ocr_extract_provider_selected image=E:\Projects\Nova Construction Ticket App\data\uploads\Ticket example 1.jpg provider=pytesseract confidence=0.56
2026-07-24 17:16:45,156 | INFO | office_ticket_backend.app | ticket_inserted ticket_id=0355 provider=pytesseract confidence=0.56 image=E:\Projects\Nova Construction Ticket App\data\uploads\Ticket example 1.jpg
2026-07-24 17:16:45,158 | INFO | office_ticket_backend.ocr | ocr_extract_start image=E:\Projects\Nova Construction Ticket App\data\uploads\Ticket example 2.jpg provider_env=<empty>
2026-07-24 17:16:45,158 | INFO | office_ticket_backend.ocr | pytesseract_request_start image=E:\Projects\Nova Construction Ticket App\data\uploads\Ticket example 2.jpg
2026-07-24 17:16:45,906 | INFO | office_ticket_backend.ocr | pytesseract_request_success image=E:\Projects\Nova Construction Ticket App\data\uploads\Ticket example 2.jpg conf=0.56
2026-07-24 17:16:45,906 | INFO | office_ticket_backend.ocr | ocr_extract_provider_selected image=E:\Projects\Nova Construction Ticket App\data\uploads\Ticket example 2.jpg provider=pytesseract confidence=0.56
2026-07-24 17:16:45,912 | INFO | office_ticket_backend.app | ticket_inserted ticket_id=07173 provider=pytesseract confidence=0.56 image=E:\Projects\Nova Construction Ticket App\data\uploads\Ticket example 2.jpg
2026-07-24 17:16:57,377 | INFO | office_ticket_backend.ocr | ocr_extract_start image=E:\Projects\Nova Construction Ticket App\data\uploads\Ticket example 1.jpg provider_env=<empty>
2026-07-24 17:16:57,827 | INFO | office_ticket_backend.ocr | pytesseract_request_start image=E:\Projects\Nova Construction Ticket App\data\uploads\Ticket example 1.jpg
2026-07-24 17:16:59,243 | INFO | office_ticket_backend.ocr | pytesseract_request_success image=E:\Projects\Nova Construction Ticket App\data\uploads\Ticket example 1.jpg conf=0.56
2026-07-24 17:16:59,243 | INFO | office_ticket_backend.ocr | ocr_extract_provider_selected image=E:\Projects\Nova Construction Ticket App\data\uploads\Ticket example 1.jpg provider=pytesseract confidence=0.56
2026-07-24 17:16:59,248 | INFO | office_ticket_backend.app | ticket_inserted ticket_id=0355 provider=pytesseract confidence=0.56 image=E:\Projects\Nova Construction Ticket App\data\uploads\Ticket example 1.jpg
2026-07-24 17:16:59,249 | INFO | office_ticket_backend.ocr | ocr_extract_start image=E:\Projects\Nova Construction Ticket App\data\uploads\Ticket example 2.jpg provider_env=<empty>
2026-07-24 17:16:59,250 | INFO | office_ticket_backend.ocr | pytesseract_request_start image=E:\Projects\Nova Construction Ticket App\data\uploads\Ticket example 2.jpg
2026-07-24 17:16:59,994 | INFO | office_ticket_backend.ocr | pytesseract_request_success image=E:\Projects\Nova Construction Ticket App\data\uploads\Ticket example 2.jpg conf=0.56
2026-07-24 17:16:59,994 | INFO | office_ticket_backend.ocr | ocr_extract_provider_selected image=E:\Projects\Nova Construction Ticket App\data\uploads\Ticket example 2.jpg provider=pytesseract confidence=0.56
2026-07-24 17:17:00,000 | INFO | office_ticket_backend.app | ticket_inserted ticket_id=07173 provider=pytesseract confidence=0.56 image=E:\Projects\Nova Construction Ticket App\data\uploads\Ticket example 2.jpg
2026-07-24 17:17:00,006 | INFO | office_ticket_backend.app | ticket_approved row_id=2 ticket_id=07173
2026-07-24 17:17:00,012 | INFO | office_ticket_backend.app | ticket_approved row_id=1 ticket_id=0355
2026-07-24 17:18:09,533 | INFO | office_ticket_backend.ocr | pytesseract_request_start image=E:\Projects\Nova Construction Ticket App\docs\client_research\Info provided\Images\Ticket example 1.jpg
2026-07-24 17:18:10,952 | INFO | office_ticket_backend.ocr | pytesseract_request_success image=E:\Projects\Nova Construction Ticket App\docs\client_research\Info provided\Images\Ticket example 1.jpg conf=0.56
2026-07-24 17:18:10,953 | INFO | office_ticket_backend.ocr | ocr_extract_start image=E:\Projects\Nova Construction Ticket App\docs\client_research\Info provided\Images\Ticket example 2.jpg provider_env=google_vision
2026-07-24 17:18:11,397 | INFO | office_ticket_backend.ocr | google_vision_request_start image=E:\Projects\Nova Construction Ticket App\docs\client_research\Info provided\Images\Ticket example 2.jpg
2026-07-24 17:18:13,083 | INFO | office_ticket_backend.ocr | google_vision_raw_text image=Ticket example 2.jpg chars=353 first_800=DATE | NOVA CONSTRUCTION COMPANY LT | P.O. Box 1328 | Antigonish, NS | B2G 2L7 | Phone: 902-245-6386 Fax: 902-245-5132 | May 13/26 | LICENSE PLATE | JOB NO. | LONG POINT QUARRY | TRUCKER | SOLD TO/ | CHARGED TO | DELIVER TO | MATERIAL | Gerry fulton | Long Point Rd.. | Type 1 | GROSS 25,000 | TARE | NET | 9800 | 15,200 | 07173 | WHITE CUSTOMER COPY | RECEIVED BY | CANARY TRUCKER'S COPY | PINK-OFFICE COPY
2026-07-24 17:18:13,091 | INFO | office_ticket_backend.ocr | google_vision_request_success image=Ticket example 2.jpg avg_conf=0.93 ticket_id=07173 date=2026-05-13 sold_to=Gerry fulton plate= trucker=
2026-07-24 17:18:13,092 | INFO | office_ticket_backend.ocr | ocr_extract_provider_selected image=E:\Projects\Nova Construction Ticket App\docs\client_research\Info provided\Images\Ticket example 2.jpg provider=google_vision confidence=0.93
2026-07-24 17:18:49,152 | INFO | office_ticket_backend.ocr | ocr_extract_start image=E:\Projects\Nova Construction Ticket App\data\uploads\Ticket example 1.jpg provider_env=<empty>
2026-07-24 17:18:49,614 | INFO | office_ticket_backend.ocr | pytesseract_request_start image=E:\Projects\Nova Construction Ticket App\data\uploads\Ticket example 1.jpg
2026-07-24 17:18:51,037 | INFO | office_ticket_backend.ocr | pytesseract_request_success image=E:\Projects\Nova Construction Ticket App\data\uploads\Ticket example 1.jpg conf=0.56
2026-07-24 17:18:51,037 | INFO | office_ticket_backend.ocr | ocr_extract_provider_selected image=E:\Projects\Nova Construction Ticket App\data\uploads\Ticket example 1.jpg provider=pytesseract confidence=0.56
2026-07-24 17:18:51,046 | INFO | office_ticket_backend.app | ticket_inserted ticket_id=0355 provider=pytesseract confidence=0.56 image=E:\Projects\Nova Construction Ticket App\data\uploads\Ticket example 1.jpg
2026-07-24 17:18:51,047 | INFO | office_ticket_backend.ocr | ocr_extract_start image=E:\Projects\Nova Construction Ticket App\data\uploads\Ticket example 2.jpg provider_env=<empty>
2026-07-24 17:18:51,048 | INFO | office_ticket_backend.ocr | pytesseract_request_start image=E:\Projects\Nova Construction Ticket App\data\uploads\Ticket example 2.jpg
2026-07-24 17:18:51,813 | INFO | office_ticket_backend.ocr | pytesseract_request_success image=E:\Projects\Nova Construction Ticket App\data\uploads\Ticket example 2.jpg conf=0.56
2026-07-24 17:18:51,813 | INFO | office_ticket_backend.ocr | ocr_extract_provider_selected image=E:\Projects\Nova Construction Ticket App\data\uploads\Ticket example 2.jpg provider=pytesseract confidence=0.56
2026-07-24 17:18:51,819 | INFO | office_ticket_backend.app | ticket_inserted ticket_id=07173 provider=pytesseract confidence=0.56 image=E:\Projects\Nova Construction Ticket App\data\uploads\Ticket example 2.jpg
2026-07-24 17:18:51,824 | INFO | office_ticket_backend.app | ticket_approved row_id=2 ticket_id=07173
2026-07-24 17:18:51,830 | INFO | office_ticket_backend.app | ticket_approved row_id=1 ticket_id=0355
2026-07-24 17:18:56,259 | INFO | office_ticket_backend.ocr | pytesseract_request_start image=E:\Projects\Nova Construction Ticket App\docs\client_research\Info provided\Images\Ticket example 1.jpg
2026-07-24 17:18:57,689 | INFO | office_ticket_backend.ocr | pytesseract_request_success image=E:\Projects\Nova Construction Ticket App\docs\client_research\Info provided\Images\Ticket example 1.jpg conf=0.56
2026-07-24 17:18:57,689 | INFO | office_ticket_backend.ocr | ocr_extract_start image=E:\Projects\Nova Construction Ticket App\docs\client_research\Info provided\Images\Ticket example 2.jpg provider_env=google_vision
2026-07-24 17:18:58,158 | INFO | office_ticket_backend.ocr | google_vision_request_start image=E:\Projects\Nova Construction Ticket App\docs\client_research\Info provided\Images\Ticket example 2.jpg
2026-07-24 17:18:59,862 | INFO | office_ticket_backend.ocr | google_vision_raw_text image=Ticket example 2.jpg chars=353 first_800=DATE | NOVA CONSTRUCTION COMPANY LT | P.O. Box 1328 | Antigonish, NS | B2G 2L7 | Phone: 902-245-6386 Fax: 902-245-5132 | May 13/26 | LICENSE PLATE | JOB NO. | LONG POINT QUARRY | TRUCKER | SOLD TO/ | CHARGED TO | DELIVER TO | MATERIAL | Gerry fulton | Long Point Rd.. | Type 1 | GROSS 25,000 | TARE | NET | 9800 | 15,200 | 07173 | WHITE CUSTOMER COPY | RECEIVED BY | CANARY TRUCKER'S COPY | PINK-OFFICE COPY
2026-07-24 17:18:59,870 | INFO | office_ticket_backend.ocr | google_vision_request_success image=Ticket example 2.jpg avg_conf=0.93 ticket_id=07173 date=2026-05-13 sold_to=Gerry fulton plate= trucker=
2026-07-24 17:18:59,871 | INFO | office_ticket_backend.ocr | ocr_extract_provider_selected image=E:\Projects\Nova Construction Ticket App\docs\client_research\Info provided\Images\Ticket example 2.jpg provider=google_vision confidence=0.93
2026-07-24 17:27:02,685 | INFO | office_ticket_backend.ocr | ocr_extract_start image=data\uploads\pdf_ticket_p1_Im1.jpg provider_env=google_vision
2026-07-24 17:27:03,161 | INFO | office_ticket_backend.ocr | google_vision_request_start image=data\uploads\pdf_ticket_p1_Im1.jpg
2026-07-24 17:27:04,961 | INFO | office_ticket_backend.ocr | google_vision_raw_text image=pdf_ticket_p1_Im1.jpg chars=323 first_800=DATE | NOVA CONSTRUCTION COMPANY LTD | P.O. Box 1328 | Antigonish, NS | B2G 2L7 | Phone: 902-245-6386 Fax: 902-245-5132 | 5088 | LICENSE PLATE | TRUCKER | SOLD TO/ | CHARGED TO | DA | DELIVER TO | MATERIAL | C | GROSS | TARE | NET | 1310 | 26671 | C | JOB NO. | SEABROOK QUARRY | ENTERED MAY 3 7075 | RECEIVED BY | WHITE CUSTOMER COPY | CANARY TRUCKER'S COPY | PINK-OFFICE COPY
2026-07-24 17:27:04,969 | INFO | office_ticket_backend.ocr | google_vision_request_success image=pdf_ticket_p1_Im1.jpg avg_conf=0.96 ticket_id=7075 date= sold_to=C DA Phone plate=CDAPHONE trucker=C : Phone
2026-07-24 17:27:04,970 | INFO | office_ticket_backend.ocr | ocr_extract_provider_selected image=data\uploads\pdf_ticket_p1_Im1.jpg provider=google_vision confidence=0.96
2026-07-24 17:27:04,971 | INFO | office_ticket_backend.ocr | ocr_extract_start image=data\uploads\pdf_ticket_p2_Im2.jpg provider_env=google_vision
2026-07-24 17:27:04,971 | INFO | office_ticket_backend.ocr | google_vision_request_start image=data\uploads\pdf_ticket_p2_Im2.jpg
2026-07-24 17:27:06,606 | INFO | office_ticket_backend.ocr | google_vision_raw_text image=pdf_ticket_p2_Im2.jpg chars=387 first_800=DATE | NOVA CONSTRUCTION COMPANY LTD | P.O. Box 1328 | Antigonish, NS | B2G 2L7 | Phone: 902-245-6386 Fax: 902-245-5132 | April16/26/JOB NO. | JOB NO. 241260. | DESMOND QUARRY | LICENSE PLATE 58505 | TRUCKER | SOLD TO/ | Premy Wood Blain | Ma | CHARGED TO Municipal Windmill | DELIVER TO | Weavers Mut | MATERIAL | GROSS | 34900 | TARE | 20610 | NET | 0561 | 14290 | RECEIVED BY | WHITE CUSTOMER COPY | CANARY-TRUCKER'S COPY | PINK-OFFICE COPY
2026-07-24 17:27:06,615 | INFO | office_ticket_backend.ocr | google_vision_request_success image=pdf_ticket_p2_Im2.jpg avg_conf=0.90 ticket_id=241260 date=2026-04-16 sold_to=PLATE plate= trucker=14290 20610 34900 Premy April16 : Phone NOVA
2026-07-24 17:27:06,616 | INFO | office_ticket_backend.ocr | ocr_extract_provider_selected image=data\uploads\pdf_ticket_p2_Im2.jpg provider=google_vision confidence=0.90
2026-07-24 17:27:06,617 | INFO | office_ticket_backend.ocr | ocr_extract_start image=data\uploads\pdf_ticket_p3_Im3.jpg provider_env=google_vision
2026-07-24 17:27:06,617 | INFO | office_ticket_backend.ocr | google_vision_request_start image=data\uploads\pdf_ticket_p3_Im3.jpg
2026-07-24 17:27:08,322 | INFO | office_ticket_backend.ocr | google_vision_raw_text image=pdf_ticket_p3_Im3.jpg chars=361 first_800=DATE | NOVA CONSTRUCTION COMPANY LTD | LICENSE PLATE | TRUCKER | SOLD TO/ | CHARGED TO | DELIVER TO | MATERIAL | GROSS | TARE | NET | P.O. Box 1328 | Antigonish, NS | B2G 2L7 | Phone: 902-245-6386 Fax: 902-245-5132 | 19/26 | JOB NO. | LONG POINT QUARRY | Lime | Lime | Doherty | Dotorty | Type 1 | 25.350 | 10900 | 14.450 | 07235 | WHITE CUSTOMER COPY | - | RECEIVED BY | Ty | spd | spd | CANARY TRUCKER'S COPY | PINK-OFFICE COPY
2026-07-24 17:27:08,330 | INFO | office_ticket_backend.ocr | google_vision_request_success image=pdf_ticket_p3_Im3.jpg avg_conf=0.93 ticket_id=07235 date= sold_to=07235 / TRUCKER LICENSE DATE plate=1445010900TYPEPHONENOVA trucker=14.450 10900 25.350 Type : Phone NOVA
2026-07-24 17:27:08,331 | INFO | office_ticket_backend.ocr | ocr_extract_provider_selected image=data\uploads\pdf_ticket_p3_Im3.jpg provider=google_vision confidence=0.93
2026-07-24 17:27:08,332 | INFO | office_ticket_backend.ocr | ocr_extract_start image=data\uploads\pdf_ticket_p4_Im4.jpg provider_env=google_vision
2026-07-24 17:27:08,332 | INFO | office_ticket_backend.ocr | google_vision_request_start image=data\uploads\pdf_ticket_p4_Im4.jpg
2026-07-24 17:27:10,022 | INFO | office_ticket_backend.ocr | google_vision_raw_text image=pdf_ticket_p4_Im4.jpg chars=342 first_800=DATE | NOVA CONSTRUCTION COMPANY LTD | P.O. Box 1328 | Antigonish, NS | B2G 2L7 | Phone: 902-245-6386 Fax: 902-245-5132 | May 8 2026 | LICENSE PLATE | JOB NO. | LONG POINT QUARRY | TRUCKER | SOLD TO/ | CHARGED TO | DELIVER TO | Chipman Tructing | MATERIAL | GROSS | TARE | 14, | NET | 07131 | WHITE CUSTOMER COPY | 000 | Tonne | RECEIVED BY | Matt Lloyd | CANARY TRUCKER'S COPY | PINK OFFICE COPY
2026-07-24 17:27:10,030 | INFO | office_ticket_backend.ocr | google_vision_request_success image=pdf_ticket_p4_Im4.jpg avg_conf=0.93 ticket_id=07131 date= sold_to=8 Phone NOVA plate=8PHONENOVA trucker=07131 TO TO / LICENSE May DATE
2026-07-24 17:27:10,030 | INFO | office_ticket_backend.ocr | ocr_extract_provider_selected image=data\uploads\pdf_ticket_p4_Im4.jpg provider=google_vision confidence=0.93
2026-07-24 17:27:10,032 | INFO | office_ticket_backend.ocr | ocr_extract_start image=data\uploads\pdf_ticket_p5_Im5.jpg provider_env=google_vision
2026-07-24 17:27:10,033 | INFO | office_ticket_backend.ocr | google_vision_request_start image=data\uploads\pdf_ticket_p5_Im5.jpg
2026-07-24 17:27:11,683 | INFO | office_ticket_backend.ocr | google_vision_raw_text image=pdf_ticket_p5_Im5.jpg chars=348 first_800=NOVA CONSTRUCTION COMPANY LTD | P.O. Box 1328 | Antigonish, NS | B2G 2L7 | Phone: 902-245-6386 Fax: 902-245-5132 | DATE May 11/26 | LICENSE PLATE | TRUCKER | SOLD TO/ | Alten | JOB NO. | LONG POINT QUARRY | CHARGED TO Potterty Lime HD | DELIVER TO | MATERIAL Serge | GROSS 26000 | TARE 1680 | NET | 14/320 | 07162 | RECEIVED BY | WHITE CUSTOMER COPY | - | CANARY TRUCKER'S COPY | PINK-OFFICE COPY
2026-07-24 17:27:11,691 | INFO | office_ticket_backend.ocr | google_vision_request_success image=pdf_ticket_p5_Im5.jpg avg_conf=0.92 ticket_id=07162 date=2026-05-11 sold_to=1680 Serge PLATE plate=26000ALTEN1126PHONENOVA trucker=1680 26000 Serge Alten 11/26 NOVA
2026-07-24 17:27:11,692 | INFO | office_ticket_backend.ocr | ocr_extract_provider_selected image=data\uploads\pdf_ticket_p5_Im5.jpg provider=google_vision confidence=0.92
2026-07-24 17:27:11,692 | INFO | office_ticket_backend.ocr | ocr_extract_start image=data\uploads\pdf_ticket_p6_Im6.jpg provider_env=google_vision
2026-07-24 17:27:11,694 | INFO | office_ticket_backend.ocr | google_vision_request_start image=data\uploads\pdf_ticket_p6_Im6.jpg
2026-07-24 17:27:12,644 | INFO | office_ticket_backend.ocr | ocr_extract_start image=data\uploads\pdf_ticket_p1_Im1.jpg provider_env=google_vision
2026-07-24 17:27:13,117 | INFO | office_ticket_backend.ocr | google_vision_request_start image=data\uploads\pdf_ticket_p1_Im1.jpg
2026-07-24 17:27:13,420 | INFO | office_ticket_backend.ocr | google_vision_raw_text image=pdf_ticket_p6_Im6.jpg chars=322 first_800=NOVA CONSTRUCTION COMPANY LTD | P.O. Box 1328 | Antigonish, NS | B2G 2L7 | Phone: 902-245-6386 Fax: 902-245-5132 | DATE June 1 | 26 | JOB NO. | LICENSE PLATE | LONG POINT QUARRY | TRUCKER | SOLD TO/ | CHARGED TO CRD | DELIVER TO | MATERIAL | GROSS | Back Rock | TARE | 15 T | NET | 00534 | RECEIVED BY | нил | WHITE CUSTOMER COPY | CANARY TRUCKER'S COPY | PINK-OFFICE COPY
2026-07-24 17:27:13,428 | INFO | office_ticket_backend.ocr | google_vision_request_success image=pdf_ticket_p6_Im6.jpg avg_conf=0.92 ticket_id=00534 date= sold_to=00534 TO / PLATE June plate=BACKCRD1PHONENOVA trucker=00534 TO TO / LICENSE DATE
2026-07-24 17:27:13,429 | INFO | office_ticket_backend.ocr | ocr_extract_provider_selected image=data\uploads\pdf_ticket_p6_Im6.jpg provider=google_vision confidence=0.92
2026-07-24 17:27:14,815 | INFO | office_ticket_backend.ocr | google_vision_raw_text image=pdf_ticket_p1_Im1.jpg chars=323 first_800=DATE | NOVA CONSTRUCTION COMPANY LTD | P.O. Box 1328 | Antigonish, NS | B2G 2L7 | Phone: 902-245-6386 Fax: 902-245-5132 | 5088 | LICENSE PLATE | TRUCKER | SOLD TO/ | CHARGED TO | DA | DELIVER TO | MATERIAL | C | GROSS | TARE | NET | 1310 | 26671 | JOB NO. | SEABROOK QUARRY | C | ENTERED MAY 3 7075 | RECEIVED BY | WHITE CUSTOMER COPY | CANARY TRUCKER'S COPY | PINK-OFFICE COPY
2026-07-24 17:27:14,824 | INFO | office_ticket_backend.ocr | google_vision_request_success image=pdf_ticket_p1_Im1.jpg avg_conf=0.96 ticket_id=7075 date= sold_to=C DA Phone plate=CDAPHONE trucker=C : Phone
2026-07-24 17:27:14,825 | INFO | office_ticket_backend.ocr | ocr_extract_provider_selected image=data\uploads\pdf_ticket_p1_Im1.jpg provider=google_vision confidence=0.96
2026-07-24 17:27:14,826 | INFO | office_ticket_backend.ocr | ocr_extract_start image=data\uploads\pdf_ticket_p2_Im2.jpg provider_env=google_vision
2026-07-24 17:27:14,826 | INFO | office_ticket_backend.ocr | google_vision_request_start image=data\uploads\pdf_ticket_p2_Im2.jpg
2026-07-24 17:27:16,486 | INFO | office_ticket_backend.ocr | google_vision_raw_text image=pdf_ticket_p2_Im2.jpg chars=387 first_800=DATE | NOVA CONSTRUCTION COMPANY LTD | P.O. Box 1328 | Antigonish, NS | B2G 2L7 | Phone: 902-245-6386 Fax: 902-245-5132 | April16/26/JOB NO. | JOB NO. 241260. | DESMOND QUARRY | LICENSE PLATE 58505 | TRUCKER | SOLD TO/ | Premy Wood Blain | Ma | CHARGED TO Municipal Windmill | DELIVER TO | Weavers Mut | MATERIAL | GROSS | 34900 | TARE | 20610 | NET | 0561 | 14290 | RECEIVED BY | WHITE CUSTOMER COPY | CANARY-TRUCKER'S COPY | PINK-OFFICE COPY
2026-07-24 17:27:16,495 | INFO | office_ticket_backend.ocr | google_vision_request_success image=pdf_ticket_p2_Im2.jpg avg_conf=0.90 ticket_id=241260 date=2026-04-16 sold_to=PLATE plate= trucker=14290 20610 34900 Premy April16 : Phone NOVA
2026-07-24 17:27:16,496 | INFO | office_ticket_backend.ocr | ocr_extract_provider_selected image=data\uploads\pdf_ticket_p2_Im2.jpg provider=google_vision confidence=0.90
2026-07-24 17:27:16,497 | INFO | office_ticket_backend.ocr | ocr_extract_start image=data\uploads\pdf_ticket_p3_Im3.jpg provider_env=google_vision
2026-07-24 17:27:16,497 | INFO | office_ticket_backend.ocr | google_vision_request_start image=data\uploads\pdf_ticket_p3_Im3.jpg
2026-07-24 17:27:18,131 | INFO | office_ticket_backend.ocr | google_vision_raw_text image=pdf_ticket_p3_Im3.jpg chars=364 first_800=DATE | NOVA CONSTRUCTION COMPANY LTD | P.O. Box 1328 | Antigonish, NS | B2G 2L7 | Phone: 902-245-6386 Fax: 902-245-5132 | Day 1926 | LICENSE PLATE | TRUCKER | SOLD TO/ | CHARGED TO | DELIVER TO | MATERIAL | GROSS | TARE | NET | JOB NO. | LONG POINT QUARRY | Lime | Lime | Doherty | Dotorty | Type 1 | 25.350 | 10900 | 14.450 | 07235 | WHITE CUSTOMER COPY | - | RECEIVED BY | Ty | spd | spd | CANARY TRUCKER'S COPY | PINK-OFFICE COPY
2026-07-24 17:27:18,139 | INFO | office_ticket_backend.ocr | google_vision_request_success image=pdf_ticket_p3_Im3.jpg avg_conf=0.93 ticket_id=07235 date= sold_to=07235 / TRUCKER LICENSE DATE plate=1445010900TYPEDAYPHONENOVA trucker=14.450 10900 Type Day Phone NOVA
2026-07-24 17:27:18,140 | INFO | office_ticket_backend.ocr | ocr_extract_provider_selected image=data\uploads\pdf_ticket_p3_Im3.jpg provider=google_vision confidence=0.93
2026-07-24 17:27:18,141 | INFO | office_ticket_backend.ocr | ocr_extract_start image=data\uploads\pdf_ticket_p4_Im4.jpg provider_env=google_vision
2026-07-24 17:27:18,141 | INFO | office_ticket_backend.ocr | google_vision_request_start image=data\uploads\pdf_ticket_p4_Im4.jpg
2026-07-24 17:27:19,744 | INFO | office_ticket_backend.ocr | google_vision_raw_text image=pdf_ticket_p4_Im4.jpg chars=342 first_800=DATE | NOVA CONSTRUCTION COMPANY LTD | P.O. Box 1328 | Antigonish, NS | B2G 2L7 | Phone: 902-245-6386 Fax: 902-245-5132 | May 8 2026 | LICENSE PLATE | JOB NO. | LONG POINT QUARRY | TRUCKER | SOLD TO/ | CHARGED TO | DELIVER TO | Chipman Tructing | MATERIAL | GROSS | TARE | 14, | NET | 07131 | WHITE CUSTOMER COPY | 000 | Tonne | RECEIVED BY | Matt Lloyd | CANARY TRUCKER'S COPY | PINK OFFICE COPY
2026-07-24 17:27:19,752 | INFO | office_ticket_backend.ocr | google_vision_request_success image=pdf_ticket_p4_Im4.jpg avg_conf=0.93 ticket_id=07131 date= sold_to=8 Phone NOVA plate=8PHONENOVA trucker=07131 TO TO / LICENSE May DATE
2026-07-24 17:27:19,752 | INFO | office_ticket_backend.ocr | ocr_extract_provider_selected image=data\uploads\pdf_ticket_p4_Im4.jpg provider=google_vision confidence=0.93
2026-07-24 17:27:19,754 | INFO | office_ticket_backend.ocr | ocr_extract_start image=data\uploads\pdf_ticket_p5_Im5.jpg provider_env=google_vision
2026-07-24 17:27:19,754 | INFO | office_ticket_backend.ocr | google_vision_request_start image=data\uploads\pdf_ticket_p5_Im5.jpg
2026-07-24 17:27:21,463 | INFO | office_ticket_backend.ocr | google_vision_raw_text image=pdf_ticket_p5_Im5.jpg chars=348 first_800=NOVA CONSTRUCTION COMPANY LTD | P.O. Box 1328 | Antigonish, NS | B2G 2L7 | Phone: 902-245-6386 Fax: 902-245-5132 | DATE May 11/26 | LICENSE PLATE | TRUCKER | SOLD TO/ | Alten | JOB NO. | LONG POINT QUARRY | CHARGED TO Potterty Lime HD | DELIVER TO | MATERIAL Serge | GROSS 26000 | TARE 1680 | NET | 14/320 | 07162 | RECEIVED BY | WHITE CUSTOMER COPY | - | CANARY TRUCKER'S COPY | PINK-OFFICE COPY
2026-07-24 17:27:21,471 | INFO | office_ticket_backend.ocr | google_vision_request_success image=pdf_ticket_p5_Im5.jpg avg_conf=0.92 ticket_id=07162 date=2026-05-11 sold_to=1680 Serge PLATE plate=26000ALTEN1126PHONENOVA trucker=1680 26000 Serge Alten 11/26 NOVA
2026-07-24 17:27:21,471 | INFO | office_ticket_backend.ocr | ocr_extract_provider_selected image=data\uploads\pdf_ticket_p5_Im5.jpg provider=google_vision confidence=0.92
2026-07-24 17:27:21,472 | INFO | office_ticket_backend.ocr | ocr_extract_start image=data\uploads\pdf_ticket_p6_Im6.jpg provider_env=google_vision
2026-07-24 17:27:21,472 | INFO | office_ticket_backend.ocr | google_vision_request_start image=data\uploads\pdf_ticket_p6_Im6.jpg
2026-07-24 17:27:23,101 | INFO | office_ticket_backend.ocr | google_vision_raw_text image=pdf_ticket_p6_Im6.jpg chars=322 first_800=NOVA CONSTRUCTION COMPANY LTD | P.O. Box 1328 | Antigonish, NS | B2G 2L7 | Phone: 902-245-6386 Fax: 902-245-5132 | DATE June 1 | 26 | JOB NO. | LICENSE PLATE | LONG POINT QUARRY | TRUCKER | SOLD TO/ | CHARGED TO CRD | DELIVER TO | MATERIAL | GROSS | Back Rock | TARE | 15 T | NET | 00534 | RECEIVED BY | нил | WHITE CUSTOMER COPY | CANARY TRUCKER'S COPY | PINK-OFFICE COPY
2026-07-24 17:27:23,109 | INFO | office_ticket_backend.ocr | google_vision_request_success image=pdf_ticket_p6_Im6.jpg avg_conf=0.92 ticket_id=00534 date= sold_to=00534 TO / PLATE June plate=BACKCRD1PHONENOVA trucker=00534 TO TO / LICENSE DATE
2026-07-24 17:27:23,109 | INFO | office_ticket_backend.ocr | ocr_extract_provider_selected image=data\uploads\pdf_ticket_p6_Im6.jpg provider=google_vision confidence=0.92
2026-07-24 17:27:24,846 | INFO | office_ticket_backend.ocr | ocr_extract_start image=data\uploads\pdf_ticket_p1_Im1.jpg provider_env=google_vision
2026-07-24 17:27:25,312 | INFO | office_ticket_backend.ocr | google_vision_request_start image=data\uploads\pdf_ticket_p1_Im1.jpg
2026-07-24 17:27:27,059 | INFO | office_ticket_backend.ocr | google_vision_raw_text image=pdf_ticket_p1_Im1.jpg chars=323 first_800=DATE | NOVA CONSTRUCTION COMPANY LTD | P.O. Box 1328 | Antigonish, NS | B2G 2L7 | Phone: 902-245-6386 Fax: 902-245-5132 | 5088 | LICENSE PLATE | TRUCKER | SOLD TO/ | CHARGED TO | DA | DELIVER TO | MATERIAL | C | GROSS | TARE | NET | 1310 | 26671 | JOB NO. | SEABROOK QUARRY | C | ENTERED MAY 3 7075 | RECEIVED BY | WHITE CUSTOMER COPY | CANARY TRUCKER'S COPY | PINK-OFFICE COPY
2026-07-24 17:27:27,069 | INFO | office_ticket_backend.ocr | google_vision_request_success image=pdf_ticket_p1_Im1.jpg avg_conf=0.96 ticket_id=7075 date= sold_to=C DA Phone plate=CDAPHONE trucker=C : Phone
2026-07-24 17:27:27,070 | INFO | office_ticket_backend.ocr | ocr_extract_provider_selected image=data\uploads\pdf_ticket_p1_Im1.jpg provider=google_vision confidence=0.96
2026-07-24 17:27:27,071 | INFO | office_ticket_backend.ocr | ocr_extract_start image=data\uploads\pdf_ticket_p2_Im2.jpg provider_env=google_vision
2026-07-24 17:27:27,071 | INFO | office_ticket_backend.ocr | google_vision_request_start image=data\uploads\pdf_ticket_p2_Im2.jpg
2026-07-24 17:27:28,712 | INFO | office_ticket_backend.ocr | google_vision_raw_text image=pdf_ticket_p2_Im2.jpg chars=387 first_800=DATE | NOVA CONSTRUCTION COMPANY LTD | P.O. Box 1328 | Antigonish, NS | B2G 2L7 | Phone: 902-245-6386 Fax: 902-245-5132 | April16/26/JOB NO. | JOB NO. 241260. | DESMOND QUARRY | LICENSE PLATE 58505 | TRUCKER | SOLD TO/ | Premy Wood Blain | Ma | CHARGED TO Municipal Windmill | DELIVER TO | Weavers Mut | MATERIAL | GROSS | 34900 | TARE | 20610 | NET | 0561 | 14290 | RECEIVED BY | WHITE CUSTOMER COPY | CANARY-TRUCKER'S COPY | PINK-OFFICE COPY
2026-07-24 17:27:28,721 | INFO | office_ticket_backend.ocr | google_vision_request_success image=pdf_ticket_p2_Im2.jpg avg_conf=0.90 ticket_id=241260 date=2026-04-16 sold_to=PLATE plate= trucker=14290 20610 34900 Premy April16 : Phone NOVA
2026-07-24 17:27:28,722 | INFO | office_ticket_backend.ocr | ocr_extract_provider_selected image=data\uploads\pdf_ticket_p2_Im2.jpg provider=google_vision confidence=0.90
2026-07-24 17:27:28,723 | INFO | office_ticket_backend.ocr | ocr_extract_start image=data\uploads\pdf_ticket_p3_Im3.jpg provider_env=google_vision
2026-07-24 17:27:28,723 | INFO | office_ticket_backend.ocr | google_vision_request_start image=data\uploads\pdf_ticket_p3_Im3.jpg
2026-07-24 17:27:30,542 | INFO | office_ticket_backend.ocr | google_vision_raw_text image=pdf_ticket_p3_Im3.jpg chars=361 first_800=DATE | NOVA CONSTRUCTION COMPANY LTD | LICENSE PLATE | TRUCKER | SOLD TO/ | CHARGED TO | DELIVER TO | MATERIAL | GROSS | TARE | NET | P.O. Box 1328 | Antigonish, NS | B2G 2L7 | Phone: 902-245-6386 Fax: 902-245-5132 | 19/26 | JOB NO. | LONG POINT QUARRY | Lime | Lime | Doherty | Dotorty | Type 1 | 25.350 | 10900 | 14.450 | 07235 | WHITE CUSTOMER COPY | - | RECEIVED BY | Ty | spd | spd | CANARY TRUCKER'S COPY | PINK-OFFICE COPY
2026-07-24 17:27:30,551 | INFO | office_ticket_backend.ocr | google_vision_request_success image=pdf_ticket_p3_Im3.jpg avg_conf=0.93 ticket_id=07235 date= sold_to=07235 / TRUCKER LICENSE DATE plate=1445010900TYPEPHONENOVA trucker=14.450 10900 25.350 Type : Phone NOVA
2026-07-24 17:27:30,551 | INFO | office_ticket_backend.ocr | ocr_extract_provider_selected image=data\uploads\pdf_ticket_p3_Im3.jpg provider=google_vision confidence=0.93
2026-07-24 17:27:30,553 | INFO | office_ticket_backend.ocr | ocr_extract_start image=data\uploads\pdf_ticket_p4_Im4.jpg provider_env=google_vision
2026-07-24 17:27:30,553 | INFO | office_ticket_backend.ocr | google_vision_request_start image=data\uploads\pdf_ticket_p4_Im4.jpg
2026-07-24 17:27:32,338 | INFO | office_ticket_backend.ocr | google_vision_raw_text image=pdf_ticket_p4_Im4.jpg chars=342 first_800=DATE | NOVA CONSTRUCTION COMPANY LTD | P.O. Box 1328 | Antigonish, NS | B2G 2L7 | Phone: 902-245-6386 Fax: 902-245-5132 | May 8 2026 | LICENSE PLATE | JOB NO. | LONG POINT QUARRY | TRUCKER | SOLD TO/ | CHARGED TO | DELIVER TO | Chipman Tructing | MATERIAL | GROSS | TARE | 14, | NET | 07131 | WHITE CUSTOMER COPY | 000 | Tonne | RECEIVED BY | Matt Lloyd | CANARY TRUCKER'S COPY | PINK OFFICE COPY
2026-07-24 17:27:32,346 | INFO | office_ticket_backend.ocr | google_vision_request_success image=pdf_ticket_p4_Im4.jpg avg_conf=0.93 ticket_id=07131 date= sold_to=8 Phone NOVA plate=8PHONENOVA trucker=07131 TO TO / LICENSE May DATE
2026-07-24 17:27:32,346 | INFO | office_ticket_backend.ocr | ocr_extract_provider_selected image=data\uploads\pdf_ticket_p4_Im4.jpg provider=google_vision confidence=0.93
2026-07-24 17:27:32,347 | INFO | office_ticket_backend.ocr | ocr_extract_start image=data\uploads\pdf_ticket_p5_Im5.jpg provider_env=google_vision
2026-07-24 17:27:32,348 | INFO | office_ticket_backend.ocr | google_vision_request_start image=data\uploads\pdf_ticket_p5_Im5.jpg
2026-07-24 17:27:34,096 | INFO | office_ticket_backend.ocr | google_vision_raw_text image=pdf_ticket_p5_Im5.jpg chars=348 first_800=NOVA CONSTRUCTION COMPANY LTD | P.O. Box 1328 | Antigonish, NS | B2G 2L7 | Phone: 902-245-6386 Fax: 902-245-5132 | DATE May 11/26 | LICENSE PLATE | TRUCKER | SOLD TO/ | Alten | JOB NO. | LONG POINT QUARRY | CHARGED TO Potterty Lime HD | DELIVER TO | MATERIAL Serge | GROSS 26000 | TARE 1680 | NET | 14/320 | 07162 | RECEIVED BY | WHITE CUSTOMER COPY | - | CANARY TRUCKER'S COPY | PINK-OFFICE COPY
2026-07-24 17:27:34,103 | INFO | office_ticket_backend.ocr | google_vision_request_success image=pdf_ticket_p5_Im5.jpg avg_conf=0.92 ticket_id=07162 date=2026-05-11 sold_to=1680 Serge PLATE plate=26000ALTEN1126PHONENOVA trucker=1680 26000 Serge Alten 11/26 NOVA
2026-07-24 17:27:34,104 | INFO | office_ticket_backend.ocr | ocr_extract_provider_selected image=data\uploads\pdf_ticket_p5_Im5.jpg provider=google_vision confidence=0.92
2026-07-24 17:27:34,104 | INFO | office_ticket_backend.ocr | ocr_extract_start image=data\uploads\pdf_ticket_p6_Im6.jpg provider_env=google_vision
2026-07-24 17:27:34,105 | INFO | office_ticket_backend.ocr | google_vision_request_start image=data\uploads\pdf_ticket_p6_Im6.jpg
2026-07-24 17:27:35,763 | INFO | office_ticket_backend.ocr | google_vision_raw_text image=pdf_ticket_p6_Im6.jpg chars=322 first_800=NOVA CONSTRUCTION COMPANY LTD | P.O. Box 1328 | Antigonish, NS | B2G 2L7 | Phone: 902-245-6386 Fax: 902-245-5132 | DATE June 1 | 26 | JOB NO. | LICENSE PLATE | LONG POINT QUARRY | TRUCKER | SOLD TO/ | CHARGED TO CRD | DELIVER TO | MATERIAL | GROSS | Back Rock | TARE | 15 T | NET | 00534 | RECEIVED BY | нил | WHITE CUSTOMER COPY | CANARY TRUCKER'S COPY | PINK-OFFICE COPY
2026-07-24 17:27:35,770 | INFO | office_ticket_backend.ocr | google_vision_request_success image=pdf_ticket_p6_Im6.jpg avg_conf=0.92 ticket_id=00534 date= sold_to=00534 TO / PLATE June plate=BACKCRD1PHONENOVA trucker=00534 TO TO / LICENSE DATE
2026-07-24 17:27:35,771 | INFO | office_ticket_backend.ocr | ocr_extract_provider_selected image=data\uploads\pdf_ticket_p6_Im6.jpg provider=google_vision confidence=0.92
2026-07-24 17:27:35,772 | INFO | office_ticket_backend.ocr | ocr_extract_start image=data\uploads\pdf_ticket_p7_Im7.jpg provider_env=google_vision
2026-07-24 17:27:35,772 | INFO | office_ticket_backend.ocr | google_vision_request_start image=data\uploads\pdf_ticket_p7_Im7.jpg
2026-07-24 17:27:37,373 | INFO | office_ticket_backend.ocr | google_vision_raw_text image=pdf_ticket_p7_Im7.jpg chars=291 first_800=DATE | NOVA CONSTRUCTION COMPANY LT | P.O. Box 1328 | Antigonish, NS | B2G 2L7 | Phone: 902-245-6386 Fax: 902-245-5132 | JOB NO. | LICENSE PLATE | LONG POINT QUARRY | TRUCKER | SOLD TO/ | CHARGED TO | DELIVER TO | MATERIAL | GROSS | 15 | TARE | NET | 06738 | RECEIVED BY | WHITE CUSTOMER COPY | CANARY TRUCKER'S COPY | PINK OFFICE COPY
2026-07-24 17:27:37,379 | INFO | office_ticket_backend.ocr | google_vision_request_success image=pdf_ticket_p7_Im7.jpg avg_conf=0.98 ticket_id=06738 date= sold_to=15 Phone NOVA plate=15PHONENOVA trucker=06738 TO TO / LICENSE DATE
2026-07-24 17:27:37,379 | INFO | office_ticket_backend.ocr | ocr_extract_provider_selected image=data\uploads\pdf_ticket_p7_Im7.jpg provider=google_vision confidence=0.98
2026-07-24 17:27:58,710 | INFO | office_ticket_backend.ocr | ocr_extract_start image=data\uploads\pdf_ticket_p1_Im1.jpg provider_env=google_vision
2026-07-24 17:27:59,164 | INFO | office_ticket_backend.ocr | google_vision_request_start image=data\uploads\pdf_ticket_p1_Im1.jpg
2026-07-24 17:28:00,898 | INFO | office_ticket_backend.ocr | google_vision_raw_text image=pdf_ticket_p1_Im1.jpg chars=323 first_800=DATE | NOVA CONSTRUCTION COMPANY LTD | P.O. Box 1328 | Antigonish, NS | B2G 2L7 | Phone: 902-245-6386 Fax: 902-245-5132 | 5088 | LICENSE PLATE | TRUCKER | SOLD TO/ | CHARGED TO | DA | DELIVER TO | MATERIAL | C | GROSS | TARE | NET | 1310 | 26671 | C | JOB NO. | SEABROOK QUARRY | ENTERED MAY 3 7075 | RECEIVED BY | WHITE CUSTOMER COPY | CANARY TRUCKER'S COPY | PINK-OFFICE COPY
2026-07-24 17:28:00,907 | INFO | office_ticket_backend.ocr | google_vision_request_success image=pdf_ticket_p1_Im1.jpg avg_conf=0.96 ticket_id=7075 date= sold_to=C DA Phone plate=CDAPHONE trucker=C : Phone
2026-07-24 17:28:00,908 | INFO | office_ticket_backend.ocr | ocr_extract_provider_selected image=data\uploads\pdf_ticket_p1_Im1.jpg provider=google_vision confidence=0.96
2026-07-24 17:28:00,909 | INFO | office_ticket_backend.ocr | ocr_extract_start image=data\uploads\pdf_ticket_p2_Im2.jpg provider_env=google_vision
2026-07-24 17:28:00,909 | INFO | office_ticket_backend.ocr | google_vision_request_start image=data\uploads\pdf_ticket_p2_Im2.jpg
2026-07-24 17:28:02,568 | INFO | office_ticket_backend.ocr | google_vision_raw_text image=pdf_ticket_p2_Im2.jpg chars=387 first_800=DATE | NOVA CONSTRUCTION COMPANY LTD | P.O. Box 1328 | Antigonish, NS | B2G 2L7 | Phone: 902-245-6386 Fax: 902-245-5132 | April16/26/JOB NO. | JOB NO. 241260. | DESMOND QUARRY | LICENSE PLATE 58505 | TRUCKER | SOLD TO/ | Premy Wood Blain | Ma | CHARGED TO Municipal Windmill | DELIVER TO | Weavers Mut | MATERIAL | GROSS | 34900 | TARE | 20610 | NET | 0561 | 14290 | RECEIVED BY | WHITE CUSTOMER COPY | CANARY-TRUCKER'S COPY | PINK-OFFICE COPY
2026-07-24 17:28:02,575 | INFO | office_ticket_backend.ocr | google_vision_request_success image=pdf_ticket_p2_Im2.jpg avg_conf=0.90 ticket_id=241260 date=2026-04-16 sold_to=PLATE plate= trucker=14290 20610 34900 Premy April16 : Phone NOVA
2026-07-24 17:28:02,577 | INFO | office_ticket_backend.ocr | ocr_extract_provider_selected image=data\uploads\pdf_ticket_p2_Im2.jpg provider=google_vision confidence=0.90
2026-07-24 17:28:02,578 | INFO | office_ticket_backend.ocr | ocr_extract_start image=data\uploads\pdf_ticket_p3_Im3.jpg provider_env=google_vision
2026-07-24 17:28:02,578 | INFO | office_ticket_backend.ocr | google_vision_request_start image=data\uploads\pdf_ticket_p3_Im3.jpg
2026-07-24 17:28:04,339 | INFO | office_ticket_backend.ocr | google_vision_raw_text image=pdf_ticket_p3_Im3.jpg chars=361 first_800=DATE | NOVA CONSTRUCTION COMPANY LTD | LICENSE PLATE | TRUCKER | SOLD TO/ | CHARGED TO | DELIVER TO | MATERIAL | GROSS | TARE | NET | P.O. Box 1328 | Antigonish, NS | B2G 2L7 | Phone: 902-245-6386 Fax: 902-245-5132 | 19/26 | JOB NO. | LONG POINT QUARRY | Lime | Lime | Doherty | Dotorty | Type 1 | 25.350 | 10900 | 14.450 | 07235 | WHITE CUSTOMER COPY | - | RECEIVED BY | Ty | spd | spd | CANARY TRUCKER'S COPY | PINK-OFFICE COPY
2026-07-24 17:28:04,347 | INFO | office_ticket_backend.ocr | google_vision_request_success image=pdf_ticket_p3_Im3.jpg avg_conf=0.93 ticket_id=07235 date= sold_to=07235 / TRUCKER LICENSE DATE plate=1445010900TYPEPHONENOVA trucker=14.450 10900 25.350 Type : Phone NOVA
2026-07-24 17:28:04,347 | INFO | office_ticket_backend.ocr | ocr_extract_provider_selected image=data\uploads\pdf_ticket_p3_Im3.jpg provider=google_vision confidence=0.93
2026-07-24 17:28:04,348 | INFO | office_ticket_backend.ocr | ocr_extract_start image=data\uploads\pdf_ticket_p4_Im4.jpg provider_env=google_vision
2026-07-24 17:28:04,348 | INFO | office_ticket_backend.ocr | google_vision_request_start image=data\uploads\pdf_ticket_p4_Im4.jpg
2026-07-24 17:28:05,964 | INFO | office_ticket_backend.ocr | google_vision_raw_text image=pdf_ticket_p4_Im4.jpg chars=342 first_800=DATE | NOVA CONSTRUCTION COMPANY LTD | P.O. Box 1328 | Antigonish, NS | B2G 2L7 | Phone: 902-245-6386 Fax: 902-245-5132 | May 8 2026 | LICENSE PLATE | JOB NO. | LONG POINT QUARRY | TRUCKER | SOLD TO/ | CHARGED TO | DELIVER TO | Chipman Tructing | MATERIAL | GROSS | TARE | 14, | NET | 07131 | WHITE CUSTOMER COPY | 000 | Tonne | RECEIVED BY | Matt Lloyd | CANARY TRUCKER'S COPY | PINK OFFICE COPY
2026-07-24 17:28:05,972 | INFO | office_ticket_backend.ocr | google_vision_request_success image=pdf_ticket_p4_Im4.jpg avg_conf=0.93 ticket_id=07131 date= sold_to=8 Phone NOVA plate=8PHONENOVA trucker=07131 TO TO / LICENSE May DATE
2026-07-24 17:28:05,972 | INFO | office_ticket_backend.ocr | ocr_extract_provider_selected image=data\uploads\pdf_ticket_p4_Im4.jpg provider=google_vision confidence=0.93
2026-07-24 17:28:05,974 | INFO | office_ticket_backend.ocr | ocr_extract_start image=data\uploads\pdf_ticket_p5_Im5.jpg provider_env=google_vision
2026-07-24 17:28:05,974 | INFO | office_ticket_backend.ocr | google_vision_request_start image=data\uploads\pdf_ticket_p5_Im5.jpg
2026-07-24 17:28:07,668 | INFO | office_ticket_backend.ocr | google_vision_raw_text image=pdf_ticket_p5_Im5.jpg chars=348 first_800=NOVA CONSTRUCTION COMPANY LTD | P.O. Box 1328 | Antigonish, NS | B2G 2L7 | Phone: 902-245-6386 Fax: 902-245-5132 | DATE May 11/26 | LICENSE PLATE | TRUCKER | SOLD TO/ | Alten | JOB NO. | LONG POINT QUARRY | CHARGED TO Potterty Lime HD | DELIVER TO | MATERIAL Serge | GROSS 26000 | TARE 1680 | NET | 14/320 | 07162 | RECEIVED BY | WHITE CUSTOMER COPY | - | CANARY TRUCKER'S COPY | PINK-OFFICE COPY
2026-07-24 17:28:07,675 | INFO | office_ticket_backend.ocr | google_vision_request_success image=pdf_ticket_p5_Im5.jpg avg_conf=0.92 ticket_id=07162 date=2026-05-11 sold_to=1680 Serge PLATE plate=26000ALTEN1126PHONENOVA trucker=1680 26000 Serge Alten 11/26 NOVA
2026-07-24 17:28:07,675 | INFO | office_ticket_backend.ocr | ocr_extract_provider_selected image=data\uploads\pdf_ticket_p5_Im5.jpg provider=google_vision confidence=0.92
2026-07-24 17:28:07,677 | INFO | office_ticket_backend.ocr | ocr_extract_start image=data\uploads\pdf_ticket_p6_Im6.jpg provider_env=google_vision
2026-07-24 17:28:07,678 | INFO | office_ticket_backend.ocr | google_vision_request_start image=data\uploads\pdf_ticket_p6_Im6.jpg
2026-07-24 17:28:09,511 | INFO | office_ticket_backend.ocr | google_vision_raw_text image=pdf_ticket_p6_Im6.jpg chars=322 first_800=NOVA CONSTRUCTION COMPANY LTD | P.O. Box 1328 | Antigonish, NS | B2G 2L7 | Phone: 902-245-6386 Fax: 902-245-5132 | DATE June 1 | 26 | JOB NO. | LICENSE PLATE | LONG POINT QUARRY | TRUCKER | SOLD TO/ | CHARGED TO CRD | DELIVER TO | MATERIAL | GROSS | Back Rock | TARE | 15 T | NET | 00534 | RECEIVED BY | нил | WHITE CUSTOMER COPY | CANARY TRUCKER'S COPY | PINK-OFFICE COPY
2026-07-24 17:28:09,518 | INFO | office_ticket_backend.ocr | google_vision_request_success image=pdf_ticket_p6_Im6.jpg avg_conf=0.92 ticket_id=00534 date= sold_to=00534 TO / PLATE June plate=BACKCRD1PHONENOVA trucker=00534 TO TO / LICENSE DATE
2026-07-24 17:28:09,518 | INFO | office_ticket_backend.ocr | ocr_extract_provider_selected image=data\uploads\pdf_ticket_p6_Im6.jpg provider=google_vision confidence=0.92
2026-07-24 17:28:09,519 | INFO | office_ticket_backend.ocr | ocr_extract_start image=data\uploads\pdf_ticket_p7_Im7.jpg provider_env=google_vision
2026-07-24 17:28:09,519 | INFO | office_ticket_backend.ocr | google_vision_request_start image=data\uploads\pdf_ticket_p7_Im7.jpg
2026-07-24 17:28:11,125 | INFO | office_ticket_backend.ocr | google_vision_raw_text image=pdf_ticket_p7_Im7.jpg chars=291 first_800=DATE | NOVA CONSTRUCTION COMPANY LT | P.O. Box 1328 | Antigonish, NS | B2G 2L7 | Phone: 902-245-6386 Fax: 902-245-5132 | JOB NO. | LICENSE PLATE | LONG POINT QUARRY | TRUCKER | SOLD TO/ | CHARGED TO | DELIVER TO | MATERIAL | GROSS | 15 | TARE | NET | 06738 | RECEIVED BY | WHITE CUSTOMER COPY | CANARY TRUCKER'S COPY | PINK OFFICE COPY
2026-07-24 17:28:11,133 | INFO | office_ticket_backend.ocr | google_vision_request_success image=pdf_ticket_p7_Im7.jpg avg_conf=0.98 ticket_id=06738 date= sold_to=15 Phone NOVA plate=15PHONENOVA trucker=06738 TO TO / LICENSE DATE
2026-07-24 17:28:11,133 | INFO | office_ticket_backend.ocr | ocr_extract_provider_selected image=data\uploads\pdf_ticket_p7_Im7.jpg provider=google_vision confidence=0.98
2026-07-24 17:30:27,954 | INFO | office_ticket_backend.ocr | ocr_extract_start image=data\uploads\pdf_ticket_p1_Im1.jpg provider_env=google_vision
2026-07-24 17:30:28,418 | INFO | office_ticket_backend.ocr | google_vision_request_start image=data\uploads\pdf_ticket_p1_Im1.jpg
2026-07-24 17:30:30,078 | INFO | office_ticket_backend.ocr | google_vision_raw_text image=pdf_ticket_p1_Im1.jpg chars=323 first_800=DATE | NOVA CONSTRUCTION COMPANY LTD | P.O. Box 1328 | Antigonish, NS | B2G 2L7 | Phone: 902-245-6386 Fax: 902-245-5132 | 5088 | LICENSE PLATE | TRUCKER | SOLD TO/ | CHARGED TO | DA | DELIVER TO | MATERIAL | C | GROSS | TARE | NET | 1310 | 26671 | JOB NO. | SEABROOK QUARRY | C | ENTERED MAY 3 7075 | RECEIVED BY | WHITE CUSTOMER COPY | CANARY TRUCKER'S COPY | PINK-OFFICE COPY
2026-07-24 17:30:30,087 | INFO | office_ticket_backend.ocr | google_vision_request_success image=pdf_ticket_p1_Im1.jpg avg_conf=0.96 ticket_id=7075 date=2026-05-03 sold_to=C DA Phone plate=CDAPHONE trucker=C : Phone
2026-07-24 17:30:30,088 | INFO | office_ticket_backend.ocr | ocr_extract_provider_selected image=data\uploads\pdf_ticket_p1_Im1.jpg provider=google_vision confidence=0.96
2026-07-24 17:30:30,089 | INFO | office_ticket_backend.ocr | ocr_extract_start image=data\uploads\pdf_ticket_p2_Im2.jpg provider_env=google_vision
2026-07-24 17:30:30,089 | INFO | office_ticket_backend.ocr | google_vision_request_start image=data\uploads\pdf_ticket_p2_Im2.jpg
2026-07-24 17:30:31,880 | INFO | office_ticket_backend.ocr | google_vision_raw_text image=pdf_ticket_p2_Im2.jpg chars=387 first_800=DATE | NOVA CONSTRUCTION COMPANY LTD | P.O. Box 1328 | Antigonish, NS | B2G 2L7 | Phone: 902-245-6386 Fax: 902-245-5132 | April16/26/JOB NO. | JOB NO. 241260. | DESMOND QUARRY | LICENSE PLATE 58505 | TRUCKER | SOLD TO/ | Premy Wood Blain | Ma | CHARGED TO Municipal Windmill | DELIVER TO | Weavers Mut | MATERIAL | GROSS | 34900 | TARE | 20610 | NET | 0561 | 14290 | RECEIVED BY | WHITE CUSTOMER COPY | CANARY-TRUCKER'S COPY | PINK-OFFICE COPY
2026-07-24 17:30:31,889 | INFO | office_ticket_backend.ocr | google_vision_request_success image=pdf_ticket_p2_Im2.jpg avg_conf=0.90 ticket_id=241260 date=2026-04-16 sold_to=PLATE plate= trucker=14290 20610 34900 Premy April16 : Phone NOVA
2026-07-24 17:30:31,889 | INFO | office_ticket_backend.ocr | ocr_extract_provider_selected image=data\uploads\pdf_ticket_p2_Im2.jpg provider=google_vision confidence=0.90
2026-07-24 17:30:31,890 | INFO | office_ticket_backend.ocr | ocr_extract_start image=data\uploads\pdf_ticket_p3_Im3.jpg provider_env=google_vision
2026-07-24 17:30:31,891 | INFO | office_ticket_backend.ocr | google_vision_request_start image=data\uploads\pdf_ticket_p3_Im3.jpg
2026-07-24 17:30:33,631 | INFO | office_ticket_backend.ocr | google_vision_raw_text image=pdf_ticket_p3_Im3.jpg chars=361 first_800=DATE | NOVA CONSTRUCTION COMPANY LTD | LICENSE PLATE | TRUCKER | SOLD TO/ | CHARGED TO | DELIVER TO | MATERIAL | GROSS | TARE | NET | P.O. Box 1328 | Antigonish, NS | B2G 2L7 | Phone: 902-245-6386 Fax: 902-245-5132 | 19/26 | JOB NO. | LONG POINT QUARRY | Lime | Lime | Doherty | Dotorty | Type 1 | 25.350 | 10900 | 14.450 | 07235 | WHITE CUSTOMER COPY | - | RECEIVED BY | Ty | spd | spd | CANARY TRUCKER'S COPY | PINK-OFFICE COPY
2026-07-24 17:30:33,639 | INFO | office_ticket_backend.ocr | google_vision_request_success image=pdf_ticket_p3_Im3.jpg avg_conf=0.93 ticket_id=07235 date= sold_to=07235 / TRUCKER LICENSE DATE plate=1445010900TYPEPHONENOVA trucker=14.450 10900 25.350 Type : Phone NOVA
2026-07-24 17:30:33,640 | INFO | office_ticket_backend.ocr | ocr_extract_provider_selected image=data\uploads\pdf_ticket_p3_Im3.jpg provider=google_vision confidence=0.93
2026-07-24 17:30:33,640 | INFO | office_ticket_backend.ocr | ocr_extract_start image=data\uploads\pdf_ticket_p4_Im4.jpg provider_env=google_vision
2026-07-24 17:30:33,641 | INFO | office_ticket_backend.ocr | google_vision_request_start image=data\uploads\pdf_ticket_p4_Im4.jpg
2026-07-24 17:30:35,268 | INFO | office_ticket_backend.ocr | google_vision_raw_text image=pdf_ticket_p4_Im4.jpg chars=342 first_800=DATE | NOVA CONSTRUCTION COMPANY LTD | P.O. Box 1328 | Antigonish, NS | B2G 2L7 | Phone: 902-245-6386 Fax: 902-245-5132 | May 8 2026 | LICENSE PLATE | JOB NO. | LONG POINT QUARRY | TRUCKER | SOLD TO/ | CHARGED TO | DELIVER TO | Chipman Tructing | MATERIAL | GROSS | TARE | 14, | NET | 07131 | WHITE CUSTOMER COPY | 000 | Tonne | RECEIVED BY | Matt Lloyd | CANARY TRUCKER'S COPY | PINK OFFICE COPY
2026-07-24 17:30:35,275 | INFO | office_ticket_backend.ocr | google_vision_request_success image=pdf_ticket_p4_Im4.jpg avg_conf=0.93 ticket_id=07131 date=2026-05-08 sold_to=8 Phone NOVA plate=8PHONENOVA trucker=07131 TO TO / LICENSE May DATE
2026-07-24 17:30:35,275 | INFO | office_ticket_backend.ocr | ocr_extract_provider_selected image=data\uploads\pdf_ticket_p4_Im4.jpg provider=google_vision confidence=0.93
2026-07-24 17:30:35,276 | INFO | office_ticket_backend.ocr | ocr_extract_start image=data\uploads\pdf_ticket_p5_Im5.jpg provider_env=google_vision
2026-07-24 17:30:35,277 | INFO | office_ticket_backend.ocr | google_vision_request_start image=data\uploads\pdf_ticket_p5_Im5.jpg
2026-07-24 17:30:36,913 | INFO | office_ticket_backend.ocr | google_vision_raw_text image=pdf_ticket_p5_Im5.jpg chars=348 first_800=NOVA CONSTRUCTION COMPANY LTD | P.O. Box 1328 | Antigonish, NS | B2G 2L7 | Phone: 902-245-6386 Fax: 902-245-5132 | DATE May 11/26 | LICENSE PLATE | TRUCKER | SOLD TO/ | Alten | JOB NO. | LONG POINT QUARRY | CHARGED TO Potterty Lime HD | DELIVER TO | MATERIAL Serge | GROSS 26000 | TARE 1680 | NET | 14/320 | 07162 | RECEIVED BY | WHITE CUSTOMER COPY | - | CANARY TRUCKER'S COPY | PINK-OFFICE COPY
2026-07-24 17:30:36,920 | INFO | office_ticket_backend.ocr | google_vision_request_success image=pdf_ticket_p5_Im5.jpg avg_conf=0.92 ticket_id=07162 date=2026-05-11 sold_to=1680 Serge PLATE plate=26000ALTEN1126PHONENOVA trucker=1680 26000 Serge Alten 11/26 NOVA
2026-07-24 17:30:36,921 | INFO | office_ticket_backend.ocr | ocr_extract_provider_selected image=data\uploads\pdf_ticket_p5_Im5.jpg provider=google_vision confidence=0.92
2026-07-24 17:30:36,922 | INFO | office_ticket_backend.ocr | ocr_extract_start image=data\uploads\pdf_ticket_p6_Im6.jpg provider_env=google_vision
2026-07-24 17:30:36,922 | INFO | office_ticket_backend.ocr | google_vision_request_start image=data\uploads\pdf_ticket_p6_Im6.jpg
2026-07-24 17:30:38,623 | INFO | office_ticket_backend.ocr | google_vision_raw_text image=pdf_ticket_p6_Im6.jpg chars=322 first_800=NOVA CONSTRUCTION COMPANY LTD | P.O. Box 1328 | Antigonish, NS | B2G 2L7 | Phone: 902-245-6386 Fax: 902-245-5132 | DATE June 1 | 26 | JOB NO. | LICENSE PLATE | LONG POINT QUARRY | TRUCKER | SOLD TO/ | CHARGED TO CRD | DELIVER TO | MATERIAL | GROSS | Back Rock | TARE | 15 T | NET | 00534 | RECEIVED BY | нил | WHITE CUSTOMER COPY | CANARY TRUCKER'S COPY | PINK-OFFICE COPY
2026-07-24 17:30:38,630 | INFO | office_ticket_backend.ocr | google_vision_request_success image=pdf_ticket_p6_Im6.jpg avg_conf=0.92 ticket_id=00534 date=2026-06-01 sold_to=00534 TO / PLATE June plate=BACKCRD1PHONENOVA trucker=00534 TO TO / LICENSE DATE
2026-07-24 17:30:38,631 | INFO | office_ticket_backend.ocr | ocr_extract_provider_selected image=data\uploads\pdf_ticket_p6_Im6.jpg provider=google_vision confidence=0.92
2026-07-24 17:30:38,632 | INFO | office_ticket_backend.ocr | ocr_extract_start image=data\uploads\pdf_ticket_p7_Im7.jpg provider_env=google_vision
2026-07-24 17:30:38,632 | INFO | office_ticket_backend.ocr | google_vision_request_start image=data\uploads\pdf_ticket_p7_Im7.jpg
2026-07-24 17:30:40,344 | INFO | office_ticket_backend.ocr | google_vision_raw_text image=pdf_ticket_p7_Im7.jpg chars=291 first_800=DATE | NOVA CONSTRUCTION COMPANY LT | P.O. Box 1328 | Antigonish, NS | B2G 2L7 | Phone: 902-245-6386 Fax: 902-245-5132 | JOB NO. | LICENSE PLATE | LONG POINT QUARRY | TRUCKER | SOLD TO/ | CHARGED TO | DELIVER TO | MATERIAL | GROSS | 15 | TARE | NET | 06738 | RECEIVED BY | WHITE CUSTOMER COPY | CANARY TRUCKER'S COPY | PINK OFFICE COPY
2026-07-24 17:30:40,351 | INFO | office_ticket_backend.ocr | google_vision_request_success image=pdf_ticket_p7_Im7.jpg avg_conf=0.98 ticket_id=06738 date= sold_to=15 Phone NOVA plate=15PHONENOVA trucker=06738 TO TO / LICENSE DATE
2026-07-24 17:30:40,352 | INFO | office_ticket_backend.ocr | ocr_extract_provider_selected image=data\uploads\pdf_ticket_p7_Im7.jpg provider=google_vision confidence=0.98
2026-07-24 17:30:51,487 | INFO | office_ticket_backend.ocr | ocr_extract_start image=data\uploads\pdf_ticket_p1_Im1.jpg provider_env=google_vision
2026-07-24 17:30:51,939 | INFO | office_ticket_backend.ocr | google_vision_request_start image=data\uploads\pdf_ticket_p1_Im1.jpg
2026-07-24 17:30:53,533 | INFO | office_ticket_backend.ocr | google_vision_raw_text image=pdf_ticket_p1_Im1.jpg chars=323 first_800=DATE | NOVA CONSTRUCTION COMPANY LTD | P.O. Box 1328 | Antigonish, NS | B2G 2L7 | Phone: 902-245-6386 Fax: 902-245-5132 | 5088 | LICENSE PLATE | TRUCKER | SOLD TO/ | CHARGED TO | DA | DELIVER TO | MATERIAL | C | GROSS | TARE | NET | 1310 | 26671 | C | JOB NO. | SEABROOK QUARRY | ENTERED MAY 3 7075 | RECEIVED BY | WHITE CUSTOMER COPY | CANARY TRUCKER'S COPY | PINK-OFFICE COPY
2026-07-24 17:30:53,542 | INFO | office_ticket_backend.ocr | google_vision_request_success image=pdf_ticket_p1_Im1.jpg avg_conf=0.96 ticket_id=7075 date=2026-05-03 sold_to=C DA plate=CDA trucker=
2026-07-24 17:30:53,543 | INFO | office_ticket_backend.ocr | ocr_extract_provider_selected image=data\uploads\pdf_ticket_p1_Im1.jpg provider=google_vision confidence=0.96
2026-07-24 17:30:53,543 | INFO | office_ticket_backend.ocr | ocr_extract_start image=data\uploads\pdf_ticket_p2_Im2.jpg provider_env=google_vision
2026-07-24 17:30:53,543 | INFO | office_ticket_backend.ocr | google_vision_request_start image=data\uploads\pdf_ticket_p2_Im2.jpg
2026-07-24 17:30:55,213 | INFO | office_ticket_backend.ocr | google_vision_raw_text image=pdf_ticket_p2_Im2.jpg chars=387 first_800=DATE | NOVA CONSTRUCTION COMPANY LTD | P.O. Box 1328 | Antigonish, NS | B2G 2L7 | Phone: 902-245-6386 Fax: 902-245-5132 | April16/26/JOB NO. | JOB NO. 241260. | DESMOND QUARRY | LICENSE PLATE 58505 | TRUCKER | SOLD TO/ | Premy Wood Blain | Ma | CHARGED TO Municipal Windmill | DELIVER TO | Weavers Mut | MATERIAL | GROSS | 34900 | TARE | 20610 | NET | 0561 | 14290 | RECEIVED BY | WHITE CUSTOMER COPY | CANARY-TRUCKER'S COPY | PINK-OFFICE COPY
2026-07-24 17:30:55,223 | INFO | office_ticket_backend.ocr | google_vision_request_success image=pdf_ticket_p2_Im2.jpg avg_conf=0.90 ticket_id=241260 date=2026-04-16 sold_to= plate= trucker=Premy April16
2026-07-24 17:30:55,223 | INFO | office_ticket_backend.ocr | ocr_extract_provider_selected image=data\uploads\pdf_ticket_p2_Im2.jpg provider=google_vision confidence=0.90
2026-07-24 17:30:55,224 | INFO | office_ticket_backend.ocr | ocr_extract_start image=data\uploads\pdf_ticket_p3_Im3.jpg provider_env=google_vision
2026-07-24 17:30:55,224 | INFO | office_ticket_backend.ocr | google_vision_request_start image=data\uploads\pdf_ticket_p3_Im3.jpg
2026-07-24 17:30:56,988 | INFO | office_ticket_backend.ocr | google_vision_raw_text image=pdf_ticket_p3_Im3.jpg chars=364 first_800=DATE | NOVA CONSTRUCTION COMPANY LTD | P.O. Box 1328 | Antigonish, NS | B2G 2L7 | Phone: 902-245-6386 Fax: 902-245-5132 | Day 1926 | LICENSE PLATE | TRUCKER | SOLD TO/ | CHARGED TO | DELIVER TO | MATERIAL | GROSS | TARE | NET | JOB NO. | LONG POINT QUARRY | Lime | Lime | Doherty | Dotorty | Type 1 | 25.350 | 10900 | 14.450 | 07235 | WHITE CUSTOMER COPY | - | RECEIVED BY | Ty | spd | spd | CANARY TRUCKER'S COPY | PINK-OFFICE COPY
2026-07-24 17:30:56,997 | INFO | office_ticket_backend.ocr | google_vision_request_success image=pdf_ticket_p3_Im3.jpg avg_conf=0.93 ticket_id=07235 date= sold_to=DATE plate=14450TYPEDAY trucker=14.450 Type Day
2026-07-24 17:30:56,998 | INFO | office_ticket_backend.ocr | ocr_extract_provider_selected image=data\uploads\pdf_ticket_p3_Im3.jpg provider=google_vision confidence=0.93
2026-07-24 17:30:56,998 | INFO | office_ticket_backend.ocr | ocr_extract_start image=data\uploads\pdf_ticket_p4_Im4.jpg provider_env=google_vision
2026-07-24 17:30:56,999 | INFO | office_ticket_backend.ocr | google_vision_request_start image=data\uploads\pdf_ticket_p4_Im4.jpg
2026-07-24 17:30:58,659 | INFO | office_ticket_backend.ocr | google_vision_raw_text image=pdf_ticket_p4_Im4.jpg chars=342 first_800=DATE | NOVA CONSTRUCTION COMPANY LTD | P.O. Box 1328 | Antigonish, NS | B2G 2L7 | Phone: 902-245-6386 Fax: 902-245-5132 | May 8 2026 | LICENSE PLATE | JOB NO. | LONG POINT QUARRY | TRUCKER | SOLD TO/ | CHARGED TO | DELIVER TO | Chipman Tructing | MATERIAL | GROSS | TARE | 14, | NET | 07131 | WHITE CUSTOMER COPY | 000 | Tonne | RECEIVED BY | Matt Lloyd | CANARY TRUCKER'S COPY | PINK OFFICE COPY
2026-07-24 17:30:58,667 | INFO | office_ticket_backend.ocr | google_vision_request_success image=pdf_ticket_p4_Im4.jpg avg_conf=0.93 ticket_id=07131 date=2026-05-08 sold_to= plate= trucker=TO TO / May DATE
2026-07-24 17:30:58,667 | INFO | office_ticket_backend.ocr | ocr_extract_provider_selected image=data\uploads\pdf_ticket_p4_Im4.jpg provider=google_vision confidence=0.93
2026-07-24 17:30:58,668 | INFO | office_ticket_backend.ocr | ocr_extract_start image=data\uploads\pdf_ticket_p5_Im5.jpg provider_env=google_vision
2026-07-24 17:30:58,669 | INFO | office_ticket_backend.ocr | google_vision_request_start image=data\uploads\pdf_ticket_p5_Im5.jpg
2026-07-24 17:31:00,323 | INFO | office_ticket_backend.ocr | google_vision_raw_text image=pdf_ticket_p5_Im5.jpg chars=348 first_800=NOVA CONSTRUCTION COMPANY LTD | P.O. Box 1328 | Antigonish, NS | B2G 2L7 | Phone: 902-245-6386 Fax: 902-245-5132 | DATE May 11/26 | LICENSE PLATE | TRUCKER | SOLD TO/ | Alten | JOB NO. | LONG POINT QUARRY | CHARGED TO Potterty Lime HD | DELIVER TO | MATERIAL Serge | GROSS 26000 | TARE 1680 | NET | 14/320 | 07162 | RECEIVED BY | WHITE CUSTOMER COPY | - | CANARY TRUCKER'S COPY | PINK-OFFICE COPY
2026-07-24 17:31:00,332 | INFO | office_ticket_backend.ocr | google_vision_request_success image=pdf_ticket_p5_Im5.jpg avg_conf=0.92 ticket_id=07162 date=2026-05-11 sold_to=1680 Serge plate=ALTEN1126 trucker=1680 Serge Alten 11/26
2026-07-24 17:31:00,332 | INFO | office_ticket_backend.ocr | ocr_extract_provider_selected image=data\uploads\pdf_ticket_p5_Im5.jpg provider=google_vision confidence=0.92
2026-07-24 17:31:00,334 | INFO | office_ticket_backend.ocr | ocr_extract_start image=data\uploads\pdf_ticket_p6_Im6.jpg provider_env=google_vision
2026-07-24 17:31:00,334 | INFO | office_ticket_backend.ocr | google_vision_request_start image=data\uploads\pdf_ticket_p6_Im6.jpg
2026-07-24 17:31:02,062 | INFO | office_ticket_backend.ocr | google_vision_raw_text image=pdf_ticket_p6_Im6.jpg chars=322 first_800=NOVA CONSTRUCTION COMPANY LTD | P.O. Box 1328 | Antigonish, NS | B2G 2L7 | Phone: 902-245-6386 Fax: 902-245-5132 | DATE June 1 | 26 | JOB NO. | LICENSE PLATE | LONG POINT QUARRY | TRUCKER | SOLD TO/ | CHARGED TO CRD | DELIVER TO | MATERIAL | GROSS | Back Rock | TARE | 15 T | NET | 00534 | RECEIVED BY | нил | WHITE CUSTOMER COPY | CANARY TRUCKER'S COPY | PINK-OFFICE COPY
2026-07-24 17:31:02,069 | INFO | office_ticket_backend.ocr | google_vision_request_success image=pdf_ticket_p6_Im6.jpg avg_conf=0.92 ticket_id=00534 date=2026-06-01 sold_to=TO / June plate=BACKCRD1 trucker=TO TO / DATE
2026-07-24 17:31:02,069 | INFO | office_ticket_backend.ocr | ocr_extract_provider_selected image=data\uploads\pdf_ticket_p6_Im6.jpg provider=google_vision confidence=0.92
2026-07-24 17:31:02,069 | INFO | office_ticket_backend.ocr | ocr_extract_start image=data\uploads\pdf_ticket_p7_Im7.jpg provider_env=google_vision
2026-07-24 17:31:02,070 | INFO | office_ticket_backend.ocr | google_vision_request_start image=data\uploads\pdf_ticket_p7_Im7.jpg
2026-07-24 17:31:03,976 | INFO | office_ticket_backend.ocr | google_vision_raw_text image=pdf_ticket_p7_Im7.jpg chars=291 first_800=DATE | NOVA CONSTRUCTION COMPANY LT | P.O. Box 1328 | Antigonish, NS | B2G 2L7 | Phone: 902-245-6386 Fax: 902-245-5132 | JOB NO. | LICENSE PLATE | LONG POINT QUARRY | TRUCKER | SOLD TO/ | CHARGED TO | DELIVER TO | MATERIAL | GROSS | 15 | TARE | NET | 06738 | RECEIVED BY | WHITE CUSTOMER COPY | CANARY TRUCKER'S COPY | PINK OFFICE COPY
2026-07-24 17:31:03,982 | INFO | office_ticket_backend.ocr | google_vision_request_success image=pdf_ticket_p7_Im7.jpg avg_conf=0.98 ticket_id=06738 date= sold_to=15 plate= trucker=TO TO / DATE
2026-07-24 17:31:03,983 | INFO | office_ticket_backend.ocr | ocr_extract_provider_selected image=data\uploads\pdf_ticket_p7_Im7.jpg provider=google_vision confidence=0.98
2026-07-24 17:31:17,434 | INFO | office_ticket_backend.ocr | ocr_extract_start image=E:\Projects\Nova Construction Ticket App\data\uploads\Ticket example 1.jpg provider_env=<empty>
2026-07-24 17:31:17,907 | INFO | office_ticket_backend.ocr | pytesseract_request_start image=E:\Projects\Nova Construction Ticket App\data\uploads\Ticket example 1.jpg
2026-07-24 17:31:19,332 | INFO | office_ticket_backend.ocr | pytesseract_request_success image=E:\Projects\Nova Construction Ticket App\data\uploads\Ticket example 1.jpg conf=0.56
2026-07-24 17:31:19,333 | INFO | office_ticket_backend.ocr | ocr_extract_provider_selected image=E:\Projects\Nova Construction Ticket App\data\uploads\Ticket example 1.jpg provider=pytesseract confidence=0.56
2026-07-24 17:31:19,337 | INFO | office_ticket_backend.app | ticket_inserted ticket_id=0355 provider=pytesseract confidence=0.56 image=E:\Projects\Nova Construction Ticket App\data\uploads\Ticket example 1.jpg
2026-07-24 17:31:19,339 | INFO | office_ticket_backend.ocr | ocr_extract_start image=E:\Projects\Nova Construction Ticket App\data\uploads\Ticket example 2.jpg provider_env=<empty>
2026-07-24 17:31:19,339 | INFO | office_ticket_backend.ocr | pytesseract_request_start image=E:\Projects\Nova Construction Ticket App\data\uploads\Ticket example 2.jpg
2026-07-24 17:31:20,093 | INFO | office_ticket_backend.ocr | pytesseract_request_success image=E:\Projects\Nova Construction Ticket App\data\uploads\Ticket example 2.jpg conf=0.56
2026-07-24 17:31:20,093 | INFO | office_ticket_backend.ocr | ocr_extract_provider_selected image=E:\Projects\Nova Construction Ticket App\data\uploads\Ticket example 2.jpg provider=pytesseract confidence=0.56
2026-07-24 17:31:20,098 | INFO | office_ticket_backend.app | ticket_inserted ticket_id=07173 provider=pytesseract confidence=0.56 image=E:\Projects\Nova Construction Ticket App\data\uploads\Ticket example 2.jpg
2026-07-24 17:31:20,103 | INFO | office_ticket_backend.app | ticket_approved row_id=2 ticket_id=07173
2026-07-24 17:31:20,109 | INFO | office_ticket_backend.app | ticket_approved row_id=1 ticket_id=0355
2026-07-24 17:31:41,102 | INFO | office_ticket_backend.ocr | pytesseract_request_start image=E:\Projects\Nova Construction Ticket App\docs\client_research\Info provided\Images\Ticket example 1.jpg
2026-07-24 17:31:42,530 | INFO | office_ticket_backend.ocr | pytesseract_request_success image=E:\Projects\Nova Construction Ticket App\docs\client_research\Info provided\Images\Ticket example 1.jpg conf=0.56
2026-07-24 17:31:42,531 | INFO | office_ticket_backend.ocr | ocr_extract_start image=E:\Projects\Nova Construction Ticket App\docs\client_research\Info provided\Images\Ticket example 2.jpg provider_env=google_vision
2026-07-24 17:31:43,003 | INFO | office_ticket_backend.ocr | google_vision_request_start image=E:\Projects\Nova Construction Ticket App\docs\client_research\Info provided\Images\Ticket example 2.jpg
2026-07-24 17:31:44,587 | INFO | office_ticket_backend.ocr | google_vision_raw_text image=Ticket example 2.jpg chars=353 first_800=DATE | NOVA CONSTRUCTION COMPANY LT | P.O. Box 1328 | Antigonish, NS | B2G 2L7 | Phone: 902-245-6386 Fax: 902-245-5132 | May 13/26 | LICENSE PLATE | JOB NO. | LONG POINT QUARRY | TRUCKER | SOLD TO/ | CHARGED TO | DELIVER TO | MATERIAL | Gerry fulton | Long Point Rd.. | Type 1 | GROSS 25,000 | TARE | NET | 9800 | 15,200 | 07173 | WHITE CUSTOMER COPY | RECEIVED BY | CANARY TRUCKER'S COPY | PINK-OFFICE COPY
2026-07-24 17:31:44,597 | INFO | office_ticket_backend.ocr | google_vision_request_success image=Ticket example 2.jpg avg_conf=0.93 ticket_id=07173 date=2026-05-13 sold_to=Gerry fulton plate= trucker=
2026-07-24 17:31:44,597 | INFO | office_ticket_backend.ocr | ocr_extract_provider_selected image=E:\Projects\Nova Construction Ticket App\docs\client_research\Info provided\Images\Ticket example 2.jpg provider=google_vision confidence=0.93
2026-07-24 17:33:40,517 | INFO | office_ticket_backend.ocr | ocr_extract_start image=docs\client_research\Info provided\Images\pdf_ticket_p1_Im1.jpg provider_env=google_vision
2026-07-24 17:33:41,042 | INFO | office_ticket_backend.ocr | google_vision_request_start image=docs\client_research\Info provided\Images\pdf_ticket_p1_Im1.jpg
2026-07-24 17:33:42,882 | INFO | office_ticket_backend.ocr | google_vision_raw_text image=pdf_ticket_p1_Im1.jpg chars=323 first_800=DATE | NOVA CONSTRUCTION COMPANY LTD | P.O. Box 1328 | Antigonish, NS | B2G 2L7 | Phone: 902-245-6386 Fax: 902-245-5132 | 5088 | LICENSE PLATE | TRUCKER | SOLD TO/ | CHARGED TO | DA | DELIVER TO | MATERIAL | C | GROSS | TARE | NET | 1310 | 26671 | JOB NO. | SEABROOK QUARRY | C | ENTERED MAY 3 7075 | RECEIVED BY | WHITE CUSTOMER COPY | CANARY TRUCKER'S COPY | PINK-OFFICE COPY
2026-07-24 17:33:42,892 | INFO | office_ticket_backend.ocr | google_vision_request_success image=pdf_ticket_p1_Im1.jpg avg_conf=0.96 ticket_id=7075 date=2026-05-03 sold_to=C DA plate=CDA trucker=
2026-07-24 17:33:42,893 | INFO | office_ticket_backend.ocr | ocr_extract_provider_selected image=docs\client_research\Info provided\Images\pdf_ticket_p1_Im1.jpg provider=google_vision confidence=0.96
2026-07-24 17:33:42,894 | INFO | office_ticket_backend.ocr | ocr_extract_start image=docs\client_research\Info provided\Images\pdf_ticket_p2_Im2.jpg provider_env=google_vision
2026-07-24 17:33:42,894 | INFO | office_ticket_backend.ocr | google_vision_request_start image=docs\client_research\Info provided\Images\pdf_ticket_p2_Im2.jpg
2026-07-24 17:33:44,535 | INFO | office_ticket_backend.ocr | google_vision_raw_text image=pdf_ticket_p2_Im2.jpg chars=387 first_800=DATE | NOVA CONSTRUCTION COMPANY LTD | P.O. Box 1328 | Antigonish, NS | B2G 2L7 | Phone: 902-245-6386 Fax: 902-245-5132 | April16/26/JOB NO. | JOB NO. 241260. | DESMOND QUARRY | LICENSE PLATE 58505 | TRUCKER | SOLD TO/ | Premy Wood Blain | Ma | CHARGED TO Municipal Windmill | DELIVER TO | Weavers Mut | MATERIAL | GROSS | 34900 | TARE | 20610 | NET | 0561 | 14290 | RECEIVED BY | WHITE CUSTOMER COPY | CANARY-TRUCKER'S COPY | PINK-OFFICE COPY
2026-07-24 17:33:44,546 | INFO | office_ticket_backend.ocr | google_vision_request_success image=pdf_ticket_p2_Im2.jpg avg_conf=0.90 ticket_id=241260 date=2026-04-16 sold_to= plate= trucker=Premy April16
2026-07-24 17:33:44,547 | INFO | office_ticket_backend.ocr | ocr_extract_provider_selected image=docs\client_research\Info provided\Images\pdf_ticket_p2_Im2.jpg provider=google_vision confidence=0.90
2026-07-24 17:33:44,548 | INFO | office_ticket_backend.ocr | ocr_extract_start image=docs\client_research\Info provided\Images\pdf_ticket_p3_Im3.jpg provider_env=google_vision
2026-07-24 17:33:44,548 | INFO | office_ticket_backend.ocr | google_vision_request_start image=docs\client_research\Info provided\Images\pdf_ticket_p3_Im3.jpg
2026-07-24 17:33:46,303 | INFO | office_ticket_backend.ocr | google_vision_raw_text image=pdf_ticket_p3_Im3.jpg chars=364 first_800=DATE | NOVA CONSTRUCTION COMPANY LTD | P.O. Box 1328 | Antigonish, NS | B2G 2L7 | Phone: 902-245-6386 Fax: 902-245-5132 | Day 1926 | LICENSE PLATE | TRUCKER | SOLD TO/ | CHARGED TO | DELIVER TO | MATERIAL | GROSS | TARE | NET | JOB NO. | LONG POINT QUARRY | Lime | Lime | Doherty | Dotorty | Type 1 | 25.350 | 10900 | 14.450 | 07235 | WHITE CUSTOMER COPY | - | RECEIVED BY | Ty | spd | spd | CANARY TRUCKER'S COPY | PINK-OFFICE COPY
2026-07-24 17:33:46,310 | INFO | office_ticket_backend.ocr | google_vision_request_success image=pdf_ticket_p3_Im3.jpg avg_conf=0.93 ticket_id=07235 date= sold_to=DATE plate=14450TYPEDAY trucker=14.450 Type Day
2026-07-24 17:33:46,311 | INFO | office_ticket_backend.ocr | ocr_extract_provider_selected image=docs\client_research\Info provided\Images\pdf_ticket_p3_Im3.jpg provider=google_vision confidence=0.93
2026-07-24 17:33:46,313 | INFO | office_ticket_backend.ocr | ocr_extract_start image=docs\client_research\Info provided\Images\pdf_ticket_p4_Im4.jpg provider_env=google_vision
2026-07-24 17:33:46,313 | INFO | office_ticket_backend.ocr | google_vision_request_start image=docs\client_research\Info provided\Images\pdf_ticket_p4_Im4.jpg
2026-07-24 17:33:48,027 | INFO | office_ticket_backend.ocr | google_vision_raw_text image=pdf_ticket_p4_Im4.jpg chars=342 first_800=DATE | NOVA CONSTRUCTION COMPANY LTD | P.O. Box 1328 | Antigonish, NS | B2G 2L7 | Phone: 902-245-6386 Fax: 902-245-5132 | May 8 2026 | LICENSE PLATE | JOB NO. | LONG POINT QUARRY | TRUCKER | SOLD TO/ | CHARGED TO | DELIVER TO | Chipman Tructing | MATERIAL | GROSS | TARE | 14, | NET | 07131 | WHITE CUSTOMER COPY | 000 | Tonne | RECEIVED BY | Matt Lloyd | CANARY TRUCKER'S COPY | PINK OFFICE COPY
2026-07-24 17:33:48,034 | INFO | office_ticket_backend.ocr | google_vision_request_success image=pdf_ticket_p4_Im4.jpg avg_conf=0.93 ticket_id=07131 date=2026-05-08 sold_to= plate= trucker=TO TO / May DATE
2026-07-24 17:33:48,034 | INFO | office_ticket_backend.ocr | ocr_extract_provider_selected image=docs\client_research\Info provided\Images\pdf_ticket_p4_Im4.jpg provider=google_vision confidence=0.93
2026-07-24 17:33:48,035 | INFO | office_ticket_backend.ocr | ocr_extract_start image=docs\client_research\Info provided\Images\pdf_ticket_p5_Im5.jpg provider_env=google_vision
2026-07-24 17:33:48,035 | INFO | office_ticket_backend.ocr | google_vision_request_start image=docs\client_research\Info provided\Images\pdf_ticket_p5_Im5.jpg
2026-07-24 17:33:49,745 | INFO | office_ticket_backend.ocr | google_vision_raw_text image=pdf_ticket_p5_Im5.jpg chars=348 first_800=NOVA CONSTRUCTION COMPANY LTD | P.O. Box 1328 | Antigonish, NS | B2G 2L7 | Phone: 902-245-6386 Fax: 902-245-5132 | DATE May 11/26 | LICENSE PLATE | TRUCKER | SOLD TO/ | Alten | JOB NO. | LONG POINT QUARRY | CHARGED TO Potterty Lime HD | DELIVER TO | MATERIAL Serge | GROSS 26000 | TARE 1680 | NET | 14/320 | 07162 | RECEIVED BY | WHITE CUSTOMER COPY | - | CANARY TRUCKER'S COPY | PINK-OFFICE COPY
2026-07-24 17:33:49,754 | INFO | office_ticket_backend.ocr | google_vision_request_success image=pdf_ticket_p5_Im5.jpg avg_conf=0.92 ticket_id=07162 date=2026-05-11 sold_to=1680 Serge plate=ALTEN1126 trucker=1680 Serge Alten 11/26
2026-07-24 17:33:49,754 | INFO | office_ticket_backend.ocr | ocr_extract_provider_selected image=docs\client_research\Info provided\Images\pdf_ticket_p5_Im5.jpg provider=google_vision confidence=0.92
2026-07-24 17:33:49,754 | INFO | office_ticket_backend.ocr | ocr_extract_start image=docs\client_research\Info provided\Images\pdf_ticket_p6_Im6.jpg provider_env=google_vision
2026-07-24 17:33:49,755 | INFO | office_ticket_backend.ocr | google_vision_request_start image=docs\client_research\Info provided\Images\pdf_ticket_p6_Im6.jpg
2026-07-24 17:33:51,589 | INFO | office_ticket_backend.ocr | google_vision_raw_text image=pdf_ticket_p6_Im6.jpg chars=322 first_800=NOVA CONSTRUCTION COMPANY LTD | P.O. Box 1328 | Antigonish, NS | B2G 2L7 | Phone: 902-245-6386 Fax: 902-245-5132 | DATE June 1 | 26 | JOB NO. | LICENSE PLATE | LONG POINT QUARRY | TRUCKER | SOLD TO/ | CHARGED TO CRD | DELIVER TO | MATERIAL | GROSS | Back Rock | TARE | 15 T | NET | 00534 | RECEIVED BY | нил | WHITE CUSTOMER COPY | CANARY TRUCKER'S COPY | PINK-OFFICE COPY
2026-07-24 17:33:51,597 | INFO | office_ticket_backend.ocr | google_vision_request_success image=pdf_ticket_p6_Im6.jpg avg_conf=0.92 ticket_id=00534 date=2026-06-01 sold_to=TO / June plate=BACKCRD1 trucker=TO TO / DATE
2026-07-24 17:33:51,597 | INFO | office_ticket_backend.ocr | ocr_extract_provider_selected image=docs\client_research\Info provided\Images\pdf_ticket_p6_Im6.jpg provider=google_vision confidence=0.92
2026-07-24 17:33:51,598 | INFO | office_ticket_backend.ocr | ocr_extract_start image=docs\client_research\Info provided\Images\pdf_ticket_p7_Im7.jpg provider_env=google_vision
2026-07-24 17:33:51,599 | INFO | office_ticket_backend.ocr | google_vision_request_start image=docs\client_research\Info provided\Images\pdf_ticket_p7_Im7.jpg
2026-07-24 17:33:53,285 | INFO | office_ticket_backend.ocr | google_vision_raw_text image=pdf_ticket_p7_Im7.jpg chars=291 first_800=DATE | NOVA CONSTRUCTION COMPANY LT | P.O. Box 1328 | Antigonish, NS | B2G 2L7 | Phone: 902-245-6386 Fax: 902-245-5132 | JOB NO. | LICENSE PLATE | LONG POINT QUARRY | TRUCKER | SOLD TO/ | CHARGED TO | DELIVER TO | MATERIAL | GROSS | 15 | TARE | NET | 06738 | RECEIVED BY | WHITE CUSTOMER COPY | CANARY TRUCKER'S COPY | PINK OFFICE COPY
2026-07-24 17:33:53,292 | INFO | office_ticket_backend.ocr | google_vision_request_success image=pdf_ticket_p7_Im7.jpg avg_conf=0.98 ticket_id=06738 date= sold_to=15 plate= trucker=TO TO / DATE
2026-07-24 17:33:53,292 | INFO | office_ticket_backend.ocr | ocr_extract_provider_selected image=docs\client_research\Info provided\Images\pdf_ticket_p7_Im7.jpg provider=google_vision confidence=0.98
2026-07-24 17:34:01,744 | INFO | office_ticket_backend.ocr | ocr_extract_start image=docs\client_research\Info provided\Images\pdf_ticket_p1_Im1.jpg provider_env=google_vision
2026-07-24 17:34:02,264 | INFO | office_ticket_backend.ocr | google_vision_request_start image=docs\client_research\Info provided\Images\pdf_ticket_p1_Im1.jpg
2026-07-24 17:34:04,033 | INFO | office_ticket_backend.ocr | google_vision_raw_text image=pdf_ticket_p1_Im1.jpg chars=323 first_800=DATE | NOVA CONSTRUCTION COMPANY LTD | P.O. Box 1328 | Antigonish, NS | B2G 2L7 | Phone: 902-245-6386 Fax: 902-245-5132 | 5088 | LICENSE PLATE | TRUCKER | SOLD TO/ | CHARGED TO | DA | DELIVER TO | MATERIAL | C | GROSS | TARE | NET | 1310 | 26671 | C | JOB NO. | SEABROOK QUARRY | ENTERED MAY 3 7075 | RECEIVED BY | WHITE CUSTOMER COPY | CANARY TRUCKER'S COPY | PINK-OFFICE COPY
2026-07-24 17:34:04,043 | INFO | office_ticket_backend.ocr | google_vision_request_success image=pdf_ticket_p1_Im1.jpg avg_conf=0.96 ticket_id=7075 date=2026-05-03 sold_to=C DA plate=CDA trucker=
2026-07-24 17:34:04,043 | INFO | office_ticket_backend.ocr | ocr_extract_provider_selected image=docs\client_research\Info provided\Images\pdf_ticket_p1_Im1.jpg provider=google_vision confidence=0.96
2026-07-24 17:34:04,045 | INFO | office_ticket_backend.ocr | ocr_extract_start image=docs\client_research\Info provided\Images\pdf_ticket_p2_Im2.jpg provider_env=google_vision
2026-07-24 17:34:04,045 | INFO | office_ticket_backend.ocr | google_vision_request_start image=docs\client_research\Info provided\Images\pdf_ticket_p2_Im2.jpg
2026-07-24 17:34:05,694 | INFO | office_ticket_backend.ocr | google_vision_raw_text image=pdf_ticket_p2_Im2.jpg chars=387 first_800=DATE | NOVA CONSTRUCTION COMPANY LTD | P.O. Box 1328 | Antigonish, NS | B2G 2L7 | Phone: 902-245-6386 Fax: 902-245-5132 | April16/26/JOB NO. | JOB NO. 241260. | DESMOND QUARRY | LICENSE PLATE 58505 | TRUCKER | SOLD TO/ | Premy Wood Blain | Ma | CHARGED TO Municipal Windmill | DELIVER TO | Weavers Mut | MATERIAL | GROSS | 34900 | TARE | 20610 | NET | 0561 | 14290 | RECEIVED BY | WHITE CUSTOMER COPY | CANARY-TRUCKER'S COPY | PINK-OFFICE COPY
2026-07-24 17:34:05,703 | INFO | office_ticket_backend.ocr | google_vision_request_success image=pdf_ticket_p2_Im2.jpg avg_conf=0.90 ticket_id=241260 date=2026-04-16 sold_to= plate= trucker=Premy April16
2026-07-24 17:34:05,704 | INFO | office_ticket_backend.ocr | ocr_extract_provider_selected image=docs\client_research\Info provided\Images\pdf_ticket_p2_Im2.jpg provider=google_vision confidence=0.90
2026-07-24 17:34:05,705 | INFO | office_ticket_backend.ocr | ocr_extract_start image=docs\client_research\Info provided\Images\pdf_ticket_p3_Im3.jpg provider_env=google_vision
2026-07-24 17:34:05,705 | INFO | office_ticket_backend.ocr | google_vision_request_start image=docs\client_research\Info provided\Images\pdf_ticket_p3_Im3.jpg
2026-07-24 17:34:07,313 | INFO | office_ticket_backend.ocr | google_vision_raw_text image=pdf_ticket_p3_Im3.jpg chars=364 first_800=DATE | NOVA CONSTRUCTION COMPANY LTD | P.O. Box 1328 | Antigonish, NS | B2G 2L7 | Phone: 902-245-6386 Fax: 902-245-5132 | Day 1926 | LICENSE PLATE | TRUCKER | SOLD TO/ | CHARGED TO | DELIVER TO | MATERIAL | GROSS | TARE | NET | JOB NO. | LONG POINT QUARRY | Lime | Lime | Doherty | Dotorty | Type 1 | 25.350 | 10900 | 14.450 | 07235 | WHITE CUSTOMER COPY | - | RECEIVED BY | Ty | spd | spd | CANARY TRUCKER'S COPY | PINK-OFFICE COPY
2026-07-24 17:34:07,321 | INFO | office_ticket_backend.ocr | google_vision_request_success image=pdf_ticket_p3_Im3.jpg avg_conf=0.93 ticket_id=07235 date= sold_to=DATE plate=14450TYPEDAY trucker=14.450 Type Day
2026-07-24 17:34:07,321 | INFO | office_ticket_backend.ocr | ocr_extract_provider_selected image=docs\client_research\Info provided\Images\pdf_ticket_p3_Im3.jpg provider=google_vision confidence=0.93
2026-07-24 17:34:07,322 | INFO | office_ticket_backend.ocr | ocr_extract_start image=docs\client_research\Info provided\Images\pdf_ticket_p4_Im4.jpg provider_env=google_vision
2026-07-24 17:34:07,323 | INFO | office_ticket_backend.ocr | google_vision_request_start image=docs\client_research\Info provided\Images\pdf_ticket_p4_Im4.jpg
2026-07-24 17:34:08,920 | INFO | office_ticket_backend.ocr | google_vision_raw_text image=pdf_ticket_p4_Im4.jpg chars=342 first_800=DATE | NOVA CONSTRUCTION COMPANY LTD | P.O. Box 1328 | Antigonish, NS | B2G 2L7 | Phone: 902-245-6386 Fax: 902-245-5132 | May 8 2026 | LICENSE PLATE | JOB NO. | LONG POINT QUARRY | TRUCKER | SOLD TO/ | CHARGED TO | DELIVER TO | Chipman Tructing | MATERIAL | GROSS | TARE | 14, | NET | 07131 | WHITE CUSTOMER COPY | 000 | Tonne | RECEIVED BY | Matt Lloyd | CANARY TRUCKER'S COPY | PINK OFFICE COPY
2026-07-24 17:34:08,928 | INFO | office_ticket_backend.ocr | google_vision_request_success image=pdf_ticket_p4_Im4.jpg avg_conf=0.93 ticket_id=07131 date=2026-05-08 sold_to= plate= trucker=TO TO / May DATE
2026-07-24 17:34:08,929 | INFO | office_ticket_backend.ocr | ocr_extract_provider_selected image=docs\client_research\Info provided\Images\pdf_ticket_p4_Im4.jpg provider=google_vision confidence=0.93
2026-07-24 17:34:08,930 | INFO | office_ticket_backend.ocr | ocr_extract_start image=docs\client_research\Info provided\Images\pdf_ticket_p5_Im5.jpg provider_env=google_vision
2026-07-24 17:34:08,930 | INFO | office_ticket_backend.ocr | google_vision_request_start image=docs\client_research\Info provided\Images\pdf_ticket_p5_Im5.jpg
2026-07-24 17:34:10,584 | INFO | office_ticket_backend.ocr | google_vision_raw_text image=pdf_ticket_p5_Im5.jpg chars=348 first_800=NOVA CONSTRUCTION COMPANY LTD | P.O. Box 1328 | Antigonish, NS | B2G 2L7 | Phone: 902-245-6386 Fax: 902-245-5132 | DATE May 11/26 | LICENSE PLATE | TRUCKER | SOLD TO/ | Alten | JOB NO. | LONG POINT QUARRY | CHARGED TO Potterty Lime HD | DELIVER TO | MATERIAL Serge | GROSS 26000 | TARE 1680 | NET | 14/320 | 07162 | RECEIVED BY | WHITE CUSTOMER COPY | - | CANARY TRUCKER'S COPY | PINK-OFFICE COPY
2026-07-24 17:34:10,590 | INFO | office_ticket_backend.ocr | google_vision_request_success image=pdf_ticket_p5_Im5.jpg avg_conf=0.92 ticket_id=07162 date=2026-05-11 sold_to=1680 Serge plate=ALTEN1126 trucker=1680 Serge Alten 11/26
2026-07-24 17:34:10,592 | INFO | office_ticket_backend.ocr | ocr_extract_provider_selected image=docs\client_research\Info provided\Images\pdf_ticket_p5_Im5.jpg provider=google_vision confidence=0.92
2026-07-24 17:34:10,593 | INFO | office_ticket_backend.ocr | ocr_extract_start image=docs\client_research\Info provided\Images\pdf_ticket_p6_Im6.jpg provider_env=google_vision
2026-07-24 17:34:10,593 | INFO | office_ticket_backend.ocr | google_vision_request_start image=docs\client_research\Info provided\Images\pdf_ticket_p6_Im6.jpg
2026-07-24 17:34:12,273 | INFO | office_ticket_backend.ocr | google_vision_raw_text image=pdf_ticket_p6_Im6.jpg chars=322 first_800=NOVA CONSTRUCTION COMPANY LTD | P.O. Box 1328 | Antigonish, NS | B2G 2L7 | Phone: 902-245-6386 Fax: 902-245-5132 | DATE June 1 | 26 | JOB NO. | LICENSE PLATE | LONG POINT QUARRY | TRUCKER | SOLD TO/ | CHARGED TO CRD | DELIVER TO | MATERIAL | GROSS | Back Rock | TARE | 15 T | NET | 00534 | RECEIVED BY | нил | WHITE CUSTOMER COPY | CANARY TRUCKER'S COPY | PINK-OFFICE COPY
2026-07-24 17:34:12,280 | INFO | office_ticket_backend.ocr | google_vision_request_success image=pdf_ticket_p6_Im6.jpg avg_conf=0.92 ticket_id=00534 date=2026-06-01 sold_to=TO / June plate=BACKCRD1 trucker=TO TO / DATE
2026-07-24 17:34:12,280 | INFO | office_ticket_backend.ocr | ocr_extract_provider_selected image=docs\client_research\Info provided\Images\pdf_ticket_p6_Im6.jpg provider=google_vision confidence=0.92
2026-07-24 17:34:12,282 | INFO | office_ticket_backend.ocr | ocr_extract_start image=docs\client_research\Info provided\Images\pdf_ticket_p7_Im7.jpg provider_env=google_vision
2026-07-24 17:34:12,282 | INFO | office_ticket_backend.ocr | google_vision_request_start image=docs\client_research\Info provided\Images\pdf_ticket_p7_Im7.jpg
2026-07-24 17:34:13,931 | INFO | office_ticket_backend.ocr | google_vision_raw_text image=pdf_ticket_p7_Im7.jpg chars=291 first_800=DATE | NOVA CONSTRUCTION COMPANY LT | P.O. Box 1328 | Antigonish, NS | B2G 2L7 | Phone: 902-245-6386 Fax: 902-245-5132 | JOB NO. | LICENSE PLATE | LONG POINT QUARRY | TRUCKER | SOLD TO/ | CHARGED TO | DELIVER TO | MATERIAL | GROSS | 15 | TARE | NET | 06738 | RECEIVED BY | WHITE CUSTOMER COPY | CANARY TRUCKER'S COPY | PINK OFFICE COPY
2026-07-24 17:34:13,937 | INFO | office_ticket_backend.ocr | google_vision_request_success image=pdf_ticket_p7_Im7.jpg avg_conf=0.98 ticket_id=06738 date= sold_to=15 plate= trucker=TO TO / DATE
2026-07-24 17:34:13,938 | INFO | office_ticket_backend.ocr | ocr_extract_provider_selected image=docs\client_research\Info provided\Images\pdf_ticket_p7_Im7.jpg provider=google_vision confidence=0.98
2026-07-24 17:34:22,426 | INFO | office_ticket_backend.ocr | ocr_extract_start image=docs\client_research\Info provided\Images\pdf_ticket_p1_Im1.jpg provider_env=google_vision
2026-07-24 17:34:22,903 | INFO | office_ticket_backend.ocr | google_vision_request_start image=docs\client_research\Info provided\Images\pdf_ticket_p1_Im1.jpg
2026-07-24 17:34:24,639 | INFO | office_ticket_backend.ocr | google_vision_raw_text image=pdf_ticket_p1_Im1.jpg chars=323 first_800=DATE | NOVA CONSTRUCTION COMPANY LTD | P.O. Box 1328 | Antigonish, NS | B2G 2L7 | Phone: 902-245-6386 Fax: 902-245-5132 | 5088 | LICENSE PLATE | TRUCKER | SOLD TO/ | CHARGED TO | DA | DELIVER TO | MATERIAL | C | GROSS | TARE | NET | 1310 | 26671 | JOB NO. | SEABROOK QUARRY | C | ENTERED MAY 3 7075 | RECEIVED BY | WHITE CUSTOMER COPY | CANARY TRUCKER'S COPY | PINK-OFFICE COPY
2026-07-24 17:34:24,647 | ERROR | office_ticket_backend.ocr | ocr_extract_google_failed image=docs\client_research\Info provided\Images\pdf_ticket_p1_Im1.jpg error=UnboundLocalError: local variable 'text_g' referenced before assignment
Traceback (most recent call last):
  File "E:\Projects\Nova Construction Ticket App\.\ocr.py", line 849, in extract_ticket_data
    parsed, confidence = _extract_with_google_vision(image_path)
  File "E:\Projects\Nova Construction Ticket App\.\ocr.py", line 635, in _extract_with_google_vision
    gross, tare, net = _solve_weights(raw_text, ticket_id)
  File "E:\Projects\Nova Construction Ticket App\.\ocr.py", line 599, in _solve_weights
    if text_g and text_g.isdigit() and int(text_g) == tid_num: text_g = ""
UnboundLocalError: local variable 'text_g' referenced before assignment
2026-07-24 17:34:25,126 | INFO | office_ticket_backend.ocr | pytesseract_request_start image=docs\client_research\Info provided\Images\pdf_ticket_p1_Im1.jpg
2026-07-24 17:34:26,473 | INFO | office_ticket_backend.ocr | pytesseract_request_success image=docs\client_research\Info provided\Images\pdf_ticket_p1_Im1.jpg conf=0.36
2026-07-24 17:34:26,474 | WARNING | office_ticket_backend.ocr | ocr_extract_fallback image=docs\client_research\Info provided\Images\pdf_ticket_p1_Im1.jpg provider=pytesseract reason=UnboundLocalError: local variable 'text_g' referenced before assignment
2026-07-24 17:34:26,474 | INFO | office_ticket_backend.ocr | ocr_extract_provider_selected image=docs\client_research\Info provided\Images\pdf_ticket_p1_Im1.jpg provider=pytesseract confidence=0.36
2026-07-24 17:34:26,474 | INFO | office_ticket_backend.ocr | ocr_extract_start image=docs\client_research\Info provided\Images\pdf_ticket_p2_Im2.jpg provider_env=google_vision
2026-07-24 17:34:26,474 | INFO | office_ticket_backend.ocr | google_vision_request_start image=docs\client_research\Info provided\Images\pdf_ticket_p2_Im2.jpg
2026-07-24 17:34:28,115 | INFO | office_ticket_backend.ocr | google_vision_raw_text image=pdf_ticket_p2_Im2.jpg chars=387 first_800=DATE | NOVA CONSTRUCTION COMPANY LTD | P.O. Box 1328 | Antigonish, NS | B2G 2L7 | Phone: 902-245-6386 Fax: 902-245-5132 | April16/26/JOB NO. | JOB NO. 241260. | DESMOND QUARRY | LICENSE PLATE 58505 | TRUCKER | SOLD TO/ | Premy Wood Blain | Ma | CHARGED TO Municipal Windmill | DELIVER TO | Weavers Mut | MATERIAL | GROSS | 34900 | TARE | 20610 | NET | 0561 | 14290 | RECEIVED BY | WHITE CUSTOMER COPY | CANARY-TRUCKER'S COPY | PINK-OFFICE COPY
2026-07-24 17:34:28,123 | ERROR | office_ticket_backend.ocr | ocr_extract_google_failed image=docs\client_research\Info provided\Images\pdf_ticket_p2_Im2.jpg error=UnboundLocalError: local variable 'text_g' referenced before assignment
Traceback (most recent call last):
  File "E:\Projects\Nova Construction Ticket App\.\ocr.py", line 849, in extract_ticket_data
    parsed, confidence = _extract_with_google_vision(image_path)
  File "E:\Projects\Nova Construction Ticket App\.\ocr.py", line 635, in _extract_with_google_vision
    gross, tare, net = _solve_weights(raw_text, ticket_id)
  File "E:\Projects\Nova Construction Ticket App\.\ocr.py", line 599, in _solve_weights
    if text_g and text_g.isdigit() and int(text_g) == tid_num: text_g = ""
UnboundLocalError: local variable 'text_g' referenced before assignment
2026-07-24 17:34:28,123 | INFO | office_ticket_backend.ocr | pytesseract_request_start image=docs\client_research\Info provided\Images\pdf_ticket_p2_Im2.jpg
2026-07-24 17:34:29,525 | INFO | office_ticket_backend.ocr | pytesseract_request_success image=docs\client_research\Info provided\Images\pdf_ticket_p2_Im2.jpg conf=0.37
2026-07-24 17:34:29,525 | WARNING | office_ticket_backend.ocr | ocr_extract_fallback image=docs\client_research\Info provided\Images\pdf_ticket_p2_Im2.jpg provider=pytesseract reason=UnboundLocalError: local variable 'text_g' referenced before assignment
2026-07-24 17:34:29,525 | INFO | office_ticket_backend.ocr | ocr_extract_provider_selected image=docs\client_research\Info provided\Images\pdf_ticket_p2_Im2.jpg provider=pytesseract confidence=0.37
2026-07-24 17:34:29,525 | INFO | office_ticket_backend.ocr | ocr_extract_start image=docs\client_research\Info provided\Images\pdf_ticket_p3_Im3.jpg provider_env=google_vision
2026-07-24 17:34:29,525 | INFO | office_ticket_backend.ocr | google_vision_request_start image=docs\client_research\Info provided\Images\pdf_ticket_p3_Im3.jpg
2026-07-24 17:34:31,205 | INFO | office_ticket_backend.ocr | google_vision_raw_text image=pdf_ticket_p3_Im3.jpg chars=361 first_800=DATE | NOVA CONSTRUCTION COMPANY LTD | LICENSE PLATE | TRUCKER | SOLD TO/ | CHARGED TO | DELIVER TO | MATERIAL | GROSS | TARE | NET | P.O. Box 1328 | Antigonish, NS | B2G 2L7 | Phone: 902-245-6386 Fax: 902-245-5132 | 19/26 | JOB NO. | LONG POINT QUARRY | Lime | Lime | Doherty | Dotorty | Type 1 | 25.350 | 10900 | 14.450 | 07235 | WHITE CUSTOMER COPY | - | RECEIVED BY | Ty | spd | spd | CANARY TRUCKER'S COPY | PINK-OFFICE COPY
2026-07-24 17:34:31,212 | ERROR | office_ticket_backend.ocr | ocr_extract_google_failed image=docs\client_research\Info provided\Images\pdf_ticket_p3_Im3.jpg error=UnboundLocalError: local variable 'text_g' referenced before assignment
Traceback (most recent call last):
  File "E:\Projects\Nova Construction Ticket App\.\ocr.py", line 849, in extract_ticket_data
    parsed, confidence = _extract_with_google_vision(image_path)
  File "E:\Projects\Nova Construction Ticket App\.\ocr.py", line 635, in _extract_with_google_vision
    gross, tare, net = _solve_weights(raw_text, ticket_id)
  File "E:\Projects\Nova Construction Ticket App\.\ocr.py", line 599, in _solve_weights
    if text_g and text_g.isdigit() and int(text_g) == tid_num: text_g = ""
UnboundLocalError: local variable 'text_g' referenced before assignment
2026-07-24 17:34:31,213 | INFO | office_ticket_backend.ocr | pytesseract_request_start image=docs\client_research\Info provided\Images\pdf_ticket_p3_Im3.jpg
2026-07-24 17:34:32,014 | INFO | office_ticket_backend.ocr | pytesseract_request_success image=docs\client_research\Info provided\Images\pdf_ticket_p3_Im3.jpg conf=0.00
2026-07-24 17:34:32,014 | WARNING | office_ticket_backend.ocr | ocr_extract_fallback image=docs\client_research\Info provided\Images\pdf_ticket_p3_Im3.jpg provider=pytesseract reason=UnboundLocalError: local variable 'text_g' referenced before assignment
2026-07-24 17:34:32,014 | INFO | office_ticket_backend.ocr | ocr_extract_provider_selected image=docs\client_research\Info provided\Images\pdf_ticket_p3_Im3.jpg provider=pytesseract confidence=0.00
2026-07-24 17:34:32,014 | INFO | office_ticket_backend.ocr | ocr_extract_start image=docs\client_research\Info provided\Images\pdf_ticket_p4_Im4.jpg provider_env=google_vision
2026-07-24 17:34:32,014 | INFO | office_ticket_backend.ocr | google_vision_request_start image=docs\client_research\Info provided\Images\pdf_ticket_p4_Im4.jpg
2026-07-24 17:34:33,745 | INFO | office_ticket_backend.ocr | google_vision_raw_text image=pdf_ticket_p4_Im4.jpg chars=342 first_800=DATE | NOVA CONSTRUCTION COMPANY LTD | P.O. Box 1328 | Antigonish, NS | B2G 2L7 | Phone: 902-245-6386 Fax: 902-245-5132 | May 8 2026 | LICENSE PLATE | JOB NO. | LONG POINT QUARRY | TRUCKER | SOLD TO/ | CHARGED TO | DELIVER TO | Chipman Tructing | MATERIAL | GROSS | TARE | 14, | NET | 07131 | WHITE CUSTOMER COPY | 000 | Tonne | RECEIVED BY | Matt Lloyd | CANARY TRUCKER'S COPY | PINK OFFICE COPY
2026-07-24 17:34:33,750 | ERROR | office_ticket_backend.ocr | ocr_extract_google_failed image=docs\client_research\Info provided\Images\pdf_ticket_p4_Im4.jpg error=UnboundLocalError: local variable 'text_g' referenced before assignment
Traceback (most recent call last):
  File "E:\Projects\Nova Construction Ticket App\.\ocr.py", line 849, in extract_ticket_data
    parsed, confidence = _extract_with_google_vision(image_path)
  File "E:\Projects\Nova Construction Ticket App\.\ocr.py", line 635, in _extract_with_google_vision
    gross, tare, net = _solve_weights(raw_text, ticket_id)
  File "E:\Projects\Nova Construction Ticket App\.\ocr.py", line 599, in _solve_weights
    if text_g and text_g.isdigit() and int(text_g) == tid_num: text_g = ""
UnboundLocalError: local variable 'text_g' referenced before assignment
2026-07-24 17:34:33,752 | INFO | office_ticket_backend.ocr | pytesseract_request_start image=docs\client_research\Info provided\Images\pdf_ticket_p4_Im4.jpg
2026-07-24 17:34:34,541 | INFO | office_ticket_backend.ocr | pytesseract_request_success image=docs\client_research\Info provided\Images\pdf_ticket_p4_Im4.jpg conf=0.00
2026-07-24 17:34:34,541 | WARNING | office_ticket_backend.ocr | ocr_extract_fallback image=docs\client_research\Info provided\Images\pdf_ticket_p4_Im4.jpg provider=pytesseract reason=UnboundLocalError: local variable 'text_g' referenced before assignment
2026-07-24 17:34:34,541 | INFO | office_ticket_backend.ocr | ocr_extract_provider_selected image=docs\client_research\Info provided\Images\pdf_ticket_p4_Im4.jpg provider=pytesseract confidence=0.00
2026-07-24 17:34:34,541 | INFO | office_ticket_backend.ocr | ocr_extract_start image=docs\client_research\Info provided\Images\pdf_ticket_p5_Im5.jpg provider_env=google_vision
2026-07-24 17:34:34,542 | INFO | office_ticket_backend.ocr | google_vision_request_start image=docs\client_research\Info provided\Images\pdf_ticket_p5_Im5.jpg
2026-07-24 17:34:36,236 | INFO | office_ticket_backend.ocr | google_vision_raw_text image=pdf_ticket_p5_Im5.jpg chars=348 first_800=NOVA CONSTRUCTION COMPANY LTD | P.O. Box 1328 | Antigonish, NS | B2G 2L7 | Phone: 902-245-6386 Fax: 902-245-5132 | DATE May 11/26 | LICENSE PLATE | TRUCKER | SOLD TO/ | Alten | JOB NO. | LONG POINT QUARRY | CHARGED TO Potterty Lime HD | DELIVER TO | MATERIAL Serge | GROSS 26000 | TARE 1680 | NET | 14/320 | 07162 | RECEIVED BY | WHITE CUSTOMER COPY | - | CANARY TRUCKER'S COPY | PINK-OFFICE COPY
2026-07-24 17:34:36,244 | ERROR | office_ticket_backend.ocr | ocr_extract_google_failed image=docs\client_research\Info provided\Images\pdf_ticket_p5_Im5.jpg error=UnboundLocalError: local variable 'text_g' referenced before assignment
Traceback (most recent call last):
  File "E:\Projects\Nova Construction Ticket App\.\ocr.py", line 849, in extract_ticket_data
    parsed, confidence = _extract_with_google_vision(image_path)
  File "E:\Projects\Nova Construction Ticket App\.\ocr.py", line 635, in _extract_with_google_vision
    gross, tare, net = _solve_weights(raw_text, ticket_id)
  File "E:\Projects\Nova Construction Ticket App\.\ocr.py", line 599, in _solve_weights
    if text_g and text_g.isdigit() and int(text_g) == tid_num: text_g = ""
UnboundLocalError: local variable 'text_g' referenced before assignment
2026-07-24 17:34:36,244 | INFO | office_ticket_backend.ocr | pytesseract_request_start image=docs\client_research\Info provided\Images\pdf_ticket_p5_Im5.jpg
2026-07-24 17:34:37,129 | INFO | office_ticket_backend.ocr | pytesseract_request_success image=docs\client_research\Info provided\Images\pdf_ticket_p5_Im5.jpg conf=0.60
2026-07-24 17:34:37,130 | WARNING | office_ticket_backend.ocr | ocr_extract_fallback image=docs\client_research\Info provided\Images\pdf_ticket_p5_Im5.jpg provider=pytesseract reason=UnboundLocalError: local variable 'text_g' referenced before assignment
2026-07-24 17:34:37,130 | INFO | office_ticket_backend.ocr | ocr_extract_provider_selected image=docs\client_research\Info provided\Images\pdf_ticket_p5_Im5.jpg provider=pytesseract confidence=0.60
2026-07-24 17:34:37,130 | INFO | office_ticket_backend.ocr | ocr_extract_start image=docs\client_research\Info provided\Images\pdf_ticket_p6_Im6.jpg provider_env=google_vision
2026-07-24 17:34:37,130 | INFO | office_ticket_backend.ocr | google_vision_request_start image=docs\client_research\Info provided\Images\pdf_ticket_p6_Im6.jpg
2026-07-24 17:34:38,828 | INFO | office_ticket_backend.ocr | google_vision_raw_text image=pdf_ticket_p6_Im6.jpg chars=322 first_800=NOVA CONSTRUCTION COMPANY LTD | P.O. Box 1328 | Antigonish, NS | B2G 2L7 | Phone: 902-245-6386 Fax: 902-245-5132 | DATE June 1 | 26 | JOB NO. | LICENSE PLATE | LONG POINT QUARRY | TRUCKER | SOLD TO/ | CHARGED TO CRD | DELIVER TO | MATERIAL | GROSS | Back Rock | TARE | 15 T | NET | 00534 | RECEIVED BY | нил | WHITE CUSTOMER COPY | CANARY TRUCKER'S COPY | PINK-OFFICE COPY
2026-07-24 17:34:38,834 | ERROR | office_ticket_backend.ocr | ocr_extract_google_failed image=docs\client_research\Info provided\Images\pdf_ticket_p6_Im6.jpg error=UnboundLocalError: local variable 'text_g' referenced before assignment
Traceback (most recent call last):
  File "E:\Projects\Nova Construction Ticket App\.\ocr.py", line 849, in extract_ticket_data
    parsed, confidence = _extract_with_google_vision(image_path)
  File "E:\Projects\Nova Construction Ticket App\.\ocr.py", line 635, in _extract_with_google_vision
    gross, tare, net = _solve_weights(raw_text, ticket_id)
  File "E:\Projects\Nova Construction Ticket App\.\ocr.py", line 599, in _solve_weights
    if text_g and text_g.isdigit() and int(text_g) == tid_num: text_g = ""
UnboundLocalError: local variable 'text_g' referenced before assignment
2026-07-24 17:34:38,834 | INFO | office_ticket_backend.ocr | pytesseract_request_start image=docs\client_research\Info provided\Images\pdf_ticket_p6_Im6.jpg
2026-07-24 17:34:40,436 | INFO | office_ticket_backend.ocr | pytesseract_request_success image=docs\client_research\Info provided\Images\pdf_ticket_p6_Im6.jpg conf=0.41
2026-07-24 17:34:40,437 | WARNING | office_ticket_backend.ocr | ocr_extract_fallback image=docs\client_research\Info provided\Images\pdf_ticket_p6_Im6.jpg provider=pytesseract reason=UnboundLocalError: local variable 'text_g' referenced before assignment
2026-07-24 17:34:40,437 | INFO | office_ticket_backend.ocr | ocr_extract_provider_selected image=docs\client_research\Info provided\Images\pdf_ticket_p6_Im6.jpg provider=pytesseract confidence=0.41
2026-07-24 17:34:40,437 | INFO | office_ticket_backend.ocr | ocr_extract_start image=docs\client_research\Info provided\Images\pdf_ticket_p7_Im7.jpg provider_env=google_vision
2026-07-24 17:34:40,437 | INFO | office_ticket_backend.ocr | google_vision_request_start image=docs\client_research\Info provided\Images\pdf_ticket_p7_Im7.jpg
2026-07-24 17:34:42,154 | INFO | office_ticket_backend.ocr | google_vision_raw_text image=pdf_ticket_p7_Im7.jpg chars=291 first_800=DATE | NOVA CONSTRUCTION COMPANY LT | P.O. Box 1328 | Antigonish, NS | B2G 2L7 | Phone: 902-245-6386 Fax: 902-245-5132 | JOB NO. | LICENSE PLATE | LONG POINT QUARRY | TRUCKER | SOLD TO/ | CHARGED TO | DELIVER TO | MATERIAL | GROSS | 15 | TARE | NET | 06738 | RECEIVED BY | WHITE CUSTOMER COPY | CANARY TRUCKER'S COPY | PINK OFFICE COPY
2026-07-24 17:34:42,159 | ERROR | office_ticket_backend.ocr | ocr_extract_google_failed image=docs\client_research\Info provided\Images\pdf_ticket_p7_Im7.jpg error=UnboundLocalError: local variable 'text_g' referenced before assignment
Traceback (most recent call last):
  File "E:\Projects\Nova Construction Ticket App\.\ocr.py", line 849, in extract_ticket_data
    parsed, confidence = _extract_with_google_vision(image_path)
  File "E:\Projects\Nova Construction Ticket App\.\ocr.py", line 635, in _extract_with_google_vision
    gross, tare, net = _solve_weights(raw_text, ticket_id)
  File "E:\Projects\Nova Construction Ticket App\.\ocr.py", line 599, in _solve_weights
    if text_g and text_g.isdigit() and int(text_g) == tid_num: text_g = ""
UnboundLocalError: local variable 'text_g' referenced before assignment
2026-07-24 17:34:42,160 | INFO | office_ticket_backend.ocr | pytesseract_request_start image=docs\client_research\Info provided\Images\pdf_ticket_p7_Im7.jpg
2026-07-24 17:34:42,988 | INFO | office_ticket_backend.ocr | pytesseract_request_success image=docs\client_research\Info provided\Images\pdf_ticket_p7_Im7.jpg conf=0.15
2026-07-24 17:34:42,989 | WARNING | office_ticket_backend.ocr | ocr_extract_fallback image=docs\client_research\Info provided\Images\pdf_ticket_p7_Im7.jpg provider=pytesseract reason=UnboundLocalError: local variable 'text_g' referenced before assignment
2026-07-24 17:34:42,989 | INFO | office_ticket_backend.ocr | ocr_extract_provider_selected image=docs\client_research\Info provided\Images\pdf_ticket_p7_Im7.jpg provider=pytesseract confidence=0.15
2026-07-24 17:34:56,830 | INFO | office_ticket_backend.ocr | google_vision_request_start image=docs\client_research\Info provided\Images\pdf_ticket_p1_Im1.jpg
2026-07-24 17:34:58,530 | INFO | office_ticket_backend.ocr | google_vision_raw_text image=pdf_ticket_p1_Im1.jpg chars=323 first_800=DATE | NOVA CONSTRUCTION COMPANY LTD | P.O. Box 1328 | Antigonish, NS | B2G 2L7 | Phone: 902-245-6386 Fax: 902-245-5132 | 5088 | LICENSE PLATE | TRUCKER | SOLD TO/ | CHARGED TO | DA | DELIVER TO | MATERIAL | C | GROSS | TARE | NET | 1310 | 26671 | C | JOB NO. | SEABROOK QUARRY | ENTERED MAY 3 7075 | RECEIVED BY | WHITE CUSTOMER COPY | CANARY TRUCKER'S COPY | PINK-OFFICE COPY
2026-07-24 17:35:08,706 | INFO | office_ticket_backend.ocr | ocr_extract_start image=docs\client_research\Info provided\Images\pdf_ticket_p1_Im1.jpg provider_env=google_vision
2026-07-24 17:35:09,171 | INFO | office_ticket_backend.ocr | google_vision_request_start image=docs\client_research\Info provided\Images\pdf_ticket_p1_Im1.jpg
2026-07-24 17:35:10,870 | INFO | office_ticket_backend.ocr | google_vision_raw_text image=pdf_ticket_p1_Im1.jpg chars=323 first_800=DATE | NOVA CONSTRUCTION COMPANY LTD | P.O. Box 1328 | Antigonish, NS | B2G 2L7 | Phone: 902-245-6386 Fax: 902-245-5132 | 5088 | LICENSE PLATE | TRUCKER | SOLD TO/ | CHARGED TO | DA | DELIVER TO | MATERIAL | C | GROSS | TARE | NET | 1310 | 26671 | C | JOB NO. | SEABROOK QUARRY | ENTERED MAY 3 7075 | RECEIVED BY | WHITE CUSTOMER COPY | CANARY TRUCKER'S COPY | PINK-OFFICE COPY
2026-07-24 17:35:10,881 | INFO | office_ticket_backend.ocr | google_vision_request_success image=pdf_ticket_p1_Im1.jpg avg_conf=0.96 ticket_id=7075 date=2026-05-03 sold_to=C DA plate=CDA trucker=
2026-07-24 17:35:10,881 | INFO | office_ticket_backend.ocr | ocr_extract_provider_selected image=docs\client_research\Info provided\Images\pdf_ticket_p1_Im1.jpg provider=google_vision confidence=0.96
2026-07-24 17:35:10,882 | INFO | office_ticket_backend.ocr | ocr_extract_start image=docs\client_research\Info provided\Images\pdf_ticket_p2_Im2.jpg provider_env=google_vision
2026-07-24 17:35:10,883 | INFO | office_ticket_backend.ocr | google_vision_request_start image=docs\client_research\Info provided\Images\pdf_ticket_p2_Im2.jpg
2026-07-24 17:35:12,493 | INFO | office_ticket_backend.ocr | google_vision_raw_text image=pdf_ticket_p2_Im2.jpg chars=387 first_800=DATE | NOVA CONSTRUCTION COMPANY LTD | P.O. Box 1328 | Antigonish, NS | B2G 2L7 | Phone: 902-245-6386 Fax: 902-245-5132 | April16/26/JOB NO. | JOB NO. 241260. | DESMOND QUARRY | LICENSE PLATE 58505 | TRUCKER | SOLD TO/ | Premy Wood Blain | Ma | CHARGED TO Municipal Windmill | DELIVER TO | Weavers Mut | MATERIAL | GROSS | 34900 | TARE | 20610 | NET | 0561 | 14290 | RECEIVED BY | WHITE CUSTOMER COPY | CANARY-TRUCKER'S COPY | PINK-OFFICE COPY
2026-07-24 17:35:12,504 | INFO | office_ticket_backend.ocr | google_vision_request_success image=pdf_ticket_p2_Im2.jpg avg_conf=0.90 ticket_id=241260 date=2026-04-16 sold_to= plate= trucker=Premy April16
2026-07-24 17:35:12,504 | INFO | office_ticket_backend.ocr | ocr_extract_provider_selected image=docs\client_research\Info provided\Images\pdf_ticket_p2_Im2.jpg provider=google_vision confidence=0.90
2026-07-24 17:35:12,505 | INFO | office_ticket_backend.ocr | ocr_extract_start image=docs\client_research\Info provided\Images\pdf_ticket_p3_Im3.jpg provider_env=google_vision
2026-07-24 17:35:12,505 | INFO | office_ticket_backend.ocr | google_vision_request_start image=docs\client_research\Info provided\Images\pdf_ticket_p3_Im3.jpg
2026-07-24 17:35:14,193 | INFO | office_ticket_backend.ocr | google_vision_raw_text image=pdf_ticket_p3_Im3.jpg chars=361 first_800=DATE | NOVA CONSTRUCTION COMPANY LTD | LICENSE PLATE | TRUCKER | SOLD TO/ | CHARGED TO | DELIVER TO | MATERIAL | GROSS | TARE | NET | P.O. Box 1328 | Antigonish, NS | B2G 2L7 | Phone: 902-245-6386 Fax: 902-245-5132 | 19/26 | JOB NO. | LONG POINT QUARRY | Lime | Lime | Doherty | Dotorty | Type 1 | 25.350 | 10900 | 14.450 | 07235 | WHITE CUSTOMER COPY | - | RECEIVED BY | Ty | spd | spd | CANARY TRUCKER'S COPY | PINK-OFFICE COPY
2026-07-24 17:35:14,201 | INFO | office_ticket_backend.ocr | google_vision_request_success image=pdf_ticket_p3_Im3.jpg avg_conf=0.93 ticket_id=07235 date= sold_to=DATE plate=14450TYPE trucker=14.450 25.350 Type
2026-07-24 17:35:14,201 | INFO | office_ticket_backend.ocr | ocr_extract_provider_selected image=docs\client_research\Info provided\Images\pdf_ticket_p3_Im3.jpg provider=google_vision confidence=0.93
2026-07-24 17:35:14,202 | INFO | office_ticket_backend.ocr | ocr_extract_start image=docs\client_research\Info provided\Images\pdf_ticket_p4_Im4.jpg provider_env=google_vision
2026-07-24 17:35:14,203 | INFO | office_ticket_backend.ocr | google_vision_request_start image=docs\client_research\Info provided\Images\pdf_ticket_p4_Im4.jpg
2026-07-24 17:35:15,783 | INFO | office_ticket_backend.ocr | google_vision_raw_text image=pdf_ticket_p4_Im4.jpg chars=342 first_800=DATE | NOVA CONSTRUCTION COMPANY LTD | P.O. Box 1328 | Antigonish, NS | B2G 2L7 | Phone: 902-245-6386 Fax: 902-245-5132 | May 8 2026 | LICENSE PLATE | JOB NO. | LONG POINT QUARRY | TRUCKER | SOLD TO/ | CHARGED TO | DELIVER TO | Chipman Tructing | MATERIAL | GROSS | TARE | 14, | NET | 07131 | WHITE CUSTOMER COPY | 000 | Tonne | RECEIVED BY | Matt Lloyd | CANARY TRUCKER'S COPY | PINK OFFICE COPY
2026-07-24 17:35:15,791 | INFO | office_ticket_backend.ocr | google_vision_request_success image=pdf_ticket_p4_Im4.jpg avg_conf=0.93 ticket_id=07131 date=2026-05-08 sold_to= plate= trucker=TO TO / May DATE
2026-07-24 17:35:15,791 | INFO | office_ticket_backend.ocr | ocr_extract_provider_selected image=docs\client_research\Info provided\Images\pdf_ticket_p4_Im4.jpg provider=google_vision confidence=0.93
2026-07-24 17:35:15,792 | INFO | office_ticket_backend.ocr | ocr_extract_start image=docs\client_research\Info provided\Images\pdf_ticket_p5_Im5.jpg provider_env=google_vision
2026-07-24 17:35:15,793 | INFO | office_ticket_backend.ocr | google_vision_request_start image=docs\client_research\Info provided\Images\pdf_ticket_p5_Im5.jpg
2026-07-24 17:35:17,479 | INFO | office_ticket_backend.ocr | google_vision_raw_text image=pdf_ticket_p5_Im5.jpg chars=348 first_800=NOVA CONSTRUCTION COMPANY LTD | P.O. Box 1328 | Antigonish, NS | B2G 2L7 | Phone: 902-245-6386 Fax: 902-245-5132 | DATE May 11/26 | LICENSE PLATE | TRUCKER | SOLD TO/ | Alten | JOB NO. | LONG POINT QUARRY | CHARGED TO Potterty Lime HD | DELIVER TO | MATERIAL Serge | GROSS 26000 | TARE 1680 | NET | 14/320 | 07162 | RECEIVED BY | WHITE CUSTOMER COPY | - | CANARY TRUCKER'S COPY | PINK-OFFICE COPY
2026-07-24 17:35:17,487 | INFO | office_ticket_backend.ocr | google_vision_request_success image=pdf_ticket_p5_Im5.jpg avg_conf=0.92 ticket_id=07162 date=2026-05-11 sold_to=1680 Serge plate=ALTEN1126 trucker=1680 Serge Alten 11/26
2026-07-24 17:35:17,487 | INFO | office_ticket_backend.ocr | ocr_extract_provider_selected image=docs\client_research\Info provided\Images\pdf_ticket_p5_Im5.jpg provider=google_vision confidence=0.92
2026-07-24 17:35:17,488 | INFO | office_ticket_backend.ocr | ocr_extract_start image=docs\client_research\Info provided\Images\pdf_ticket_p6_Im6.jpg provider_env=google_vision
2026-07-24 17:35:17,488 | INFO | office_ticket_backend.ocr | google_vision_request_start image=docs\client_research\Info provided\Images\pdf_ticket_p6_Im6.jpg
2026-07-24 17:35:19,123 | INFO | office_ticket_backend.ocr | google_vision_raw_text image=pdf_ticket_p6_Im6.jpg chars=322 first_800=NOVA CONSTRUCTION COMPANY LTD | P.O. Box 1328 | Antigonish, NS | B2G 2L7 | Phone: 902-245-6386 Fax: 902-245-5132 | DATE June 1 | 26 | JOB NO. | LICENSE PLATE | LONG POINT QUARRY | TRUCKER | SOLD TO/ | CHARGED TO CRD | DELIVER TO | MATERIAL | GROSS | Back Rock | TARE | 15 T | NET | 00534 | RECEIVED BY | нил | WHITE CUSTOMER COPY | CANARY TRUCKER'S COPY | PINK-OFFICE COPY
2026-07-24 17:35:19,129 | INFO | office_ticket_backend.ocr | google_vision_request_success image=pdf_ticket_p6_Im6.jpg avg_conf=0.92 ticket_id=00534 date=2026-06-01 sold_to=TO / June plate=BACKCRD1 trucker=TO TO / DATE
2026-07-24 17:35:19,131 | INFO | office_ticket_backend.ocr | ocr_extract_provider_selected image=docs\client_research\Info provided\Images\pdf_ticket_p6_Im6.jpg provider=google_vision confidence=0.92
2026-07-24 17:35:19,131 | INFO | office_ticket_backend.ocr | ocr_extract_start image=docs\client_research\Info provided\Images\pdf_ticket_p7_Im7.jpg provider_env=google_vision
2026-07-24 17:35:19,132 | INFO | office_ticket_backend.ocr | google_vision_request_start image=docs\client_research\Info provided\Images\pdf_ticket_p7_Im7.jpg
2026-07-24 17:35:20,749 | INFO | office_ticket_backend.ocr | google_vision_raw_text image=pdf_ticket_p7_Im7.jpg chars=291 first_800=DATE | NOVA CONSTRUCTION COMPANY LT | P.O. Box 1328 | Antigonish, NS | B2G 2L7 | Phone: 902-245-6386 Fax: 902-245-5132 | JOB NO. | LICENSE PLATE | LONG POINT QUARRY | TRUCKER | SOLD TO/ | CHARGED TO | DELIVER TO | MATERIAL | GROSS | 15 | TARE | NET | 06738 | RECEIVED BY | WHITE CUSTOMER COPY | CANARY TRUCKER'S COPY | PINK OFFICE COPY
2026-07-24 17:35:20,755 | INFO | office_ticket_backend.ocr | google_vision_request_success image=pdf_ticket_p7_Im7.jpg avg_conf=0.98 ticket_id=06738 date= sold_to=15 plate= trucker=TO TO / DATE
2026-07-24 17:35:20,756 | INFO | office_ticket_backend.ocr | ocr_extract_provider_selected image=docs\client_research\Info provided\Images\pdf_ticket_p7_Im7.jpg provider=google_vision confidence=0.98
2026-07-24 17:35:44,044 | INFO | office_ticket_backend.ocr | pytesseract_request_start image=E:\Projects\Nova Construction Ticket App\docs\client_research\Info provided\Images\Ticket example 1.jpg
2026-07-24 17:35:45,459 | INFO | office_ticket_backend.ocr | pytesseract_request_success image=E:\Projects\Nova Construction Ticket App\docs\client_research\Info provided\Images\Ticket example 1.jpg conf=0.56
2026-07-24 17:35:45,459 | INFO | office_ticket_backend.ocr | ocr_extract_start image=E:\Projects\Nova Construction Ticket App\docs\client_research\Info provided\Images\Ticket example 2.jpg provider_env=google_vision
2026-07-24 17:35:45,894 | INFO | office_ticket_backend.ocr | google_vision_request_start image=E:\Projects\Nova Construction Ticket App\docs\client_research\Info provided\Images\Ticket example 2.jpg
2026-07-24 17:35:47,474 | INFO | office_ticket_backend.ocr | google_vision_raw_text image=Ticket example 2.jpg chars=353 first_800=DATE | NOVA CONSTRUCTION COMPANY LT | P.O. Box 1328 | Antigonish, NS | B2G 2L7 | Phone: 902-245-6386 Fax: 902-245-5132 | May 13/26 | LICENSE PLATE | JOB NO. | LONG POINT QUARRY | TRUCKER | SOLD TO/ | CHARGED TO | DELIVER TO | MATERIAL | Gerry fulton | Long Point Rd.. | Type 1 | GROSS 25,000 | TARE | NET | 9800 | 15,200 | 07173 | WHITE CUSTOMER COPY | RECEIVED BY | CANARY TRUCKER'S COPY | PINK-OFFICE COPY
2026-07-24 17:35:47,483 | INFO | office_ticket_backend.ocr | google_vision_request_success image=Ticket example 2.jpg avg_conf=0.93 ticket_id=07173 date=2026-05-13 sold_to=Gerry fulton plate= trucker=
2026-07-24 17:35:47,484 | INFO | office_ticket_backend.ocr | ocr_extract_provider_selected image=E:\Projects\Nova Construction Ticket App\docs\client_research\Info provided\Images\Ticket example 2.jpg provider=google_vision confidence=0.93
2026-07-24 17:35:53,485 | INFO | office_ticket_backend.ocr | ocr_extract_start image=docs\client_research\Info provided\Images\pdf_ticket_p1_Im1.jpg provider_env=google_vision
2026-07-24 17:35:53,954 | INFO | office_ticket_backend.ocr | google_vision_request_start image=docs\client_research\Info provided\Images\pdf_ticket_p1_Im1.jpg
2026-07-24 17:35:55,672 | INFO | office_ticket_backend.ocr | google_vision_raw_text image=pdf_ticket_p1_Im1.jpg chars=323 first_800=DATE | NOVA CONSTRUCTION COMPANY LTD | P.O. Box 1328 | Antigonish, NS | B2G 2L7 | Phone: 902-245-6386 Fax: 902-245-5132 | 5088 | LICENSE PLATE | TRUCKER | SOLD TO/ | CHARGED TO | DA | DELIVER TO | MATERIAL | C | GROSS | TARE | NET | 1310 | 26671 | C | JOB NO. | SEABROOK QUARRY | ENTERED MAY 3 7075 | RECEIVED BY | WHITE CUSTOMER COPY | CANARY TRUCKER'S COPY | PINK-OFFICE COPY
2026-07-24 17:35:55,682 | INFO | office_ticket_backend.ocr | google_vision_request_success image=pdf_ticket_p1_Im1.jpg avg_conf=0.96 ticket_id=7075 date=2026-05-03 sold_to=C DA plate=CDA trucker=
2026-07-24 17:35:55,682 | INFO | office_ticket_backend.ocr | ocr_extract_provider_selected image=docs\client_research\Info provided\Images\pdf_ticket_p1_Im1.jpg provider=google_vision confidence=0.96
2026-07-24 17:35:55,684 | INFO | office_ticket_backend.ocr | ocr_extract_start image=docs\client_research\Info provided\Images\pdf_ticket_p2_Im2.jpg provider_env=google_vision
2026-07-24 17:35:55,684 | INFO | office_ticket_backend.ocr | google_vision_request_start image=docs\client_research\Info provided\Images\pdf_ticket_p2_Im2.jpg
2026-07-24 17:35:57,317 | INFO | office_ticket_backend.ocr | google_vision_raw_text image=pdf_ticket_p2_Im2.jpg chars=387 first_800=DATE | NOVA CONSTRUCTION COMPANY LTD | P.O. Box 1328 | Antigonish, NS | B2G 2L7 | Phone: 902-245-6386 Fax: 902-245-5132 | April16/26/JOB NO. | JOB NO. 241260. | DESMOND QUARRY | LICENSE PLATE 58505 | TRUCKER | SOLD TO/ | Premy Wood Blain | Ma | CHARGED TO Municipal Windmill | DELIVER TO | Weavers Mut | MATERIAL | GROSS | 34900 | TARE | 20610 | NET | 0561 | 14290 | RECEIVED BY | WHITE CUSTOMER COPY | CANARY-TRUCKER'S COPY | PINK-OFFICE COPY
2026-07-24 17:35:57,326 | INFO | office_ticket_backend.ocr | google_vision_request_success image=pdf_ticket_p2_Im2.jpg avg_conf=0.90 ticket_id=241260 date=2026-04-16 sold_to= plate= trucker=Premy April16
2026-07-24 17:35:57,327 | INFO | office_ticket_backend.ocr | ocr_extract_provider_selected image=docs\client_research\Info provided\Images\pdf_ticket_p2_Im2.jpg provider=google_vision confidence=0.90
2026-07-24 17:35:57,328 | INFO | office_ticket_backend.ocr | ocr_extract_start image=docs\client_research\Info provided\Images\pdf_ticket_p3_Im3.jpg provider_env=google_vision
2026-07-24 17:35:57,328 | INFO | office_ticket_backend.ocr | google_vision_request_start image=docs\client_research\Info provided\Images\pdf_ticket_p3_Im3.jpg
2026-07-24 17:35:58,953 | INFO | office_ticket_backend.ocr | google_vision_raw_text image=pdf_ticket_p3_Im3.jpg chars=361 first_800=DATE | NOVA CONSTRUCTION COMPANY LTD | LICENSE PLATE | TRUCKER | SOLD TO/ | CHARGED TO | DELIVER TO | MATERIAL | GROSS | TARE | NET | P.O. Box 1328 | Antigonish, NS | B2G 2L7 | Phone: 902-245-6386 Fax: 902-245-5132 | 19/26 | JOB NO. | LONG POINT QUARRY | Lime | Lime | Doherty | Dotorty | Type 1 | 25.350 | 10900 | 14.450 | 07235 | WHITE CUSTOMER COPY | - | RECEIVED BY | Ty | spd | spd | CANARY TRUCKER'S COPY | PINK-OFFICE COPY
2026-07-24 17:35:58,962 | INFO | office_ticket_backend.ocr | google_vision_request_success image=pdf_ticket_p3_Im3.jpg avg_conf=0.93 ticket_id=07235 date= sold_to=DATE plate=14450TYPE trucker=14.450 25.350 Type
2026-07-24 17:35:58,962 | INFO | office_ticket_backend.ocr | ocr_extract_provider_selected image=docs\client_research\Info provided\Images\pdf_ticket_p3_Im3.jpg provider=google_vision confidence=0.93
2026-07-24 17:35:58,963 | INFO | office_ticket_backend.ocr | ocr_extract_start image=docs\client_research\Info provided\Images\pdf_ticket_p4_Im4.jpg provider_env=google_vision
2026-07-24 17:35:58,964 | INFO | office_ticket_backend.ocr | google_vision_request_start image=docs\client_research\Info provided\Images\pdf_ticket_p4_Im4.jpg
2026-07-24 17:36:00,672 | INFO | office_ticket_backend.ocr | google_vision_raw_text image=pdf_ticket_p4_Im4.jpg chars=342 first_800=DATE | NOVA CONSTRUCTION COMPANY LTD | P.O. Box 1328 | Antigonish, NS | B2G 2L7 | Phone: 902-245-6386 Fax: 902-245-5132 | May 8 2026 | LICENSE PLATE | JOB NO. | LONG POINT QUARRY | TRUCKER | SOLD TO/ | CHARGED TO | DELIVER TO | Chipman Tructing | MATERIAL | GROSS | TARE | 14, | NET | 07131 | WHITE CUSTOMER COPY | 000 | Tonne | RECEIVED BY | Matt Lloyd | CANARY TRUCKER'S COPY | PINK OFFICE COPY
2026-07-24 17:36:00,679 | INFO | office_ticket_backend.ocr | google_vision_request_success image=pdf_ticket_p4_Im4.jpg avg_conf=0.93 ticket_id=07131 date=2026-05-08 sold_to= plate= trucker=TO TO / May DATE
2026-07-24 17:36:00,679 | INFO | office_ticket_backend.ocr | ocr_extract_provider_selected image=docs\client_research\Info provided\Images\pdf_ticket_p4_Im4.jpg provider=google_vision confidence=0.93
2026-07-24 17:36:00,680 | INFO | office_ticket_backend.ocr | ocr_extract_start image=docs\client_research\Info provided\Images\pdf_ticket_p5_Im5.jpg provider_env=google_vision
2026-07-24 17:36:00,681 | INFO | office_ticket_backend.ocr | google_vision_request_start image=docs\client_research\Info provided\Images\pdf_ticket_p5_Im5.jpg
2026-07-24 17:36:02,289 | INFO | office_ticket_backend.ocr | google_vision_raw_text image=pdf_ticket_p5_Im5.jpg chars=348 first_800=NOVA CONSTRUCTION COMPANY LTD | P.O. Box 1328 | Antigonish, NS | B2G 2L7 | Phone: 902-245-6386 Fax: 902-245-5132 | DATE May 11/26 | LICENSE PLATE | TRUCKER | SOLD TO/ | Alten | JOB NO. | LONG POINT QUARRY | CHARGED TO Potterty Lime HD | DELIVER TO | MATERIAL Serge | GROSS 26000 | TARE 1680 | NET | 14/320 | 07162 | RECEIVED BY | WHITE CUSTOMER COPY | - | CANARY TRUCKER'S COPY | PINK-OFFICE COPY
2026-07-24 17:36:02,297 | INFO | office_ticket_backend.ocr | google_vision_request_success image=pdf_ticket_p5_Im5.jpg avg_conf=0.92 ticket_id=07162 date=2026-05-11 sold_to=1680 Serge plate=ALTEN1126 trucker=1680 Serge Alten 11/26
2026-07-24 17:36:02,297 | INFO | office_ticket_backend.ocr | ocr_extract_provider_selected image=docs\client_research\Info provided\Images\pdf_ticket_p5_Im5.jpg provider=google_vision confidence=0.92
2026-07-24 17:36:02,298 | INFO | office_ticket_backend.ocr | ocr_extract_start image=docs\client_research\Info provided\Images\pdf_ticket_p6_Im6.jpg provider_env=google_vision
2026-07-24 17:36:02,298 | INFO | office_ticket_backend.ocr | google_vision_request_start image=docs\client_research\Info provided\Images\pdf_ticket_p6_Im6.jpg
2026-07-24 17:36:03,963 | INFO | office_ticket_backend.ocr | google_vision_raw_text image=pdf_ticket_p6_Im6.jpg chars=322 first_800=NOVA CONSTRUCTION COMPANY LTD | P.O. Box 1328 | Antigonish, NS | B2G 2L7 | Phone: 902-245-6386 Fax: 902-245-5132 | DATE June 1 | 26 | JOB NO. | LICENSE PLATE | LONG POINT QUARRY | TRUCKER | SOLD TO/ | CHARGED TO CRD | DELIVER TO | MATERIAL | GROSS | Back Rock | TARE | 15 T | NET | 00534 | RECEIVED BY | нил | WHITE CUSTOMER COPY | CANARY TRUCKER'S COPY | PINK-OFFICE COPY
2026-07-24 17:36:03,971 | INFO | office_ticket_backend.ocr | google_vision_request_success image=pdf_ticket_p6_Im6.jpg avg_conf=0.92 ticket_id=00534 date=2026-06-01 sold_to=TO / June plate=BACKCRD1 trucker=TO TO / DATE
2026-07-24 17:36:03,972 | INFO | office_ticket_backend.ocr | ocr_extract_provider_selected image=docs\client_research\Info provided\Images\pdf_ticket_p6_Im6.jpg provider=google_vision confidence=0.92
2026-07-24 17:36:03,973 | INFO | office_ticket_backend.ocr | ocr_extract_start image=docs\client_research\Info provided\Images\pdf_ticket_p7_Im7.jpg provider_env=google_vision
2026-07-24 17:36:03,973 | INFO | office_ticket_backend.ocr | google_vision_request_start image=docs\client_research\Info provided\Images\pdf_ticket_p7_Im7.jpg
2026-07-24 17:36:05,669 | INFO | office_ticket_backend.ocr | google_vision_raw_text image=pdf_ticket_p7_Im7.jpg chars=291 first_800=DATE | NOVA CONSTRUCTION COMPANY LT | P.O. Box 1328 | Antigonish, NS | B2G 2L7 | Phone: 902-245-6386 Fax: 902-245-5132 | JOB NO. | LICENSE PLATE | LONG POINT QUARRY | TRUCKER | SOLD TO/ | CHARGED TO | DELIVER TO | MATERIAL | GROSS | 15 | TARE | NET | 06738 | RECEIVED BY | WHITE CUSTOMER COPY | CANARY TRUCKER'S COPY | PINK OFFICE COPY
2026-07-24 17:36:05,675 | INFO | office_ticket_backend.ocr | google_vision_request_success image=pdf_ticket_p7_Im7.jpg avg_conf=0.98 ticket_id=06738 date= sold_to=15 plate= trucker=TO TO / DATE
2026-07-24 17:36:05,675 | INFO | office_ticket_backend.ocr | ocr_extract_provider_selected image=docs\client_research\Info provided\Images\pdf_ticket_p7_Im7.jpg provider=google_vision confidence=0.98
2026-07-24 17:37:27,388 | INFO | office_ticket_backend.ocr | ocr_extract_start image=E:\Projects\Nova Construction Ticket App\data\uploads\Ticket example 1.jpg provider_env=<empty>
2026-07-24 17:37:27,818 | INFO | office_ticket_backend.ocr | pytesseract_request_start image=E:\Projects\Nova Construction Ticket App\data\uploads\Ticket example 1.jpg
2026-07-24 17:37:29,242 | INFO | office_ticket_backend.ocr | pytesseract_request_success image=E:\Projects\Nova Construction Ticket App\data\uploads\Ticket example 1.jpg conf=0.56
2026-07-24 17:37:29,242 | INFO | office_ticket_backend.ocr | ocr_extract_provider_selected image=E:\Projects\Nova Construction Ticket App\data\uploads\Ticket example 1.jpg provider=pytesseract confidence=0.56
2026-07-24 17:37:29,251 | INFO | office_ticket_backend.app | ticket_inserted ticket_id=0355 provider=pytesseract confidence=0.56 image=E:\Projects\Nova Construction Ticket App\data\uploads\Ticket example 1.jpg
2026-07-24 17:37:29,253 | INFO | office_ticket_backend.ocr | ocr_extract_start image=E:\Projects\Nova Construction Ticket App\data\uploads\Ticket example 2.jpg provider_env=<empty>
2026-07-24 17:37:29,253 | INFO | office_ticket_backend.ocr | pytesseract_request_start image=E:\Projects\Nova Construction Ticket App\data\uploads\Ticket example 2.jpg
2026-07-24 17:37:29,985 | INFO | office_ticket_backend.ocr | pytesseract_request_success image=E:\Projects\Nova Construction Ticket App\data\uploads\Ticket example 2.jpg conf=0.56
2026-07-24 17:37:29,986 | INFO | office_ticket_backend.ocr | ocr_extract_provider_selected image=E:\Projects\Nova Construction Ticket App\data\uploads\Ticket example 2.jpg provider=pytesseract confidence=0.56
2026-07-24 17:37:29,990 | INFO | office_ticket_backend.app | ticket_inserted ticket_id=07173 provider=pytesseract confidence=0.56 image=E:\Projects\Nova Construction Ticket App\data\uploads\Ticket example 2.jpg
2026-07-24 17:37:29,996 | INFO | office_ticket_backend.app | ticket_approved row_id=2 ticket_id=07173
2026-07-24 17:37:30,001 | INFO | office_ticket_backend.app | ticket_approved row_id=1 ticket_id=0355
2026-07-24 17:38:32,600 | INFO | office_ticket_backend.app | app_start provider_env=<empty> duplicate_check_enabled=True
2026-07-24 17:38:42,077 | INFO | office_ticket_backend.app | app_start provider_env=<empty> duplicate_check_enabled=True
2026-07-24 17:38:44,983 | INFO | office_ticket_backend.app | app_start provider_env=<empty> duplicate_check_enabled=True
2026-07-24 17:38:44,989 | INFO | office_ticket_backend.app | upload_saved file=20260717102354642.pdf size_bytes=1917952 path=E:\Projects\Nova Construction Ticket App\data\uploads\20260724_203844_987876_20260717102354642.pdf
2026-07-24 17:38:45,147 | INFO | office_ticket_backend.ocr | ocr_extract_start image=E:\Projects\Nova Construction Ticket App\data\uploads\20260724_203844_987876_p1_1_20260717102354642.jpg provider_env=<empty>
2026-07-24 17:38:45,155 | INFO | office_ticket_backend.ocr | pytesseract_request_start image=E:\Projects\Nova Construction Ticket App\data\uploads\20260724_203844_987876_p1_1_20260717102354642.jpg
2026-07-24 17:38:46,479 | INFO | office_ticket_backend.ocr | pytesseract_request_success image=E:\Projects\Nova Construction Ticket App\data\uploads\20260724_203844_987876_p1_1_20260717102354642.jpg conf=0.36
2026-07-24 17:38:46,480 | INFO | office_ticket_backend.ocr | ocr_extract_provider_selected image=E:\Projects\Nova Construction Ticket App\data\uploads\20260724_203844_987876_p1_1_20260717102354642.jpg provider=pytesseract confidence=0.36
2026-07-24 17:38:46,485 | INFO | office_ticket_backend.app | ticket_inserted ticket_id= provider=pytesseract confidence=0.36 image=E:\Projects\Nova Construction Ticket App\data\uploads\20260724_203844_987876_p1_1_20260717102354642.jpg
2026-07-24 17:38:46,513 | INFO | office_ticket_backend.ocr | ocr_extract_start image=E:\Projects\Nova Construction Ticket App\data\uploads\20260724_203844_987876_p2_1_20260717102354642.jpg provider_env=<empty>
2026-07-24 17:38:46,514 | INFO | office_ticket_backend.ocr | pytesseract_request_start image=E:\Projects\Nova Construction Ticket App\data\uploads\20260724_203844_987876_p2_1_20260717102354642.jpg
2026-07-24 17:38:47,952 | INFO | office_ticket_backend.ocr | pytesseract_request_success image=E:\Projects\Nova Construction Ticket App\data\uploads\20260724_203844_987876_p2_1_20260717102354642.jpg conf=0.37
2026-07-24 17:38:47,953 | INFO | office_ticket_backend.ocr | ocr_extract_provider_selected image=E:\Projects\Nova Construction Ticket App\data\uploads\20260724_203844_987876_p2_1_20260717102354642.jpg provider=pytesseract confidence=0.37
2026-07-24 17:38:47,963 | INFO | office_ticket_backend.app | ticket_inserted ticket_id=38229 provider=pytesseract confidence=0.37 image=E:\Projects\Nova Construction Ticket App\data\uploads\20260724_203844_987876_p2_1_20260717102354642.jpg
2026-07-24 17:38:47,991 | INFO | office_ticket_backend.ocr | ocr_extract_start image=E:\Projects\Nova Construction Ticket App\data\uploads\20260724_203844_987876_p3_1_20260717102354642.jpg provider_env=<empty>
2026-07-24 17:38:47,991 | INFO | office_ticket_backend.ocr | pytesseract_request_start image=E:\Projects\Nova Construction Ticket App\data\uploads\20260724_203844_987876_p3_1_20260717102354642.jpg
2026-07-24 17:38:48,812 | INFO | office_ticket_backend.ocr | pytesseract_request_success image=E:\Projects\Nova Construction Ticket App\data\uploads\20260724_203844_987876_p3_1_20260717102354642.jpg conf=0.00
2026-07-24 17:38:48,812 | INFO | office_ticket_backend.ocr | ocr_extract_provider_selected image=E:\Projects\Nova Construction Ticket App\data\uploads\20260724_203844_987876_p3_1_20260717102354642.jpg provider=pytesseract confidence=0.00
2026-07-24 17:38:48,822 | INFO | office_ticket_backend.app | ticket_inserted ticket_id= provider=pytesseract confidence=0.00 image=E:\Projects\Nova Construction Ticket App\data\uploads\20260724_203844_987876_p3_1_20260717102354642.jpg
2026-07-24 17:38:48,849 | INFO | office_ticket_backend.ocr | ocr_extract_start image=E:\Projects\Nova Construction Ticket App\data\uploads\20260724_203844_987876_p4_1_20260717102354642.jpg provider_env=<empty>
2026-07-24 17:38:48,849 | INFO | office_ticket_backend.ocr | pytesseract_request_start image=E:\Projects\Nova Construction Ticket App\data\uploads\20260724_203844_987876_p4_1_20260717102354642.jpg
2026-07-24 17:38:49,656 | INFO | office_ticket_backend.ocr | pytesseract_request_success image=E:\Projects\Nova Construction Ticket App\data\uploads\20260724_203844_987876_p4_1_20260717102354642.jpg conf=0.00
2026-07-24 17:38:49,657 | INFO | office_ticket_backend.ocr | ocr_extract_provider_selected image=E:\Projects\Nova Construction Ticket App\data\uploads\20260724_203844_987876_p4_1_20260717102354642.jpg provider=pytesseract confidence=0.00
2026-07-24 17:38:49,667 | INFO | office_ticket_backend.app | ticket_inserted ticket_id= provider=pytesseract confidence=0.00 image=E:\Projects\Nova Construction Ticket App\data\uploads\20260724_203844_987876_p4_1_20260717102354642.jpg
2026-07-24 17:38:49,694 | INFO | office_ticket_backend.ocr | ocr_extract_start image=E:\Projects\Nova Construction Ticket App\data\uploads\20260724_203844_987876_p5_1_20260717102354642.jpg provider_env=<empty>
2026-07-24 17:38:49,694 | INFO | office_ticket_backend.ocr | pytesseract_request_start image=E:\Projects\Nova Construction Ticket App\data\uploads\20260724_203844_987876_p5_1_20260717102354642.jpg
2026-07-24 17:38:50,619 | INFO | office_ticket_backend.ocr | pytesseract_request_success image=E:\Projects\Nova Construction Ticket App\data\uploads\20260724_203844_987876_p5_1_20260717102354642.jpg conf=0.60
2026-07-24 17:38:50,619 | INFO | office_ticket_backend.ocr | ocr_extract_provider_selected image=E:\Projects\Nova Construction Ticket App\data\uploads\20260724_203844_987876_p5_1_20260717102354642.jpg provider=pytesseract confidence=0.60
2026-07-24 17:38:50,630 | INFO | office_ticket_backend.app | ticket_inserted ticket_id= provider=pytesseract confidence=0.60 image=E:\Projects\Nova Construction Ticket App\data\uploads\20260724_203844_987876_p5_1_20260717102354642.jpg
2026-07-24 17:38:50,658 | INFO | office_ticket_backend.ocr | ocr_extract_start image=E:\Projects\Nova Construction Ticket App\data\uploads\20260724_203844_987876_p6_1_20260717102354642.jpg provider_env=<empty>
2026-07-24 17:38:50,658 | INFO | office_ticket_backend.ocr | pytesseract_request_start image=E:\Projects\Nova Construction Ticket App\data\uploads\20260724_203844_987876_p6_1_20260717102354642.jpg
2026-07-24 17:38:52,318 | INFO | office_ticket_backend.ocr | pytesseract_request_success image=E:\Projects\Nova Construction Ticket App\data\uploads\20260724_203844_987876_p6_1_20260717102354642.jpg conf=0.41
2026-07-24 17:38:52,319 | INFO | office_ticket_backend.ocr | ocr_extract_provider_selected image=E:\Projects\Nova Construction Ticket App\data\uploads\20260724_203844_987876_p6_1_20260717102354642.jpg provider=pytesseract confidence=0.41
2026-07-24 17:38:52,329 | INFO | office_ticket_backend.app | ticket_inserted ticket_id= provider=pytesseract confidence=0.41 image=E:\Projects\Nova Construction Ticket App\data\uploads\20260724_203844_987876_p6_1_20260717102354642.jpg
2026-07-24 17:38:52,356 | INFO | office_ticket_backend.ocr | ocr_extract_start image=E:\Projects\Nova Construction Ticket App\data\uploads\20260724_203844_987876_p7_1_20260717102354642.jpg provider_env=<empty>
2026-07-24 17:38:52,357 | INFO | office_ticket_backend.ocr | pytesseract_request_start image=E:\Projects\Nova Construction Ticket App\data\uploads\20260724_203844_987876_p7_1_20260717102354642.jpg
2026-07-24 17:38:53,228 | INFO | office_ticket_backend.ocr | pytesseract_request_success image=E:\Projects\Nova Construction Ticket App\data\uploads\20260724_203844_987876_p7_1_20260717102354642.jpg conf=0.15
2026-07-24 17:38:53,228 | INFO | office_ticket_backend.ocr | ocr_extract_provider_selected image=E:\Projects\Nova Construction Ticket App\data\uploads\20260724_203844_987876_p7_1_20260717102354642.jpg provider=pytesseract confidence=0.15
2026-07-24 17:38:53,238 | INFO | office_ticket_backend.app | ticket_inserted ticket_id= provider=pytesseract confidence=0.15 image=E:\Projects\Nova Construction Ticket App\data\uploads\20260724_203844_987876_p7_1_20260717102354642.jpg
2026-07-24 17:41:10,410 | INFO | office_ticket_backend.app | app_start provider_env=<empty> duplicate_check_enabled=True
2026-07-24 17:41:12,037 | INFO | office_ticket_backend.app | app_start provider_env=<empty> duplicate_check_enabled=True
2026-07-24 17:41:26,040 | INFO | office_ticket_backend.app | app_start provider_env=<empty> duplicate_check_enabled=True
2026-07-24 17:41:27,719 | INFO | office_ticket_backend.app | app_start provider_env=<empty> duplicate_check_enabled=True
2026-07-24 17:41:27,729 | INFO | office_ticket_backend.app | upload_saved file=20260724_203844_987876_p1_1_20260717102354642.jpg size_bytes=261211 path=E:\Projects\Nova Construction Ticket App\data\uploads\20260724_204127_723968_20260724_203844_987876_p1_1_20260717102354642.jpg
2026-07-24 17:41:27,730 | INFO | office_ticket_backend.ocr | ocr_extract_start image=E:\Projects\Nova Construction Ticket App\data\uploads\20260724_204127_723968_20260724_203844_987876_p1_1_20260717102354642.jpg provider_env=<empty>
2026-07-24 17:41:27,730 | INFO | office_ticket_backend.ocr | pytesseract_request_start image=E:\Projects\Nova Construction Ticket App\data\uploads\20260724_204127_723968_20260724_203844_987876_p1_1_20260717102354642.jpg
2026-07-24 17:41:29,031 | INFO | office_ticket_backend.ocr | pytesseract_request_success image=E:\Projects\Nova Construction Ticket App\data\uploads\20260724_204127_723968_20260724_203844_987876_p1_1_20260717102354642.jpg conf=0.36
2026-07-24 17:41:29,032 | INFO | office_ticket_backend.ocr | ocr_extract_provider_selected image=E:\Projects\Nova Construction Ticket App\data\uploads\20260724_204127_723968_20260724_203844_987876_p1_1_20260717102354642.jpg provider=pytesseract confidence=0.36
2026-07-24 17:41:29,033 | INFO | office_ticket_backend.app | upload_processed file=20260724_203844_987876_p1_1_20260717102354642.jpg provider=pytesseract confidence=0.36 ticket_id=
2026-07-24 17:41:29,038 | INFO | office_ticket_backend.app | ticket_inserted ticket_id= provider=pytesseract confidence=0.36 image=E:\Projects\Nova Construction Ticket App\data\uploads\20260724_204127_723968_20260724_203844_987876_p1_1_20260717102354642.jpg
2026-07-24 17:42:26,104 | INFO | office_ticket_backend.ocr | ocr_extract_start image=scratch\temp_rot_0.jpg provider_env=<empty>
2026-07-24 17:42:26,496 | INFO | office_ticket_backend.ocr | pytesseract_request_start image=scratch\temp_rot_0.jpg
2026-07-24 17:42:27,869 | INFO | office_ticket_backend.ocr | pytesseract_request_success image=scratch\temp_rot_0.jpg conf=0.42
2026-07-24 17:42:27,870 | INFO | office_ticket_backend.ocr | ocr_extract_provider_selected image=scratch\temp_rot_0.jpg provider=pytesseract confidence=0.42
2026-07-24 17:42:27,898 | INFO | office_ticket_backend.ocr | ocr_extract_start image=scratch\temp_rot_90.jpg provider_env=<empty>
2026-07-24 17:42:27,898 | INFO | office_ticket_backend.ocr | pytesseract_request_start image=scratch\temp_rot_90.jpg
2026-07-24 17:42:29,399 | INFO | office_ticket_backend.ocr | pytesseract_request_success image=scratch\temp_rot_90.jpg conf=0.59
2026-07-24 17:42:29,399 | INFO | office_ticket_backend.ocr | ocr_extract_provider_selected image=scratch\temp_rot_90.jpg provider=pytesseract confidence=0.59
2026-07-24 17:42:29,418 | INFO | office_ticket_backend.ocr | ocr_extract_start image=scratch\temp_rot_180.jpg provider_env=<empty>
2026-07-24 17:42:29,419 | INFO | office_ticket_backend.ocr | pytesseract_request_start image=scratch\temp_rot_180.jpg
2026-07-24 17:42:30,595 | INFO | office_ticket_backend.ocr | pytesseract_request_success image=scratch\temp_rot_180.jpg conf=0.37
2026-07-24 17:42:30,595 | INFO | office_ticket_backend.ocr | ocr_extract_provider_selected image=scratch\temp_rot_180.jpg provider=pytesseract confidence=0.37
2026-07-24 17:42:30,624 | INFO | office_ticket_backend.ocr | ocr_extract_start image=scratch\temp_rot_270.jpg provider_env=<empty>
2026-07-24 17:42:30,624 | INFO | office_ticket_backend.ocr | pytesseract_request_start image=scratch\temp_rot_270.jpg
2026-07-24 17:42:31,927 | INFO | office_ticket_backend.ocr | pytesseract_request_success image=scratch\temp_rot_270.jpg conf=0.37
2026-07-24 17:42:31,927 | INFO | office_ticket_backend.ocr | ocr_extract_provider_selected image=scratch\temp_rot_270.jpg provider=pytesseract confidence=0.37
2026-07-24 17:42:41,255 | INFO | office_ticket_backend.ocr | ocr_extract_start image=scratch\temp_rot_0.jpg provider_env=google_vision
2026-07-24 17:42:41,749 | INFO | office_ticket_backend.ocr | google_vision_request_start image=scratch\temp_rot_0.jpg
2026-07-24 17:42:43,634 | INFO | office_ticket_backend.ocr | google_vision_raw_text image=temp_rot_0.jpg chars=323 first_800=DATE | NOVA CONSTRUCTION COMPANY LTD | P.O. Box 1328 | Antigonish, NS | B2G 2L7 | Phone: 902-245-6386 Fax: 902-245-5132 | 5088 | LICENSE PLATE | TRUCKER | SOLD TO/ | CHARGED TO | DA | DELIVER TO | MATERIAL | C | GROSS | TARE | NET | 1310 | 26671 | JOB NO. | SEABROOK QUARRY | C | ENTERED MAY 3 7075 | RECEIVED BY | WHITE CUSTOMER COPY | CANARY TRUCKER'S COPY | PINK OFFICE COPY
2026-07-24 17:42:43,644 | INFO | office_ticket_backend.ocr | google_vision_request_success image=temp_rot_0.jpg avg_conf=0.97 ticket_id=7075 date=2026-05-03 sold_to=DA plate=CDA trucker=
2026-07-24 17:42:43,644 | INFO | office_ticket_backend.ocr | ocr_extract_provider_selected image=scratch\temp_rot_0.jpg provider=google_vision confidence=0.97
2026-07-24 17:42:43,672 | INFO | office_ticket_backend.ocr | ocr_extract_start image=scratch\temp_rot_90.jpg provider_env=google_vision
2026-07-24 17:42:43,672 | INFO | office_ticket_backend.ocr | google_vision_request_start image=scratch\temp_rot_90.jpg
2026-07-24 17:42:45,329 | INFO | office_ticket_backend.ocr | google_vision_raw_text image=temp_rot_90.jpg chars=326 first_800=NOVA CONSTRUCTION COMPANY LTD | DATE | Y | P.O. Box 1328 | Antigonish, NS | B2G 2L7 | Phone: 902-245-6386 Fax: 902-245-5132 5088 | JOB NO. | SEABROOK QUARRY | LICENSE PLATE | TRUCKER | D | SOLD TO/ | CHARGED TO | DELIVER TO | MATERIAL | C | GROSS | TARE | C | C | ENTERED MAY 3 2025 | NET | 1310 | 26671 | RECEIVED BY | WHITE CUSTOMER COPY | CANARY TRUCKER'S COPY | PINK OFFICE COPY
2026-07-24 17:42:45,337 | INFO | office_ticket_backend.ocr | google_vision_request_success image=temp_rot_90.jpg avg_conf=0.95 ticket_id=26671 date=2025-05-03 sold_to= plate= trucker=
2026-07-24 17:42:45,338 | INFO | office_ticket_backend.ocr | ocr_extract_provider_selected image=scratch\temp_rot_90.jpg provider=google_vision confidence=0.95
2026-07-24 17:42:45,357 | INFO | office_ticket_backend.ocr | ocr_extract_start image=scratch\temp_rot_180.jpg provider_env=google_vision
2026-07-24 17:42:45,357 | INFO | office_ticket_backend.ocr | google_vision_request_start image=scratch\temp_rot_180.jpg
2026-07-24 17:42:46,961 | INFO | office_ticket_backend.ocr | google_vision_raw_text image=temp_rot_180.jpg chars=321 first_800=DATE | NOVA CONSTRUCTION COMPANY LTD | LICENSE PLATE | P.O. Box 1328 | Antigonish, NS | B2G 2L7 | Phone: 902-245-6386 Fax: 902-245-5132 5088 | JOB NO. | SEABROOK QUARRY | TRUCKER | SOLD TO/ | CHARGED TO | DELIVER TO | MATERIAL | GROSS | H | TARE | 6 C | ENTERED MAY 32075 | NET | 1310 | 26671 | RECEIVED BY | WHITE CUSTOMER COPY | CANARY TRUCKER'S COPY | PINK-OFFICE COPY
2026-07-24 17:42:46,968 | INFO | office_ticket_backend.ocr | google_vision_request_success image=temp_rot_180.jpg avg_conf=0.95 ticket_id=26671 date= sold_to=TO plate=TO1310 trucker=TO TO 1310
2026-07-24 17:42:46,968 | INFO | office_ticket_backend.ocr | ocr_extract_provider_selected image=scratch\temp_rot_180.jpg provider=google_vision confidence=0.95
2026-07-24 17:42:46,999 | INFO | office_ticket_backend.ocr | ocr_extract_start image=scratch\temp_rot_270.jpg provider_env=google_vision
2026-07-24 17:42:46,999 | INFO | office_ticket_backend.ocr | google_vision_request_start image=scratch\temp_rot_270.jpg
2026-07-24 17:42:48,556 | INFO | office_ticket_backend.ocr | google_vision_raw_text image=temp_rot_270.jpg chars=317 first_800=DATE | NOVA CONSTRUCTION COMPANY LTD | LICENSE PLATE | P.O. Box 1328 | Antigonish, NS | B2G 2L7 | Phone: 902-245-6386 • Fax: 902-245-5132 5088 | JOB NO. | SEABROOK QUARRY | TRUCKER | SOLD TO/ | CHARGED TO | DELIVER TO | MATERIAL | GROSS | TARE | NET | 310 | 26671 | ENTERED MAY 3 2075 | RECEIVED BY | WHITE CUSTOMER COPY | CANARY TRUCKER'S COPY | PINK-OFFICE COPY
2026-07-24 17:42:48,563 | INFO | office_ticket_backend.ocr | google_vision_request_success image=temp_rot_270.jpg avg_conf=0.95 ticket_id=2075 date=2075-05-03 sold_to= plate= trucker=
2026-07-24 17:42:48,563 | INFO | office_ticket_backend.ocr | ocr_extract_provider_selected image=scratch\temp_rot_270.jpg provider=google_vision confidence=0.95
2026-07-24 17:43:39,166 | INFO | office_ticket_backend.ocr | ocr_extract_start image=docs\client_research\Info provided\Images\pdf_ticket_p1_Im1.jpg provider_env=google_vision
2026-07-24 17:43:39,663 | INFO | office_ticket_backend.ocr | google_vision_request_start image=docs\client_research\Info provided\Images\pdf_ticket_p1_Im1.jpg
2026-07-24 17:43:41,413 | INFO | office_ticket_backend.ocr | google_vision_raw_text image=pdf_ticket_p1_Im1.jpg chars=323 first_800=DATE | NOVA CONSTRUCTION COMPANY LTD | P.O. Box 1328 | Antigonish, NS | B2G 2L7 | Phone: 902-245-6386 Fax: 902-245-5132 | 5088 | LICENSE PLATE | TRUCKER | SOLD TO/ | CHARGED TO | DA | DELIVER TO | MATERIAL | C | GROSS | TARE | NET | 1310 | 26671 | JOB NO. | SEABROOK QUARRY | C | ENTERED MAY 3 7075 | RECEIVED BY | WHITE CUSTOMER COPY | CANARY TRUCKER'S COPY | PINK-OFFICE COPY
2026-07-24 17:43:41,423 | INFO | office_ticket_backend.ocr | google_vision_request_success image=pdf_ticket_p1_Im1.jpg avg_conf=0.96 ticket_id=7075 date=2026-05-03 sold_to=C DA plate=CDA trucker=
2026-07-24 17:43:41,423 | INFO | office_ticket_backend.ocr | ocr_extract_provider_selected image=docs\client_research\Info provided\Images\pdf_ticket_p1_Im1.jpg provider=google_vision confidence=0.96
2026-07-24 17:43:41,425 | INFO | office_ticket_backend.ocr | ocr_extract_start image=docs\client_research\Info provided\Images\pdf_ticket_p2_Im2.jpg provider_env=google_vision
2026-07-24 17:43:41,425 | INFO | office_ticket_backend.ocr | google_vision_request_start image=docs\client_research\Info provided\Images\pdf_ticket_p2_Im2.jpg
2026-07-24 17:43:43,046 | INFO | office_ticket_backend.ocr | google_vision_raw_text image=pdf_ticket_p2_Im2.jpg chars=387 first_800=DATE | NOVA CONSTRUCTION COMPANY LTD | P.O. Box 1328 | Antigonish, NS | B2G 2L7 | Phone: 902-245-6386 Fax: 902-245-5132 | April16/26/JOB NO. | JOB NO. 241260. | DESMOND QUARRY | LICENSE PLATE 58505 | TRUCKER | SOLD TO/ | Premy Wood Blain | Ma | CHARGED TO Municipal Windmill | DELIVER TO | Weavers Mut | MATERIAL | GROSS | 34900 | TARE | 20610 | NET | 0561 | 14290 | RECEIVED BY | WHITE CUSTOMER COPY | CANARY-TRUCKER'S COPY | PINK-OFFICE COPY
2026-07-24 17:43:43,055 | INFO | office_ticket_backend.ocr | google_vision_request_success image=pdf_ticket_p2_Im2.jpg avg_conf=0.90 ticket_id=241260 date=2026-04-16 sold_to= plate= trucker=Premy April16
2026-07-24 17:43:43,056 | INFO | office_ticket_backend.ocr | ocr_extract_provider_selected image=docs\client_research\Info provided\Images\pdf_ticket_p2_Im2.jpg provider=google_vision confidence=0.90
2026-07-24 17:43:43,057 | INFO | office_ticket_backend.ocr | ocr_extract_start image=docs\client_research\Info provided\Images\pdf_ticket_p3_Im3.jpg provider_env=google_vision
2026-07-24 17:43:43,057 | INFO | office_ticket_backend.ocr | google_vision_request_start image=docs\client_research\Info provided\Images\pdf_ticket_p3_Im3.jpg
2026-07-24 17:43:44,778 | INFO | office_ticket_backend.ocr | google_vision_raw_text image=pdf_ticket_p3_Im3.jpg chars=364 first_800=DATE | NOVA CONSTRUCTION COMPANY LTD | P.O. Box 1328 | Antigonish, NS | B2G 2L7 | Phone: 902-245-6386 Fax: 902-245-5132 | Day 1926 | LICENSE PLATE | TRUCKER | SOLD TO/ | CHARGED TO | DELIVER TO | MATERIAL | GROSS | TARE | NET | JOB NO. | LONG POINT QUARRY | Lime | Lime | Doherty | Dotorty | Type 1 | 25.350 | 10900 | 14.450 | 07235 | WHITE CUSTOMER COPY | - | RECEIVED BY | Ty | spd | spd | CANARY TRUCKER'S COPY | PINK-OFFICE COPY
2026-07-24 17:43:44,785 | INFO | office_ticket_backend.ocr | google_vision_request_success image=pdf_ticket_p3_Im3.jpg avg_conf=0.93 ticket_id=07235 date= sold_to=DATE plate=14450TYPEDAY trucker=14.450 Type Day
2026-07-24 17:43:44,786 | INFO | office_ticket_backend.ocr | ocr_extract_provider_selected image=docs\client_research\Info provided\Images\pdf_ticket_p3_Im3.jpg provider=google_vision confidence=0.93
2026-07-24 17:43:44,787 | INFO | office_ticket_backend.ocr | ocr_extract_start image=docs\client_research\Info provided\Images\pdf_ticket_p4_Im4.jpg provider_env=google_vision
2026-07-24 17:43:44,787 | INFO | office_ticket_backend.ocr | google_vision_request_start image=docs\client_research\Info provided\Images\pdf_ticket_p4_Im4.jpg
2026-07-24 17:43:46,456 | INFO | office_ticket_backend.ocr | google_vision_raw_text image=pdf_ticket_p4_Im4.jpg chars=342 first_800=DATE | NOVA CONSTRUCTION COMPANY LTD | P.O. Box 1328 | Antigonish, NS | B2G 2L7 | Phone: 902-245-6386 Fax: 902-245-5132 | May 8 2026 | LICENSE PLATE | JOB NO. | LONG POINT QUARRY | TRUCKER | SOLD TO/ | CHARGED TO | DELIVER TO | Chipman Tructing | MATERIAL | GROSS | TARE | 14, | NET | 07131 | WHITE CUSTOMER COPY | 000 | Tonne | RECEIVED BY | Matt Lloyd | CANARY TRUCKER'S COPY | PINK OFFICE COPY
2026-07-24 17:43:46,464 | INFO | office_ticket_backend.ocr | google_vision_request_success image=pdf_ticket_p4_Im4.jpg avg_conf=0.93 ticket_id=07131 date=2026-05-08 sold_to= plate= trucker=TO TO / May DATE
2026-07-24 17:43:46,464 | INFO | office_ticket_backend.ocr | ocr_extract_provider_selected image=docs\client_research\Info provided\Images\pdf_ticket_p4_Im4.jpg provider=google_vision confidence=0.93
2026-07-24 17:43:46,466 | INFO | office_ticket_backend.ocr | ocr_extract_start image=docs\client_research\Info provided\Images\pdf_ticket_p5_Im5.jpg provider_env=google_vision
2026-07-24 17:43:46,466 | INFO | office_ticket_backend.ocr | google_vision_request_start image=docs\client_research\Info provided\Images\pdf_ticket_p5_Im5.jpg
2026-07-24 17:43:48,212 | INFO | office_ticket_backend.ocr | google_vision_raw_text image=pdf_ticket_p5_Im5.jpg chars=348 first_800=NOVA CONSTRUCTION COMPANY LTD | P.O. Box 1328 | Antigonish, NS | B2G 2L7 | Phone: 902-245-6386 Fax: 902-245-5132 | DATE May 11/26 | LICENSE PLATE | TRUCKER | SOLD TO/ | Alten | JOB NO. | LONG POINT QUARRY | CHARGED TO Potterty Lime HD | DELIVER TO | MATERIAL Serge | GROSS 26000 | TARE 1680 | NET | 14/320 | 07162 | RECEIVED BY | WHITE CUSTOMER COPY | - | CANARY TRUCKER'S COPY | PINK-OFFICE COPY
2026-07-24 17:43:48,220 | INFO | office_ticket_backend.ocr | google_vision_request_success image=pdf_ticket_p5_Im5.jpg avg_conf=0.92 ticket_id=07162 date=2026-05-11 sold_to=1680 Serge plate=ALTEN1126 trucker=1680 Serge Alten 11/26
2026-07-24 17:43:48,221 | INFO | office_ticket_backend.ocr | ocr_extract_provider_selected image=docs\client_research\Info provided\Images\pdf_ticket_p5_Im5.jpg provider=google_vision confidence=0.92
2026-07-24 17:43:48,221 | INFO | office_ticket_backend.ocr | ocr_extract_start image=docs\client_research\Info provided\Images\pdf_ticket_p6_Im6.jpg provider_env=google_vision
2026-07-24 17:43:48,222 | INFO | office_ticket_backend.ocr | google_vision_request_start image=docs\client_research\Info provided\Images\pdf_ticket_p6_Im6.jpg
2026-07-24 17:43:49,914 | INFO | office_ticket_backend.ocr | google_vision_raw_text image=pdf_ticket_p6_Im6.jpg chars=322 first_800=NOVA CONSTRUCTION COMPANY LTD | P.O. Box 1328 | Antigonish, NS | B2G 2L7 | Phone: 902-245-6386 Fax: 902-245-5132 | DATE June 1 | 26 | JOB NO. | LICENSE PLATE | LONG POINT QUARRY | TRUCKER | SOLD TO/ | CHARGED TO CRD | DELIVER TO | MATERIAL | GROSS | Back Rock | TARE | 15 T | NET | 00534 | RECEIVED BY | нил | WHITE CUSTOMER COPY | CANARY TRUCKER'S COPY | PINK-OFFICE COPY
2026-07-24 17:43:49,923 | INFO | office_ticket_backend.ocr | google_vision_request_success image=pdf_ticket_p6_Im6.jpg avg_conf=0.92 ticket_id=00534 date=2026-06-01 sold_to=TO / June plate=BACKCRD1 trucker=TO TO / DATE
2026-07-24 17:43:49,923 | INFO | office_ticket_backend.ocr | ocr_extract_provider_selected image=docs\client_research\Info provided\Images\pdf_ticket_p6_Im6.jpg provider=google_vision confidence=0.92
2026-07-24 17:43:49,924 | INFO | office_ticket_backend.ocr | ocr_extract_start image=docs\client_research\Info provided\Images\pdf_ticket_p7_Im7.jpg provider_env=google_vision
2026-07-24 17:43:49,925 | INFO | office_ticket_backend.ocr | google_vision_request_start image=docs\client_research\Info provided\Images\pdf_ticket_p7_Im7.jpg
2026-07-24 17:43:51,584 | INFO | office_ticket_backend.ocr | google_vision_raw_text image=pdf_ticket_p7_Im7.jpg chars=291 first_800=DATE | NOVA CONSTRUCTION COMPANY LT | P.O. Box 1328 | Antigonish, NS | B2G 2L7 | Phone: 902-245-6386 Fax: 902-245-5132 | JOB NO. | LICENSE PLATE | LONG POINT QUARRY | TRUCKER | SOLD TO/ | CHARGED TO | DELIVER TO | MATERIAL | GROSS | 15 | TARE | NET | 06738 | RECEIVED BY | WHITE CUSTOMER COPY | CANARY TRUCKER'S COPY | PINK OFFICE COPY
2026-07-24 17:43:51,590 | INFO | office_ticket_backend.ocr | google_vision_request_success image=pdf_ticket_p7_Im7.jpg avg_conf=0.98 ticket_id=06738 date= sold_to=15 plate= trucker=TO TO / DATE
2026-07-24 17:43:51,591 | INFO | office_ticket_backend.ocr | ocr_extract_provider_selected image=docs\client_research\Info provided\Images\pdf_ticket_p7_Im7.jpg provider=google_vision confidence=0.98
2026-07-24 17:44:42,721 | INFO | office_ticket_backend.app | app_start provider_env=<empty> duplicate_check_enabled=True
2026-07-24 17:44:54,463 | INFO | office_ticket_backend.app | app_start provider_env=<empty> duplicate_check_enabled=True
2026-07-24 17:44:56,427 | INFO | office_ticket_backend.app | app_start provider_env=<empty> duplicate_check_enabled=True
2026-07-24 17:44:56,433 | INFO | office_ticket_backend.app | upload_saved file=20260724_203844_987876_20260717102354642.pdf size_bytes=1917952 path=E:\Projects\Nova Construction Ticket App\data\uploads\20260724_204456_431795_20260724_203844_987876_20260717102354642.pdf
2026-07-24 17:44:56,515 | INFO | office_ticket_backend.ocr | ocr_extract_start image=E:\Projects\Nova Construction Ticket App\data\uploads\20260724_204456_431795_p1_1_20260724_203844_987876_20260717102354642.jpg provider_env=google_vision
2026-07-24 17:44:56,765 | INFO | office_ticket_backend.ocr | google_vision_request_start image=E:\Projects\Nova Construction Ticket App\data\uploads\20260724_204456_431795_p1_1_20260724_203844_987876_20260717102354642.jpg
2026-07-24 17:44:58,400 | INFO | office_ticket_backend.ocr | google_vision_raw_text image=20260724_204456_431795_p1_1_20260724_203844_987876_20260717102354642.jpg chars=317 first_800=DATE | NOVA CONSTRUCTION COMPANY LTD | LICENSE PLATE | P.O. Box 1328 | Antigonish, NS | B2G 2L7 | Phone: 902-245-6386 • Fax: 902-245-5132 5088 | JOB NO. | SEABROOK QUARRY | TRUCKER | SOLD TO/ | CHARGED TO | DELIVER TO | MATERIAL | GROSS | TARE | NET | 310 | 26671 | ENTERED MAY 3 2075 | RECEIVED BY | WHITE CUSTOMER COPY | CANARY TRUCKER'S COPY | PINK-OFFICE COPY
2026-07-24 17:44:58,413 | INFO | office_ticket_backend.ocr | google_vision_request_success image=20260724_204456_431795_p1_1_20260724_203844_987876_20260717102354642.jpg avg_conf=0.95 ticket_id=2075 date=2075-05-03 sold_to= plate= trucker=
2026-07-24 17:44:58,414 | INFO | office_ticket_backend.ocr | ocr_extract_provider_selected image=E:\Projects\Nova Construction Ticket App\data\uploads\20260724_204456_431795_p1_1_20260724_203844_987876_20260717102354642.jpg provider=google_vision confidence=0.95
2026-07-24 17:44:58,424 | INFO | office_ticket_backend.app | ticket_inserted ticket_id=2075 provider=google_vision confidence=0.95 image=E:\Projects\Nova Construction Ticket App\data\uploads\20260724_204456_431795_p1_1_20260724_203844_987876_20260717102354642.jpg
2026-07-24 17:44:58,502 | INFO | office_ticket_backend.ocr | ocr_extract_start image=E:\Projects\Nova Construction Ticket App\data\uploads\20260724_204456_431795_p2_1_20260724_203844_987876_20260717102354642.jpg provider_env=google_vision
2026-07-24 17:44:58,502 | INFO | office_ticket_backend.ocr | google_vision_request_start image=E:\Projects\Nova Construction Ticket App\data\uploads\20260724_204456_431795_p2_1_20260724_203844_987876_20260717102354642.jpg
2026-07-24 17:45:00,106 | INFO | office_ticket_backend.ocr | google_vision_raw_text image=20260724_204456_431795_p2_1_20260724_203844_987876_20260717102354642.jpg chars=376 first_800=DATE | NOVA CONSTRUCTION COMPANY LTD | P.O. Box 1328 | Antigonish, NS | B2G 2L7 | Phone: 902-245-6386 Fax: 902-245-5132 | Apri/16/20 | JOB NO. | 241260 | DESMOND QUARRY | wood. Bla. % | LICENSE PLATE | 5850 | TRUCKER | SOLD TO/ | CHARGED TO M.. | Nicipa | DELIVER TO | Windwmilk | Weavers Mut | MATERIAL | GROSS | 34900 | TARE | 20610 | NET | 0561 | 14290 | RECEIVED BY | ✓ | - | WHITE CUSTOMER COPY | CANARY TRUCKER'S COPY | PINK-OFFICE COPY
2026-07-24 17:45:00,117 | INFO | office_ticket_backend.ocr | google_vision_request_success image=20260724_204456_431795_p2_1_20260724_203844_987876_20260717102354642.jpg avg_conf=0.90 ticket_id=241260 date=2016-04-01 sold_to=Bla . wood plate= trucker=5850
2026-07-24 17:45:00,118 | INFO | office_ticket_backend.ocr | ocr_extract_provider_selected image=E:\Projects\Nova Construction Ticket App\data\uploads\20260724_204456_431795_p2_1_20260724_203844_987876_20260717102354642.jpg provider=google_vision confidence=0.90
2026-07-24 17:45:00,129 | INFO | office_ticket_backend.app | ticket_inserted ticket_id=241260 provider=google_vision confidence=0.90 image=E:\Projects\Nova Construction Ticket App\data\uploads\20260724_204456_431795_p2_1_20260724_203844_987876_20260717102354642.jpg
2026-07-24 17:45:00,200 | INFO | office_ticket_backend.ocr | ocr_extract_start image=E:\Projects\Nova Construction Ticket App\data\uploads\20260724_204456_431795_p3_1_20260724_203844_987876_20260717102354642.jpg provider_env=google_vision
2026-07-24 17:45:00,201 | INFO | office_ticket_backend.ocr | google_vision_request_start image=E:\Projects\Nova Construction Ticket App\data\uploads\20260724_204456_431795_p3_1_20260724_203844_987876_20260717102354642.jpg
2026-07-24 17:45:01,872 | INFO | office_ticket_backend.ocr | google_vision_raw_text image=20260724_204456_431795_p3_1_20260724_203844_987876_20260717102354642.jpg chars=358 first_800=DATE | NOVA CONSTRUCTION COMPANY LTD | LICENSE PLATE | TRUCKER | SOLD TO/ | CHARGED TO | DELIVER TO | MATERIAL | GROSS | TARE | NET | P.O. Box 1328 | Antigonish, NS | B2G 2L7 | Phone: 902-245-6386 Fax: 902-245-5132 | 19/26 | JOB NO. | LONG POINT QUARRY | Doherty Lime | Doherty | Type 1 | 25.350 | 10900 | 14.450 | 07235 | WHITE - CUSTOMER COPY | RECEIVED BY | spd | Lime spo | CANARY TRUCKER'S COPY | PINK-OFFICE COPY
2026-07-24 17:45:01,882 | INFO | office_ticket_backend.ocr | google_vision_request_success image=20260724_204456_431795_p3_1_20260724_203844_987876_20260717102354642.jpg avg_conf=0.94 ticket_id=07235 date= sold_to=spd plate= trucker=
2026-07-24 17:45:01,882 | INFO | office_ticket_backend.ocr | ocr_extract_provider_selected image=E:\Projects\Nova Construction Ticket App\data\uploads\20260724_204456_431795_p3_1_20260724_203844_987876_20260717102354642.jpg provider=google_vision confidence=0.94
2026-07-24 17:45:01,895 | INFO | office_ticket_backend.app | ticket_inserted ticket_id=07235 provider=google_vision confidence=0.94 image=E:\Projects\Nova Construction Ticket App\data\uploads\20260724_204456_431795_p3_1_20260724_203844_987876_20260717102354642.jpg
2026-07-24 17:45:01,971 | INFO | office_ticket_backend.ocr | ocr_extract_start image=E:\Projects\Nova Construction Ticket App\data\uploads\20260724_204456_431795_p4_1_20260724_203844_987876_20260717102354642.jpg provider_env=google_vision
2026-07-24 17:45:01,971 | INFO | office_ticket_backend.ocr | google_vision_request_start image=E:\Projects\Nova Construction Ticket App\data\uploads\20260724_204456_431795_p4_1_20260724_203844_987876_20260717102354642.jpg
2026-07-24 17:45:03,620 | INFO | office_ticket_backend.ocr | google_vision_raw_text image=20260724_204456_431795_p4_1_20260724_203844_987876_20260717102354642.jpg chars=349 first_800=DATE | NOVA CONSTRUCTION COMPANY LTD | P.O. Box 1328 | Antigonish, NS | B2G 2L7 | Phone: 902-245-6386 Fax: 902-245-5132 | E May 8 2026 | LICENSE PLATE | JOB NO. | LONG POINT QUARRY | TRUCKER | SOLD TO/ | CHARGED TO | DELIVER TO | Chipman | Trucking | MATERIAL | GROSS | TARE leve 14, | NET | 07131 | WHITE CUSTOMER COPY | COO | lonne | RECEIVED BY | Matt Lloyd | CANARY TRUCKER'S COPY | PINK-OFFICE COPY
2026-07-24 17:45:03,629 | INFO | office_ticket_backend.ocr | google_vision_request_success image=20260724_204456_431795_p4_1_20260724_203844_987876_20260717102354642.jpg avg_conf=0.91 ticket_id=07131 date=2026-05-08 sold_to= plate= trucker=
2026-07-24 17:45:03,630 | INFO | office_ticket_backend.ocr | ocr_extract_provider_selected image=E:\Projects\Nova Construction Ticket App\data\uploads\20260724_204456_431795_p4_1_20260724_203844_987876_20260717102354642.jpg provider=google_vision confidence=0.91
2026-07-24 17:45:03,637 | INFO | office_ticket_backend.app | ticket_inserted ticket_id=07131 provider=google_vision confidence=0.91 image=E:\Projects\Nova Construction Ticket App\data\uploads\20260724_204456_431795_p4_1_20260724_203844_987876_20260717102354642.jpg
2026-07-24 17:45:03,711 | INFO | office_ticket_backend.ocr | ocr_extract_start image=E:\Projects\Nova Construction Ticket App\data\uploads\20260724_204456_431795_p5_1_20260724_203844_987876_20260717102354642.jpg provider_env=google_vision
2026-07-24 17:45:03,711 | INFO | office_ticket_backend.ocr | google_vision_request_start image=E:\Projects\Nova Construction Ticket App\data\uploads\20260724_204456_431795_p5_1_20260724_203844_987876_20260717102354642.jpg
2026-07-24 17:45:05,337 | INFO | office_ticket_backend.ocr | google_vision_raw_text image=20260724_204456_431795_p5_1_20260724_203844_987876_20260717102354642.jpg chars=339 first_800=NOVA CONSTRUCTION COMPANY LTD | P.O. Box 1328 | Antigonish, NS | B2G 2L7 | Phone: 902-245-6386 Fax: 902-245-5132 | DATE May 11/26 | LICENSE PLATE | JOB NO. | LONG POINT QUARRY | TRUCKER | SOLD TO/ | CHARGED TO Potterty Lime HD | DELIVER TO | MATERIAL Serge | GROSS 26000 | TARE | 11680 | NET 4320 | 07162 | WHITE CUSTOMER COPY | RECEIVED BY | CANARY TRUCKER'S COPY | PINK-OFFICE COPY
2026-07-24 17:45:05,345 | INFO | office_ticket_backend.ocr | google_vision_request_success image=20260724_204456_431795_p5_1_20260724_203844_987876_20260717102354642.jpg avg_conf=0.93 ticket_id=07162 date=2026-05-11 sold_to= plate= trucker=
2026-07-24 17:45:05,346 | INFO | office_ticket_backend.ocr | ocr_extract_provider_selected image=E:\Projects\Nova Construction Ticket App\data\uploads\20260724_204456_431795_p5_1_20260724_203844_987876_20260717102354642.jpg provider=google_vision confidence=0.93
2026-07-24 17:45:05,355 | INFO | office_ticket_backend.app | ticket_inserted ticket_id=07162 provider=google_vision confidence=0.93 image=E:\Projects\Nova Construction Ticket App\data\uploads\20260724_204456_431795_p5_1_20260724_203844_987876_20260717102354642.jpg
2026-07-24 17:45:05,429 | INFO | office_ticket_backend.ocr | ocr_extract_start image=E:\Projects\Nova Construction Ticket App\data\uploads\20260724_204456_431795_p6_1_20260724_203844_987876_20260717102354642.jpg provider_env=google_vision
2026-07-24 17:45:05,430 | INFO | office_ticket_backend.ocr | google_vision_request_start image=E:\Projects\Nova Construction Ticket App\data\uploads\20260724_204456_431795_p6_1_20260724_203844_987876_20260717102354642.jpg
2026-07-24 17:45:07,040 | INFO | office_ticket_backend.ocr | google_vision_raw_text image=20260724_204456_431795_p6_1_20260724_203844_987876_20260717102354642.jpg chars=316 first_800=NOVA CONSTRUCTION COMPANY LTD | P.O. Box 1328 | Antigonish, NS | B2G 2L7 | Phone: 902-245-6386 Fax: 902-245-5132 | DATE | June | 26 | JOB NO. | LICENSE PLATE | LONG POINT QUARRY | TRUCKER | SOLD TO/ | CHARGED TO CRD | DELIVER TO | MATERIAL | Bank Rock | GROSS | TARE | 15 T | NET | 00534 | RECEIVED BY | WHITE-CUSTOMER COPY | CANARY TRUCKER'S COPY | PINK-OFFICE COPY
2026-07-24 17:45:07,049 | INFO | office_ticket_backend.ocr | google_vision_request_success image=20260724_204456_431795_p6_1_20260724_203844_987876_20260717102354642.jpg avg_conf=0.94 ticket_id=00534 date=2026-06-26 sold_to= plate= trucker=
2026-07-24 17:45:07,050 | INFO | office_ticket_backend.ocr | ocr_extract_provider_selected image=E:\Projects\Nova Construction Ticket App\data\uploads\20260724_204456_431795_p6_1_20260724_203844_987876_20260717102354642.jpg provider=google_vision confidence=0.94
2026-07-24 17:45:07,057 | INFO | office_ticket_backend.app | ticket_inserted ticket_id=00534 provider=google_vision confidence=0.94 image=E:\Projects\Nova Construction Ticket App\data\uploads\20260724_204456_431795_p6_1_20260724_203844_987876_20260717102354642.jpg
2026-07-24 17:45:07,126 | INFO | office_ticket_backend.ocr | ocr_extract_start image=E:\Projects\Nova Construction Ticket App\data\uploads\20260724_204456_431795_p7_1_20260724_203844_987876_20260717102354642.jpg provider_env=google_vision
2026-07-24 17:45:07,127 | INFO | office_ticket_backend.ocr | google_vision_request_start image=E:\Projects\Nova Construction Ticket App\data\uploads\20260724_204456_431795_p7_1_20260724_203844_987876_20260717102354642.jpg
2026-07-24 17:45:08,678 | INFO | office_ticket_backend.ocr | google_vision_raw_text image=20260724_204456_431795_p7_1_20260724_203844_987876_20260717102354642.jpg chars=293 first_800=DATE | NOVA CONSTRUCTION COMPANY LT | P.O. Box 1328 | Antigonish, NS | B2G 2L7 | Phone: 902-245-6386 Fax: 902-245-5132 | JOB NO. | LICENSE PLATE | LONG POINT QUARRY | TRUCKER | SOLD TO/ | CHARGED TO | DELIVER TO | MATERIAL | GROSS | 15 + | TARE | NET | 06738 | RECEIVED BY | WHITE CUSTOMER COPY | CANARY TRUCKER'S COPY | PINK-OFFICE COPY
2026-07-24 17:45:08,686 | INFO | office_ticket_backend.ocr | google_vision_request_success image=20260724_204456_431795_p7_1_20260724_203844_987876_20260717102354642.jpg avg_conf=0.96 ticket_id=06738 date= sold_to= plate= trucker=
2026-07-24 17:45:08,687 | INFO | office_ticket_backend.ocr | ocr_extract_provider_selected image=E:\Projects\Nova Construction Ticket App\data\uploads\20260724_204456_431795_p7_1_20260724_203844_987876_20260717102354642.jpg provider=google_vision confidence=0.96
2026-07-24 17:45:08,694 | INFO | office_ticket_backend.app | ticket_inserted ticket_id=06738 provider=google_vision confidence=0.96 image=E:\Projects\Nova Construction Ticket App\data\uploads\20260724_204456_431795_p7_1_20260724_203844_987876_20260717102354642.jpg
2026-07-24 17:45:24,537 | INFO | office_ticket_backend.app | app_start provider_env=<empty> duplicate_check_enabled=True
2026-07-24 17:45:25,911 | INFO | office_ticket_backend.app | app_start provider_env=<empty> duplicate_check_enabled=True
2026-07-24 17:45:27,467 | INFO | office_ticket_backend.app | app_start provider_env=<empty> duplicate_check_enabled=True
2026-07-24 17:45:30,170 | INFO | office_ticket_backend.app | app_start provider_env=<empty> duplicate_check_enabled=True
2026-07-24 17:45:31,397 | INFO | office_ticket_backend.app | app_start provider_env=<empty> duplicate_check_enabled=True
2026-07-24 17:45:34,835 | INFO | office_ticket_backend.app | app_start provider_env=<empty> duplicate_check_enabled=True
2026-07-24 17:46:09,113 | INFO | office_ticket_backend.ocr | ocr_extract_start image=scratch\temp_rot_90.jpg provider_env=google_vision
2026-07-24 17:46:09,589 | INFO | office_ticket_backend.ocr | google_vision_request_start image=scratch\temp_rot_90.jpg
2026-07-24 17:46:11,368 | INFO | office_ticket_backend.ocr | google_vision_raw_text image=temp_rot_90.jpg chars=326 first_800=NOVA CONSTRUCTION COMPANY LTD | DATE | Y | P.O. Box 1328 | Antigonish, NS | B2G 2L7 | Phone: 902-245-6386 Fax: 902-245-5132 5088 | JOB NO. | SEABROOK QUARRY | LICENSE PLATE | TRUCKER | D | SOLD TO/ | CHARGED TO | DELIVER TO | MATERIAL | C | GROSS | TARE | C | C | ENTERED MAY 3 2025 | NET | 1310 | 26671 | RECEIVED BY | WHITE CUSTOMER COPY | CANARY TRUCKER'S COPY | PINK OFFICE COPY
2026-07-24 17:46:11,378 | INFO | office_ticket_backend.ocr | google_vision_request_success image=temp_rot_90.jpg avg_conf=0.95 ticket_id=26671 date=2025-05-03 sold_to= plate= trucker=
2026-07-24 17:46:11,378 | INFO | office_ticket_backend.ocr | ocr_extract_provider_selected image=scratch\temp_rot_90.jpg provider=google_vision confidence=0.95
2026-07-24 17:46:23,594 | INFO | office_ticket_backend.ocr | ocr_extract_start image=scratch\orient_pdf_ticket_p1_Im1.jpg provider_env=google_vision
2026-07-24 17:46:23,595 | INFO | office_ticket_backend.ocr | google_vision_request_start image=scratch\orient_pdf_ticket_p1_Im1.jpg
2026-07-24 17:46:25,248 | INFO | office_ticket_backend.ocr | google_vision_raw_text image=orient_pdf_ticket_p1_Im1.jpg chars=317 first_800=DATE | NOVA CONSTRUCTION COMPANY LTD | LICENSE PLATE | P.O. Box 1328 | Antigonish, NS | B2G 2L7 | Phone: 902-245-6386 • Fax: 902-245-5132 5088 | JOB NO. | SEABROOK QUARRY | TRUCKER | SOLD TO/ | CHARGED TO | DELIVER TO | MATERIAL | GROSS | TARE | NET | 310 | 26671 | ENTERED MAY 3 2075 | RECEIVED BY | WHITE CUSTOMER COPY | CANARY TRUCKER'S COPY | PINK-OFFICE COPY
2026-07-24 17:46:25,258 | INFO | office_ticket_backend.ocr | google_vision_request_success image=orient_pdf_ticket_p1_Im1.jpg avg_conf=0.95 ticket_id=2075 date=2075-05-03 sold_to= plate= trucker=
2026-07-24 17:46:25,258 | INFO | office_ticket_backend.ocr | ocr_extract_provider_selected image=scratch\orient_pdf_ticket_p1_Im1.jpg provider=google_vision confidence=0.95
2026-07-24 17:46:25,767 | INFO | office_ticket_backend.ocr | ocr_extract_start image=scratch\orient_pdf_ticket_p2_Im2.jpg provider_env=google_vision
2026-07-24 17:46:25,767 | INFO | office_ticket_backend.ocr | google_vision_request_start image=scratch\orient_pdf_ticket_p2_Im2.jpg
2026-07-24 17:46:27,375 | INFO | office_ticket_backend.ocr | google_vision_raw_text image=orient_pdf_ticket_p2_Im2.jpg chars=376 first_800=DATE | NOVA CONSTRUCTION COMPANY LTD | P.O. Box 1328 | Antigonish, NS | B2G 2L7 | Phone: 902-245-6386 Fax: 902-245-5132 | Apri/16/20 | JOB NO. | 241260 | DESMOND QUARRY | wood. Bla. % | LICENSE PLATE | 5850 | TRUCKER | SOLD TO/ | CHARGED TO M.. | Nicipa | DELIVER TO | Windwmilk | Weavers Mut | MATERIAL | GROSS | 34900 | TARE | 20610 | NET | 0561 | 14290 | RECEIVED BY | ✓ | - | WHITE CUSTOMER COPY | CANARY TRUCKER'S COPY | PINK-OFFICE COPY
2026-07-24 17:46:27,385 | INFO | office_ticket_backend.ocr | google_vision_request_success image=orient_pdf_ticket_p2_Im2.jpg avg_conf=0.90 ticket_id=241260 date=2016-04-01 sold_to=Bla . wood plate= trucker=5850
2026-07-24 17:46:27,386 | INFO | office_ticket_backend.ocr | ocr_extract_provider_selected image=scratch\orient_pdf_ticket_p2_Im2.jpg provider=google_vision confidence=0.90
2026-07-24 17:46:27,876 | INFO | office_ticket_backend.ocr | ocr_extract_start image=scratch\orient_pdf_ticket_p3_Im3.jpg provider_env=google_vision
2026-07-24 17:46:27,877 | INFO | office_ticket_backend.ocr | google_vision_request_start image=scratch\orient_pdf_ticket_p3_Im3.jpg
2026-07-24 17:46:29,423 | INFO | office_ticket_backend.ocr | google_vision_raw_text image=orient_pdf_ticket_p3_Im3.jpg chars=358 first_800=DATE | NOVA CONSTRUCTION COMPANY LTD | LICENSE PLATE | TRUCKER | SOLD TO/ | CHARGED TO | DELIVER TO | MATERIAL | GROSS | TARE | NET | P.O. Box 1328 | Antigonish, NS | B2G 2L7 | Phone: 902-245-6386 Fax: 902-245-5132 | 19/26 | JOB NO. | LONG POINT QUARRY | Doherty Lime | Doherty | Type 1 | 25.350 | 10900 | 14.450 | 07235 | WHITE - CUSTOMER COPY | RECEIVED BY | spd | Lime spo | CANARY TRUCKER'S COPY | PINK-OFFICE COPY
2026-07-24 17:46:29,431 | INFO | office_ticket_backend.ocr | google_vision_request_success image=orient_pdf_ticket_p3_Im3.jpg avg_conf=0.94 ticket_id=07235 date= sold_to=spd plate= trucker=
2026-07-24 17:46:29,432 | INFO | office_ticket_backend.ocr | ocr_extract_provider_selected image=scratch\orient_pdf_ticket_p3_Im3.jpg provider=google_vision confidence=0.94
2026-07-24 17:46:29,884 | INFO | office_ticket_backend.ocr | ocr_extract_start image=scratch\orient_pdf_ticket_p4_Im4.jpg provider_env=google_vision
2026-07-24 17:46:29,884 | INFO | office_ticket_backend.ocr | google_vision_request_start image=scratch\orient_pdf_ticket_p4_Im4.jpg
2026-07-24 17:46:31,490 | INFO | office_ticket_backend.ocr | google_vision_raw_text image=orient_pdf_ticket_p4_Im4.jpg chars=349 first_800=DATE | NOVA CONSTRUCTION COMPANY LTD | P.O. Box 1328 | Antigonish, NS | B2G 2L7 | Phone: 902-245-6386 Fax: 902-245-5132 | E May 8 2026 | LICENSE PLATE | JOB NO. | LONG POINT QUARRY | TRUCKER | SOLD TO/ | CHARGED TO | DELIVER TO | Chipman | Trucking | MATERIAL | GROSS | TARE leve 14, | NET | 07131 | WHITE CUSTOMER COPY | COO | lonne | RECEIVED BY | Matt Lloyd | CANARY TRUCKER'S COPY | PINK-OFFICE COPY
2026-07-24 17:46:31,498 | INFO | office_ticket_backend.ocr | google_vision_request_success image=orient_pdf_ticket_p4_Im4.jpg avg_conf=0.91 ticket_id=07131 date=2026-05-08 sold_to= plate= trucker=
2026-07-24 17:46:31,499 | INFO | office_ticket_backend.ocr | ocr_extract_provider_selected image=scratch\orient_pdf_ticket_p4_Im4.jpg provider=google_vision confidence=0.91
2026-07-24 17:46:31,957 | INFO | office_ticket_backend.ocr | ocr_extract_start image=scratch\orient_pdf_ticket_p5_Im5.jpg provider_env=google_vision
2026-07-24 17:46:31,957 | INFO | office_ticket_backend.ocr | google_vision_request_start image=scratch\orient_pdf_ticket_p5_Im5.jpg
2026-07-24 17:46:33,574 | INFO | office_ticket_backend.ocr | google_vision_raw_text image=orient_pdf_ticket_p5_Im5.jpg chars=339 first_800=NOVA CONSTRUCTION COMPANY LTD | P.O. Box 1328 | Antigonish, NS | B2G 2L7 | Phone: 902-245-6386 Fax: 902-245-5132 | DATE May 11/26 | LICENSE PLATE | JOB NO. | LONG POINT QUARRY | TRUCKER | SOLD TO/ | CHARGED TO Potterty Lime HD | DELIVER TO | MATERIAL Serge | GROSS 26000 | TARE | 11680 | NET 4320 | 07162 | WHITE CUSTOMER COPY | RECEIVED BY | CANARY TRUCKER'S COPY | PINK-OFFICE COPY
2026-07-24 17:46:33,582 | INFO | office_ticket_backend.ocr | google_vision_request_success image=orient_pdf_ticket_p5_Im5.jpg avg_conf=0.93 ticket_id=07162 date=2026-05-11 sold_to= plate= trucker=
2026-07-24 17:46:33,582 | INFO | office_ticket_backend.ocr | ocr_extract_provider_selected image=scratch\orient_pdf_ticket_p5_Im5.jpg provider=google_vision confidence=0.93
2026-07-24 17:46:34,086 | INFO | office_ticket_backend.ocr | ocr_extract_start image=scratch\orient_pdf_ticket_p6_Im6.jpg provider_env=google_vision
2026-07-24 17:46:34,086 | INFO | office_ticket_backend.ocr | google_vision_request_start image=scratch\orient_pdf_ticket_p6_Im6.jpg
2026-07-24 17:46:35,727 | INFO | office_ticket_backend.ocr | google_vision_raw_text image=orient_pdf_ticket_p6_Im6.jpg chars=316 first_800=NOVA CONSTRUCTION COMPANY LTD | P.O. Box 1328 | Antigonish, NS | B2G 2L7 | Phone: 902-245-6386 Fax: 902-245-5132 | DATE | June | 26 | JOB NO. | LICENSE PLATE | LONG POINT QUARRY | TRUCKER | SOLD TO/ | CHARGED TO CRD | DELIVER TO | MATERIAL | Bank Rock | GROSS | TARE | 15 T | NET | 00534 | RECEIVED BY | WHITE-CUSTOMER COPY | CANARY TRUCKER'S COPY | PINK-OFFICE COPY
2026-07-24 17:46:35,734 | INFO | office_ticket_backend.ocr | google_vision_request_success image=orient_pdf_ticket_p6_Im6.jpg avg_conf=0.94 ticket_id=00534 date=2026-06-26 sold_to= plate= trucker=
2026-07-24 17:46:35,735 | INFO | office_ticket_backend.ocr | ocr_extract_provider_selected image=scratch\orient_pdf_ticket_p6_Im6.jpg provider=google_vision confidence=0.94
2026-07-24 17:46:36,174 | INFO | office_ticket_backend.ocr | ocr_extract_start image=scratch\orient_pdf_ticket_p7_Im7.jpg provider_env=google_vision
2026-07-24 17:46:36,174 | INFO | office_ticket_backend.ocr | google_vision_request_start image=scratch\orient_pdf_ticket_p7_Im7.jpg
2026-07-24 17:46:37,764 | INFO | office_ticket_backend.ocr | google_vision_raw_text image=orient_pdf_ticket_p7_Im7.jpg chars=293 first_800=DATE | NOVA CONSTRUCTION COMPANY LT | P.O. Box 1328 | Antigonish, NS | B2G 2L7 | Phone: 902-245-6386 Fax: 902-245-5132 | JOB NO. | LICENSE PLATE | LONG POINT QUARRY | TRUCKER | SOLD TO/ | CHARGED TO | DELIVER TO | MATERIAL | GROSS | 15 + | TARE | NET | 06738 | RECEIVED BY | WHITE CUSTOMER COPY | CANARY TRUCKER'S COPY | PINK OFFICE COPY
2026-07-24 17:46:37,771 | INFO | office_ticket_backend.ocr | google_vision_request_success image=orient_pdf_ticket_p7_Im7.jpg avg_conf=0.97 ticket_id=06738 date= sold_to= plate= trucker=
2026-07-24 17:46:37,771 | INFO | office_ticket_backend.ocr | ocr_extract_provider_selected image=scratch\orient_pdf_ticket_p7_Im7.jpg provider=google_vision confidence=0.97
2026-07-24 17:46:50,197 | INFO | office_ticket_backend.ocr | ocr_extract_start image=scratch\orient_correct_pdf_ticket_p1_Im1.jpg provider_env=google_vision
2026-07-24 17:46:50,197 | INFO | office_ticket_backend.ocr | google_vision_request_start image=scratch\orient_correct_pdf_ticket_p1_Im1.jpg
2026-07-24 17:46:51,737 | INFO | office_ticket_backend.ocr | google_vision_raw_text image=orient_correct_pdf_ticket_p1_Im1.jpg chars=326 first_800=NOVA CONSTRUCTION COMPANY LTD | DATE | Y | P.O. Box 1328 | Antigonish, NS | B2G 2L7 | Phone: 902-245-6386 Fax: 902-245-5132 5088 | JOB NO. | SEABROOK QUARRY | LICENSE PLATE | TRUCKER | D | SOLD TO/ | CHARGED TO | DELIVER TO | MATERIAL | C | GROSS | TARE | C | C | ENTERED MAY 3 2025 | NET | 1310 | 26671 | RECEIVED BY | WHITE CUSTOMER COPY | CANARY TRUCKER'S COPY | PINK OFFICE COPY
2026-07-24 17:46:51,746 | INFO | office_ticket_backend.ocr | google_vision_request_success image=orient_correct_pdf_ticket_p1_Im1.jpg avg_conf=0.95 ticket_id=26671 date=2025-05-03 sold_to= plate= trucker=
2026-07-24 17:46:51,747 | INFO | office_ticket_backend.ocr | ocr_extract_provider_selected image=scratch\orient_correct_pdf_ticket_p1_Im1.jpg provider=google_vision confidence=0.95
2026-07-24 17:46:52,215 | INFO | office_ticket_backend.ocr | ocr_extract_start image=scratch\orient_correct_pdf_ticket_p2_Im2.jpg provider_env=google_vision
2026-07-24 17:46:52,217 | INFO | office_ticket_backend.ocr | google_vision_request_start image=scratch\orient_correct_pdf_ticket_p2_Im2.jpg
2026-07-24 17:46:53,837 | INFO | office_ticket_backend.ocr | google_vision_raw_text image=orient_correct_pdf_ticket_p2_Im2.jpg chars=384 first_800=DATE | NOVA CONSTRUCTION COMPANY LTD | P.O. Box 1328 | Antigonish, NS | B2G 2L7 | Phone: 902-245-6386 Fax: 902-245-5132 | Apri/16/261 JOB NO. 2412602 | LICENSE PLATE | TRUCKER | SOLD TO/ | DESMOND QUARRY | 58505 | Seremy Wood Blain. | CHARGED TO Municipal Windemitt | DELIVER TO | MATERIAL | Weavers Mat | GROSS 34900 | TARE | 20610 | NET | 0561 | 14290 | RECEIVED BY | - | WHITE CUSTOMER COPY | - | CANARY TRUCKER'S COPY | PINK-OFFICE COPY
2026-07-24 17:46:53,847 | INFO | office_ticket_backend.ocr | google_vision_request_success image=orient_correct_pdf_ticket_p2_Im2.jpg avg_conf=0.91 ticket_id=241260 date=2016-04-01 sold_to=Wood Blain plate= trucker=Seremy Wood Blain
2026-07-24 17:46:53,847 | INFO | office_ticket_backend.ocr | ocr_extract_provider_selected image=scratch\orient_correct_pdf_ticket_p2_Im2.jpg provider=google_vision confidence=0.91
2026-07-24 17:46:54,303 | INFO | office_ticket_backend.ocr | ocr_extract_start image=scratch\orient_correct_pdf_ticket_p3_Im3.jpg provider_env=google_vision
2026-07-24 17:46:54,304 | INFO | office_ticket_backend.ocr | google_vision_request_start image=scratch\orient_correct_pdf_ticket_p3_Im3.jpg
2026-07-24 17:46:55,924 | INFO | office_ticket_backend.ocr | google_vision_raw_text image=orient_correct_pdf_ticket_p3_Im3.jpg chars=378 first_800=DATE | NOVA CONSTRUCTION COMPANY LTD | P.O. Box 1328 | Antigonish, NS | B2G 2L7 | Phone: 902-245-6386 Fax: 902-245-5132 | 19/26 | O | JOB NO. | LONG POINT QUARRY | LICENSE PLATE | TRUCKER | SOLD TO/ | CHARGED TO | DELIVER TO | MATERIAL | GROSS | TARE | NET | Dohert | herty Lime | Dotorty Lime | Dotorty | Type 1 | 25.350 | 10900 | 14.450 | 07235 | RECEIVED BY | spe | Lime spo | - | WHITE CUSTOMER COPY | CANARY TRUCKER'S COPY | PINK-OFFICE COPY
2026-07-24 17:46:55,932 | INFO | office_ticket_backend.ocr | google_vision_request_success image=orient_correct_pdf_ticket_p3_Im3.jpg avg_conf=0.93 ticket_id=07235 date= sold_to=spe plate= trucker=Dohert
2026-07-24 17:46:55,933 | INFO | office_ticket_backend.ocr | ocr_extract_provider_selected image=scratch\orient_correct_pdf_ticket_p3_Im3.jpg provider=google_vision confidence=0.93
2026-07-24 17:46:56,340 | INFO | office_ticket_backend.ocr | ocr_extract_start image=scratch\orient_correct_pdf_ticket_p4_Im4.jpg provider_env=google_vision
2026-07-24 17:46:56,340 | INFO | office_ticket_backend.ocr | google_vision_request_start image=scratch\orient_correct_pdf_ticket_p4_Im4.jpg
2026-07-24 17:46:57,998 | INFO | office_ticket_backend.ocr | google_vision_raw_text image=orient_correct_pdf_ticket_p4_Im4.jpg chars=340 first_800=DATE | NOVA CONSTRUCTION COMPANY LTD | P.O. Box 1328 | Antigonish, NS | B2G 2L7 | Phone: 902-245-6386 Fax: 902-245-5132 | E May 8 2026 | LICENSE PLATE | JOB NO. | LONG POINT QUARRY | TRUCKER | SOLD TO/ | CHARGED TO | DELIVER TO | MATERIAL | GROSS | Chipman | Trucking | TARE | 14 | NET | Tonne | •Mott Lloyd | CANARY TRUCKER'S COPY | 07131 | RECEIVED BY | WHITE CUSTOMER COPY | PINK-OFFICE COPY
2026-07-24 17:46:58,006 | INFO | office_ticket_backend.ocr | google_vision_request_success image=orient_correct_pdf_ticket_p4_Im4.jpg avg_conf=0.92 ticket_id=07131 date=2026-05-08 sold_to=Chipman Trucking plate= trucker=
2026-07-24 17:46:58,006 | INFO | office_ticket_backend.ocr | ocr_extract_provider_selected image=scratch\orient_correct_pdf_ticket_p4_Im4.jpg provider=google_vision confidence=0.92
2026-07-24 17:46:58,443 | INFO | office_ticket_backend.ocr | ocr_extract_start image=scratch\orient_correct_pdf_ticket_p5_Im5.jpg provider_env=google_vision
2026-07-24 17:46:58,443 | INFO | office_ticket_backend.ocr | google_vision_request_start image=scratch\orient_correct_pdf_ticket_p5_Im5.jpg
2026-07-24 17:47:00,053 | INFO | office_ticket_backend.ocr | google_vision_raw_text image=orient_correct_pdf_ticket_p5_Im5.jpg chars=340 first_800=NOVA CONSTRUCTION COMPANY LTD | P.O. Box 1328 | Antigonish, NS | B2G 2L7 | Phone: 902-245-6386 Fax: 902-245-5132 | DATE May 11/26 | LICENSE PLATE | JOB NO. | LONG POINT QUARRY | TRUCKER | SOLD TO/ | CHARGED TO Potterty Lime HD | DELIVER TO | MATERIAL Serge | GROSS 26000 | TARE 1680 | NET 4320 | 07162 | WHITE CUSTOMER COPY | RECEIVED BY | - | CANARY TRUCKER'S COPY | PINK-OFFICE COPY
2026-07-24 17:47:00,061 | INFO | office_ticket_backend.ocr | google_vision_request_success image=orient_correct_pdf_ticket_p5_Im5.jpg avg_conf=0.93 ticket_id=07162 date=2026-05-11 sold_to=Potterty Lime HD plate= trucker=
2026-07-24 17:47:00,062 | INFO | office_ticket_backend.ocr | ocr_extract_provider_selected image=scratch\orient_correct_pdf_ticket_p5_Im5.jpg provider=google_vision confidence=0.93
2026-07-24 17:47:00,518 | INFO | office_ticket_backend.ocr | ocr_extract_start image=scratch\orient_correct_pdf_ticket_p6_Im6.jpg provider_env=google_vision
2026-07-24 17:47:00,519 | INFO | office_ticket_backend.ocr | google_vision_request_start image=scratch\orient_correct_pdf_ticket_p6_Im6.jpg
2026-07-24 17:47:02,167 | INFO | office_ticket_backend.ocr | google_vision_raw_text image=orient_correct_pdf_ticket_p6_Im6.jpg chars=319 first_800=NOVA CONSTRUCTION COMPANY LTD | P.O. Box 1328 | Antigonish, NS | B2G 2L7 | Phone: 902-245-6386 Fax: 902-245-5132 | DATE TI | June | 26 | JOB NO. | LICENSE PLATE | LONG POINT QUARRY | TRUCKER | SOLD TO/ | CHARGED TO RD | DELIVER TO | MATERIAL | GROSS | TARE | NET | Back shock | 15 T | 00534 | WHITE CUSTOMER COPY | RECEIVED BY | CANARY TRUCKER'S COPY | PINK-OFFICE COPY
2026-07-24 17:47:02,174 | INFO | office_ticket_backend.ocr | google_vision_request_success image=orient_correct_pdf_ticket_p6_Im6.jpg avg_conf=0.93 ticket_id=00534 date=2026-06-26 sold_to=RD plate= trucker=
2026-07-24 17:47:02,174 | INFO | office_ticket_backend.ocr | ocr_extract_provider_selected image=scratch\orient_correct_pdf_ticket_p6_Im6.jpg provider=google_vision confidence=0.93
2026-07-24 17:47:02,635 | INFO | office_ticket_backend.ocr | ocr_extract_start image=scratch\orient_correct_pdf_ticket_p7_Im7.jpg provider_env=google_vision
2026-07-24 17:47:02,635 | INFO | office_ticket_backend.ocr | google_vision_request_start image=scratch\orient_correct_pdf_ticket_p7_Im7.jpg
2026-07-24 17:47:04,245 | INFO | office_ticket_backend.ocr | google_vision_raw_text image=orient_correct_pdf_ticket_p7_Im7.jpg chars=293 first_800=DATE | NOVA CONSTRUCTION COMPANY LT | P.O. Box 1328 | Antigonish, NS | B2G 2L7 | Phone: 902-245-6386 Fax: 902-245-5132 | • | JOB NO. | LICENSE PLATE | LONG POINT QUARRY | TRUCKER | SOLD TO/ | CHARGED TO | DELIVER TO | MATERIAL | GROSS | 15 | TARE | NET | 06738 | RECEIVED BY | WHITE CUSTOMER COPY | CANARY TRUCKER'S COPY | PINK-OFFICE COPY
2026-07-24 17:47:04,250 | INFO | office_ticket_backend.ocr | google_vision_request_success image=orient_correct_pdf_ticket_p7_Im7.jpg avg_conf=0.96 ticket_id=06738 date= sold_to= plate= trucker=
2026-07-24 17:47:04,252 | INFO | office_ticket_backend.ocr | ocr_extract_provider_selected image=scratch\orient_correct_pdf_ticket_p7_Im7.jpg provider=google_vision confidence=0.96
2026-07-24 17:48:40,064 | INFO | office_ticket_backend.ocr | ocr_extract_start image=docs\client_research\Info provided\Images\pdf_ticket_p1_Im1.jpg provider_env=google_vision
2026-07-24 17:48:40,583 | INFO | office_ticket_backend.ocr | google_vision_request_start image=docs\client_research\Info provided\Images\pdf_ticket_p1_Im1.jpg
2026-07-24 17:48:42,438 | INFO | office_ticket_backend.ocr | auto_orient_applied image=pdf_ticket_p1_Im1.jpg angle=90
2026-07-24 17:48:42,891 | INFO | office_ticket_backend.ocr | google_vision_raw_text image=pdf_ticket_p1_Im1.jpg chars=326 first_800=NOVA CONSTRUCTION COMPANY LTD | DATE | Y | P.O. Box 1328 | Antigonish, NS | B2G 2L7 | Phone: 902-245-6386 Fax: 902-245-5132 5088 | JOB NO. | SEABROOK QUARRY | LICENSE PLATE | TRUCKER | D | SOLD TO/ | CHARGED TO | DELIVER TO | MATERIAL | C | GROSS | TARE | C | C | ENTERED MAY 3 2025 | NET | 1310 | 26671 | RECEIVED BY | WHITE CUSTOMER COPY | CANARY TRUCKER'S COPY | PINK OFFICE COPY
2026-07-24 17:48:42,901 | INFO | office_ticket_backend.ocr | google_vision_request_success image=pdf_ticket_p1_Im1.jpg avg_conf=0.95 ticket_id=26671 date=2025-05-03 sold_to= plate= trucker=
2026-07-24 17:48:42,904 | INFO | office_ticket_backend.ocr | ocr_extract_provider_selected image=docs\client_research\Info provided\Images\pdf_ticket_p1_Im1.jpg provider=google_vision confidence=0.95
2026-07-24 17:48:42,905 | INFO | office_ticket_backend.ocr | ocr_extract_start image=docs\client_research\Info provided\Images\pdf_ticket_p2_Im2.jpg provider_env=google_vision
2026-07-24 17:48:42,905 | INFO | office_ticket_backend.ocr | google_vision_request_start image=docs\client_research\Info provided\Images\pdf_ticket_p2_Im2.jpg
2026-07-24 17:48:44,544 | INFO | office_ticket_backend.ocr | auto_orient_applied image=pdf_ticket_p2_Im2.jpg angle=90
2026-07-24 17:48:44,983 | INFO | office_ticket_backend.ocr | google_vision_raw_text image=pdf_ticket_p2_Im2.jpg chars=384 first_800=DATE | NOVA CONSTRUCTION COMPANY LTD | P.O. Box 1328 | Antigonish, NS | B2G 2L7 | Phone: 902-245-6386 Fax: 902-245-5132 | Apri/16/261 JOB NO. 2412602 | LICENSE PLATE | TRUCKER | SOLD TO/ | DESMOND QUARRY | 58505 | Seremy Wood Blain. | CHARGED TO Municipal Windemitt | DELIVER TO | MATERIAL | Weavers Mat | GROSS 34900 | TARE | 20610 | NET | 0561 | 14290 | RECEIVED BY | - | WHITE CUSTOMER COPY | - | CANARY TRUCKER'S COPY | PINK-OFFICE COPY
2026-07-24 17:48:44,992 | INFO | office_ticket_backend.ocr | google_vision_request_success image=pdf_ticket_p2_Im2.jpg avg_conf=0.91 ticket_id=241260 date=2016-04-01 sold_to=Wood Blain plate= trucker=Seremy Wood Blain
2026-07-24 17:48:44,996 | INFO | office_ticket_backend.ocr | ocr_extract_provider_selected image=docs\client_research\Info provided\Images\pdf_ticket_p2_Im2.jpg provider=google_vision confidence=0.91
2026-07-24 17:48:44,997 | INFO | office_ticket_backend.ocr | ocr_extract_start image=docs\client_research\Info provided\Images\pdf_ticket_p3_Im3.jpg provider_env=google_vision
2026-07-24 17:48:44,997 | INFO | office_ticket_backend.ocr | google_vision_request_start image=docs\client_research\Info provided\Images\pdf_ticket_p3_Im3.jpg
2026-07-24 17:48:46,729 | INFO | office_ticket_backend.ocr | auto_orient_applied image=pdf_ticket_p3_Im3.jpg angle=90
2026-07-24 17:48:47,132 | INFO | office_ticket_backend.ocr | google_vision_raw_text image=pdf_ticket_p3_Im3.jpg chars=378 first_800=DATE | NOVA CONSTRUCTION COMPANY LTD | P.O. Box 1328 | Antigonish, NS | B2G 2L7 | Phone: 902-245-6386 Fax: 902-245-5132 | 19/26 | O | JOB NO. | LONG POINT QUARRY | LICENSE PLATE | TRUCKER | SOLD TO/ | CHARGED TO | DELIVER TO | MATERIAL | GROSS | TARE | NET | Dohert | herty Lime | Dotorty Lime | Dotorty | Type 1 | 25.350 | 10900 | 14.450 | 07235 | RECEIVED BY | spe | Lime spe | - | WHITE CUSTOMER COPY | CANARY TRUCKER'S COPY | PINK-OFFICE COPY
2026-07-24 17:48:47,140 | INFO | office_ticket_backend.ocr | google_vision_request_success image=pdf_ticket_p3_Im3.jpg avg_conf=0.93 ticket_id=07235 date= sold_to=spe plate= trucker=Dohert
2026-07-24 17:48:47,144 | INFO | office_ticket_backend.ocr | ocr_extract_provider_selected image=docs\client_research\Info provided\Images\pdf_ticket_p3_Im3.jpg provider=google_vision confidence=0.93
2026-07-24 17:48:47,146 | INFO | office_ticket_backend.ocr | ocr_extract_start image=docs\client_research\Info provided\Images\pdf_ticket_p4_Im4.jpg provider_env=google_vision
2026-07-24 17:48:47,146 | INFO | office_ticket_backend.ocr | google_vision_request_start image=docs\client_research\Info provided\Images\pdf_ticket_p4_Im4.jpg
2026-07-24 17:48:48,781 | INFO | office_ticket_backend.ocr | auto_orient_applied image=pdf_ticket_p4_Im4.jpg angle=90
2026-07-24 17:48:49,228 | INFO | office_ticket_backend.ocr | google_vision_raw_text image=pdf_ticket_p4_Im4.jpg chars=340 first_800=DATE | NOVA CONSTRUCTION COMPANY LTD | P.O. Box 1328 | Antigonish, NS | B2G 2L7 | Phone: 902-245-6386 Fax: 902-245-5132 | E May 8 2026 | LICENSE PLATE | JOB NO. | LONG POINT QUARRY | TRUCKER | SOLD TO/ | CHARGED TO | DELIVER TO | MATERIAL | GROSS | Chipman | Trucking | TARE | 14 | NET | Tonne | •Mott Lloyd | CANARY TRUCKER'S COPY | 07131 | RECEIVED BY | WHITE CUSTOMER COPY | PINK-OFFICE COPY
2026-07-24 17:48:49,234 | INFO | office_ticket_backend.ocr | google_vision_request_success image=pdf_ticket_p4_Im4.jpg avg_conf=0.92 ticket_id=07131 date=2026-05-08 sold_to=Chipman Trucking plate= trucker=
2026-07-24 17:48:49,238 | INFO | office_ticket_backend.ocr | ocr_extract_provider_selected image=docs\client_research\Info provided\Images\pdf_ticket_p4_Im4.jpg provider=google_vision confidence=0.92
2026-07-24 17:48:49,239 | INFO | office_ticket_backend.ocr | ocr_extract_start image=docs\client_research\Info provided\Images\pdf_ticket_p5_Im5.jpg provider_env=google_vision
2026-07-24 17:48:49,239 | INFO | office_ticket_backend.ocr | google_vision_request_start image=docs\client_research\Info provided\Images\pdf_ticket_p5_Im5.jpg
2026-07-24 17:48:50,866 | INFO | office_ticket_backend.ocr | auto_orient_applied image=pdf_ticket_p5_Im5.jpg angle=90
2026-07-24 17:48:51,270 | INFO | office_ticket_backend.ocr | google_vision_raw_text image=pdf_ticket_p5_Im5.jpg chars=340 first_800=NOVA CONSTRUCTION COMPANY LTD | P.O. Box 1328 | Antigonish, NS | B2G 2L7 | Phone: 902-245-6386 Fax: 902-245-5132 | DATE May 11/26 | LICENSE PLATE | JOB NO. | LONG POINT QUARRY | TRUCKER | SOLD TO/ | CHARGED TO Potterty Lime HD | DELIVER TO | MATERIAL Serge | GROSS 26000 | TARE 1680 | NET 4320 | 07162 | WHITE CUSTOMER COPY | RECEIVED BY | - | CANARY TRUCKER'S COPY | PINK-OFFICE COPY
2026-07-24 17:48:51,278 | INFO | office_ticket_backend.ocr | google_vision_request_success image=pdf_ticket_p5_Im5.jpg avg_conf=0.93 ticket_id=07162 date=2026-05-11 sold_to=Potterty Lime HD plate= trucker=
2026-07-24 17:48:51,281 | INFO | office_ticket_backend.ocr | ocr_extract_provider_selected image=docs\client_research\Info provided\Images\pdf_ticket_p5_Im5.jpg provider=google_vision confidence=0.93
2026-07-24 17:48:51,282 | INFO | office_ticket_backend.ocr | ocr_extract_start image=docs\client_research\Info provided\Images\pdf_ticket_p6_Im6.jpg provider_env=google_vision
2026-07-24 17:48:51,282 | INFO | office_ticket_backend.ocr | google_vision_request_start image=docs\client_research\Info provided\Images\pdf_ticket_p6_Im6.jpg
2026-07-24 17:48:52,868 | INFO | office_ticket_backend.ocr | auto_orient_applied image=pdf_ticket_p6_Im6.jpg angle=90
2026-07-24 17:48:53,332 | INFO | office_ticket_backend.ocr | google_vision_raw_text image=pdf_ticket_p6_Im6.jpg chars=319 first_800=NOVA CONSTRUCTION COMPANY LTD | P.O. Box 1328 | Antigonish, NS | B2G 2L7 | Phone: 902-245-6386 Fax: 902-245-5132 | DATE TI | June | 26 | JOB NO. | LICENSE PLATE | LONG POINT QUARRY | TRUCKER | SOLD TO/ | CHARGED TO RD | DELIVER TO | MATERIAL | GROSS | TARE | NET | Back shock | 15 T | 00534 | WHITE CUSTOMER COPY | RECEIVED BY | CANARY TRUCKER'S COPY | PINK-OFFICE COPY
2026-07-24 17:48:53,339 | INFO | office_ticket_backend.ocr | google_vision_request_success image=pdf_ticket_p6_Im6.jpg avg_conf=0.94 ticket_id=00534 date=2026-06-26 sold_to=RD plate= trucker=
2026-07-24 17:48:53,342 | INFO | office_ticket_backend.ocr | ocr_extract_provider_selected image=docs\client_research\Info provided\Images\pdf_ticket_p6_Im6.jpg provider=google_vision confidence=0.94
2026-07-24 17:48:53,344 | INFO | office_ticket_backend.ocr | ocr_extract_start image=docs\client_research\Info provided\Images\pdf_ticket_p7_Im7.jpg provider_env=google_vision
2026-07-24 17:48:53,344 | INFO | office_ticket_backend.ocr | google_vision_request_start image=docs\client_research\Info provided\Images\pdf_ticket_p7_Im7.jpg
2026-07-24 17:48:55,080 | INFO | office_ticket_backend.ocr | auto_orient_applied image=pdf_ticket_p7_Im7.jpg angle=90
2026-07-24 17:48:55,477 | INFO | office_ticket_backend.ocr | google_vision_raw_text image=pdf_ticket_p7_Im7.jpg chars=293 first_800=DATE | NOVA CONSTRUCTION COMPANY LT | P.O. Box 1328 | Antigonish, NS | B2G 2L7 | Phone: 902-245-6386 Fax: 902-245-5132 | • | JOB NO. | LICENSE PLATE | LONG POINT QUARRY | TRUCKER | SOLD TO/ | CHARGED TO | DELIVER TO | MATERIAL | GROSS | 15 | TARE | NET | 06738 | RECEIVED BY | WHITE CUSTOMER COPY | CANARY TRUCKER'S COPY | PINK-OFFICE COPY
2026-07-24 17:48:55,484 | INFO | office_ticket_backend.ocr | google_vision_request_success image=pdf_ticket_p7_Im7.jpg avg_conf=0.96 ticket_id=06738 date= sold_to= plate= trucker=
2026-07-24 17:48:55,487 | INFO | office_ticket_backend.ocr | ocr_extract_provider_selected image=docs\client_research\Info provided\Images\pdf_ticket_p7_Im7.jpg provider=google_vision confidence=0.96
2026-07-24 17:49:06,608 | INFO | office_ticket_backend.ocr | ocr_extract_start image=docs\client_research\Info provided\Images\pdf_ticket_p1_Im1.jpg provider_env=google_vision
2026-07-24 17:49:07,087 | INFO | office_ticket_backend.ocr | google_vision_request_start image=docs\client_research\Info provided\Images\pdf_ticket_p1_Im1.jpg
2026-07-24 17:49:08,881 | INFO | office_ticket_backend.ocr | google_vision_raw_text image=pdf_ticket_p1_Im1.jpg chars=326 first_800=NOVA CONSTRUCTION COMPANY LTD | DATE | Y | P.O. Box 1328 | Antigonish, NS | B2G 2L7 | Phone: 902-245-6386 Fax: 902-245-5132 5088 | JOB NO. | SEABROOK QUARRY | LICENSE PLATE | TRUCKER | D | SOLD TO/ | CHARGED TO | DELIVER TO | MATERIAL | C | GROSS | TARE | C | C | ENTERED MAY 3 2025 | NET | 1310 | 26671 | RECEIVED BY | WHITE CUSTOMER COPY | CANARY TRUCKER'S COPY | PINK OFFICE COPY
2026-07-24 17:49:08,890 | INFO | office_ticket_backend.ocr | google_vision_request_success image=pdf_ticket_p1_Im1.jpg avg_conf=0.95 ticket_id=26671 date=2025-05-03 sold_to= plate= trucker=
2026-07-24 17:49:08,891 | INFO | office_ticket_backend.ocr | ocr_extract_provider_selected image=docs\client_research\Info provided\Images\pdf_ticket_p1_Im1.jpg provider=google_vision confidence=0.95
2026-07-24 17:49:08,892 | INFO | office_ticket_backend.ocr | ocr_extract_start image=docs\client_research\Info provided\Images\pdf_ticket_p2_Im2.jpg provider_env=google_vision
2026-07-24 17:49:08,893 | INFO | office_ticket_backend.ocr | google_vision_request_start image=docs\client_research\Info provided\Images\pdf_ticket_p2_Im2.jpg
2026-07-24 17:49:10,541 | INFO | office_ticket_backend.ocr | google_vision_raw_text image=pdf_ticket_p2_Im2.jpg chars=384 first_800=DATE | NOVA CONSTRUCTION COMPANY LTD | P.O. Box 1328 | Antigonish, NS | B2G 2L7 | Phone: 902-245-6386 Fax: 902-245-5132 | Apri/16/261 JOB NO. 2412602 | LICENSE PLATE | TRUCKER | SOLD TO/ | DESMOND QUARRY | 58505 | Seremy Wood Blain. | CHARGED TO Municipal Windemitt | DELIVER TO | MATERIAL | Weavers Mat | GROSS 34900 | TARE | 20610 | NET | 0561 | 14290 | RECEIVED BY | - | WHITE CUSTOMER COPY | - | CANARY TRUCKER'S COPY | PINK-OFFICE COPY
2026-07-24 17:49:10,550 | INFO | office_ticket_backend.ocr | google_vision_request_success image=pdf_ticket_p2_Im2.jpg avg_conf=0.91 ticket_id=241260 date=2016-04-01 sold_to=Wood Blain plate= trucker=Seremy Wood Blain
2026-07-24 17:49:10,551 | INFO | office_ticket_backend.ocr | ocr_extract_provider_selected image=docs\client_research\Info provided\Images\pdf_ticket_p2_Im2.jpg provider=google_vision confidence=0.91
2026-07-24 17:49:10,552 | INFO | office_ticket_backend.ocr | ocr_extract_start image=docs\client_research\Info provided\Images\pdf_ticket_p3_Im3.jpg provider_env=google_vision
2026-07-24 17:49:10,552 | INFO | office_ticket_backend.ocr | google_vision_request_start image=docs\client_research\Info provided\Images\pdf_ticket_p3_Im3.jpg
2026-07-24 17:49:12,170 | INFO | office_ticket_backend.ocr | google_vision_raw_text image=pdf_ticket_p3_Im3.jpg chars=378 first_800=DATE | NOVA CONSTRUCTION COMPANY LTD | P.O. Box 1328 | Antigonish, NS | B2G 2L7 | Phone: 902-245-6386 Fax: 902-245-5132 | 19/26 | O | JOB NO. | LONG POINT QUARRY | LICENSE PLATE | TRUCKER | SOLD TO/ | CHARGED TO | DELIVER TO | MATERIAL | GROSS | TARE | NET | Dohert | herty Lime | Dotorty Lime | Dotorty | Type 1 | 25.350 | 10900 | 14.450 | 07235 | RECEIVED BY | spe | Lime spo | - | WHITE CUSTOMER COPY | CANARY TRUCKER'S COPY | PINK-OFFICE COPY
2026-07-24 17:49:12,178 | INFO | office_ticket_backend.ocr | google_vision_request_success image=pdf_ticket_p3_Im3.jpg avg_conf=0.93 ticket_id=07235 date= sold_to=spe plate= trucker=Dohert
2026-07-24 17:49:12,178 | INFO | office_ticket_backend.ocr | ocr_extract_provider_selected image=docs\client_research\Info provided\Images\pdf_ticket_p3_Im3.jpg provider=google_vision confidence=0.93
2026-07-24 17:49:12,181 | INFO | office_ticket_backend.ocr | ocr_extract_start image=docs\client_research\Info provided\Images\pdf_ticket_p4_Im4.jpg provider_env=google_vision
2026-07-24 17:49:12,181 | INFO | office_ticket_backend.ocr | google_vision_request_start image=docs\client_research\Info provided\Images\pdf_ticket_p4_Im4.jpg
2026-07-24 17:49:13,800 | INFO | office_ticket_backend.ocr | google_vision_raw_text image=pdf_ticket_p4_Im4.jpg chars=340 first_800=DATE | NOVA CONSTRUCTION COMPANY LTD | P.O. Box 1328 | Antigonish, NS | B2G 2L7 | Phone: 902-245-6386 Fax: 902-245-5132 | E May 8 2026 | LICENSE PLATE | JOB NO. | LONG POINT QUARRY | TRUCKER | SOLD TO/ | CHARGED TO | DELIVER TO | MATERIAL | GROSS | Chipman | Trucking | TARE | 14 | NET | Tonne | •Mott Lloyd | CANARY TRUCKER'S COPY | 07131 | RECEIVED BY | WHITE CUSTOMER COPY | PINK-OFFICE COPY
2026-07-24 17:49:13,807 | INFO | office_ticket_backend.ocr | google_vision_request_success image=pdf_ticket_p4_Im4.jpg avg_conf=0.92 ticket_id=07131 date=2026-05-08 sold_to=Chipman Trucking plate= trucker=
2026-07-24 17:49:13,807 | INFO | office_ticket_backend.ocr | ocr_extract_provider_selected image=docs\client_research\Info provided\Images\pdf_ticket_p4_Im4.jpg provider=google_vision confidence=0.92
2026-07-24 17:49:13,808 | INFO | office_ticket_backend.ocr | ocr_extract_start image=docs\client_research\Info provided\Images\pdf_ticket_p5_Im5.jpg provider_env=google_vision
2026-07-24 17:49:13,808 | INFO | office_ticket_backend.ocr | google_vision_request_start image=docs\client_research\Info provided\Images\pdf_ticket_p5_Im5.jpg
2026-07-24 17:49:15,440 | INFO | office_ticket_backend.ocr | google_vision_raw_text image=pdf_ticket_p5_Im5.jpg chars=340 first_800=NOVA CONSTRUCTION COMPANY LTD | P.O. Box 1328 | Antigonish, NS | B2G 2L7 | Phone: 902-245-6386 Fax: 902-245-5132 | DATE May 11/26 | LICENSE PLATE | JOB NO. | LONG POINT QUARRY | TRUCKER | SOLD TO/ | CHARGED TO Potterty Lime HD | DELIVER TO | MATERIAL Serge | GROSS 26000 | TARE 1680 | NET 4320 | 07162 | WHITE CUSTOMER COPY | RECEIVED BY | - | CANARY TRUCKER'S COPY | PINK-OFFICE COPY
2026-07-24 17:49:15,447 | INFO | office_ticket_backend.ocr | google_vision_request_success image=pdf_ticket_p5_Im5.jpg avg_conf=0.93 ticket_id=07162 date=2026-05-11 sold_to=Potterty Lime HD plate= trucker=
2026-07-24 17:49:15,448 | INFO | office_ticket_backend.ocr | ocr_extract_provider_selected image=docs\client_research\Info provided\Images\pdf_ticket_p5_Im5.jpg provider=google_vision confidence=0.93
2026-07-24 17:49:15,450 | INFO | office_ticket_backend.ocr | ocr_extract_start image=docs\client_research\Info provided\Images\pdf_ticket_p6_Im6.jpg provider_env=google_vision
2026-07-24 17:49:15,450 | INFO | office_ticket_backend.ocr | google_vision_request_start image=docs\client_research\Info provided\Images\pdf_ticket_p6_Im6.jpg
2026-07-24 17:49:17,120 | INFO | office_ticket_backend.ocr | google_vision_raw_text image=pdf_ticket_p6_Im6.jpg chars=319 first_800=NOVA CONSTRUCTION COMPANY LTD | P.O. Box 1328 | Antigonish, NS | B2G 2L7 | Phone: 902-245-6386 Fax: 902-245-5132 | DATE TI | June | 26 | JOB NO. | LICENSE PLATE | LONG POINT QUARRY | TRUCKER | SOLD TO/ | CHARGED TO RD | DELIVER TO | MATERIAL | GROSS | TARE | NET | Back shock | 15 T | 00534 | WHITE CUSTOMER COPY | RECEIVED BY | CANARY TRUCKER'S COPY | PINK-OFFICE COPY
2026-07-24 17:49:17,127 | INFO | office_ticket_backend.ocr | google_vision_request_success image=pdf_ticket_p6_Im6.jpg avg_conf=0.94 ticket_id=00534 date=2026-06-26 sold_to=RD plate= trucker=
2026-07-24 17:49:17,127 | INFO | office_ticket_backend.ocr | ocr_extract_provider_selected image=docs\client_research\Info provided\Images\pdf_ticket_p6_Im6.jpg provider=google_vision confidence=0.94
2026-07-24 17:49:17,129 | INFO | office_ticket_backend.ocr | ocr_extract_start image=docs\client_research\Info provided\Images\pdf_ticket_p7_Im7.jpg provider_env=google_vision
2026-07-24 17:49:17,129 | INFO | office_ticket_backend.ocr | google_vision_request_start image=docs\client_research\Info provided\Images\pdf_ticket_p7_Im7.jpg
2026-07-24 17:49:18,695 | INFO | office_ticket_backend.ocr | google_vision_raw_text image=pdf_ticket_p7_Im7.jpg chars=293 first_800=DATE | NOVA CONSTRUCTION COMPANY LT | P.O. Box 1328 | Antigonish, NS | B2G 2L7 | Phone: 902-245-6386 Fax: 902-245-5132 | • | JOB NO. | LICENSE PLATE | LONG POINT QUARRY | TRUCKER | SOLD TO/ | CHARGED TO | DELIVER TO | MATERIAL | GROSS | 15 | TARE | NET | 06738 | RECEIVED BY | WHITE CUSTOMER COPY | CANARY TRUCKER'S COPY | PINK-OFFICE COPY
2026-07-24 17:49:18,702 | INFO | office_ticket_backend.ocr | google_vision_request_success image=pdf_ticket_p7_Im7.jpg avg_conf=0.96 ticket_id=06738 date= sold_to= plate= trucker=
2026-07-24 17:49:18,703 | INFO | office_ticket_backend.ocr | ocr_extract_provider_selected image=docs\client_research\Info provided\Images\pdf_ticket_p7_Im7.jpg provider=google_vision confidence=0.96
2026-07-24 17:49:42,830 | INFO | office_ticket_backend.app | app_start provider_env=<empty> duplicate_check_enabled=True
2026-07-24 17:49:45,486 | INFO | office_ticket_backend.app | app_start provider_env=<empty> duplicate_check_enabled=True
2026-07-24 17:49:53,588 | INFO | office_ticket_backend.app | app_start provider_env=<empty> duplicate_check_enabled=True
2026-07-24 17:49:54,490 | INFO | office_ticket_backend.app | app_start provider_env=<empty> duplicate_check_enabled=True
2026-07-24 17:49:54,496 | INFO | office_ticket_backend.app | upload_saved file=20260724_203844_987876_20260717102354642.pdf size_bytes=1917952 path=E:\Projects\Nova Construction Ticket App\data\uploads\20260724_204954_494242_20260724_203844_987876_20260717102354642.pdf
2026-07-24 17:49:54,538 | INFO | office_ticket_backend.ocr | ocr_extract_start image=E:\Projects\Nova Construction Ticket App\data\uploads\20260724_204954_494242_p1_1_20260724_203844_987876_20260717102354642.jpg provider_env=google_vision
2026-07-24 17:49:54,538 | INFO | office_ticket_backend.ocr | google_vision_request_start image=E:\Projects\Nova Construction Ticket App\data\uploads\20260724_204954_494242_p1_1_20260724_203844_987876_20260717102354642.jpg
2026-07-24 17:49:56,267 | INFO | office_ticket_backend.ocr | auto_orient_applied image=20260724_204954_494242_p1_1_20260724_203844_987876_20260717102354642.jpg angle=270
2026-07-24 17:49:56,720 | INFO | office_ticket_backend.ocr | google_vision_raw_text image=20260724_204954_494242_p1_1_20260724_203844_987876_20260717102354642.jpg chars=317 first_800=DATE | NOVA CONSTRUCTION COMPANY LTD | LICENSE PLATE | P.O. Box 1328 | Antigonish, NS | B2G 2L7 | Phone: 902-245-6386 • Fax: 902-245-5132 5088 | JOB NO. | SEABROOK QUARRY | TRUCKER | SOLD TO/ | CHARGED TO | DELIVER TO | MATERIAL | GROSS | TARE | NET | 310 | 26671 | ENTERED MAY 3 2075 | RECEIVED BY | WHITE CUSTOMER COPY | CANARY TRUCKER'S COPY | PINK-OFFICE COPY
2026-07-24 17:49:56,728 | INFO | office_ticket_backend.ocr | google_vision_request_success image=20260724_204954_494242_p1_1_20260724_203844_987876_20260717102354642.jpg avg_conf=0.95 ticket_id=2075 date=2075-05-03 sold_to= plate= trucker=
2026-07-24 17:49:56,731 | INFO | office_ticket_backend.ocr | ocr_extract_provider_selected image=E:\Projects\Nova Construction Ticket App\data\uploads\20260724_204954_494242_p1_1_20260724_203844_987876_20260717102354642.jpg provider=google_vision confidence=0.95
2026-07-24 17:49:56,738 | INFO | office_ticket_backend.app | ticket_inserted ticket_id=2075 provider=google_vision confidence=0.95 image=E:\Projects\Nova Construction Ticket App\data\uploads\20260724_204954_494242_p1_1_20260724_203844_987876_20260717102354642.jpg
2026-07-24 17:49:56,765 | INFO | office_ticket_backend.ocr | ocr_extract_start image=E:\Projects\Nova Construction Ticket App\data\uploads\20260724_204954_494242_p2_1_20260724_203844_987876_20260717102354642.jpg provider_env=google_vision
2026-07-24 17:49:56,765 | INFO | office_ticket_backend.ocr | google_vision_request_start image=E:\Projects\Nova Construction Ticket App\data\uploads\20260724_204954_494242_p2_1_20260724_203844_987876_20260717102354642.jpg
2026-07-24 17:49:58,373 | INFO | office_ticket_backend.ocr | auto_orient_applied image=20260724_204954_494242_p2_1_20260724_203844_987876_20260717102354642.jpg angle=270
2026-07-24 17:49:58,786 | INFO | office_ticket_backend.ocr | google_vision_raw_text image=20260724_204954_494242_p2_1_20260724_203844_987876_20260717102354642.jpg chars=376 first_800=DATE | NOVA CONSTRUCTION COMPANY LTD | P.O. Box 1328 | Antigonish, NS | B2G 2L7 | Phone: 902-245-6386 Fax: 902-245-5132 | Apri/16/20 | JOB NO. | 241260 | DESMOND QUARRY | wood. Bla. % | LICENSE PLATE | 5850 | TRUCKER | SOLD TO/ | CHARGED TO M.. | Nicipa | DELIVER TO | Windwmilk | Weavers Mut | MATERIAL | GROSS | 34900 | TARE | 20610 | NET | 0561 | 14290 | RECEIVED BY | ✓ | - | WHITE CUSTOMER COPY | CANARY TRUCKER'S COPY | PINK-OFFICE COPY
2026-07-24 17:49:58,797 | INFO | office_ticket_backend.ocr | google_vision_request_success image=20260724_204954_494242_p2_1_20260724_203844_987876_20260717102354642.jpg avg_conf=0.90 ticket_id=241260 date=2016-04-01 sold_to=Bla . wood plate= trucker=5850
2026-07-24 17:49:58,801 | INFO | office_ticket_backend.ocr | ocr_extract_provider_selected image=E:\Projects\Nova Construction Ticket App\data\uploads\20260724_204954_494242_p2_1_20260724_203844_987876_20260717102354642.jpg provider=google_vision confidence=0.90
2026-07-24 17:49:58,809 | INFO | office_ticket_backend.app | ticket_inserted ticket_id=241260 provider=google_vision confidence=0.90 image=E:\Projects\Nova Construction Ticket App\data\uploads\20260724_204954_494242_p2_1_20260724_203844_987876_20260717102354642.jpg
2026-07-24 17:49:58,839 | INFO | office_ticket_backend.ocr | ocr_extract_start image=E:\Projects\Nova Construction Ticket App\data\uploads\20260724_204954_494242_p3_1_20260724_203844_987876_20260717102354642.jpg provider_env=google_vision
2026-07-24 17:49:58,840 | INFO | office_ticket_backend.ocr | google_vision_request_start image=E:\Projects\Nova Construction Ticket App\data\uploads\20260724_204954_494242_p3_1_20260724_203844_987876_20260717102354642.jpg
2026-07-24 17:50:00,548 | INFO | office_ticket_backend.ocr | auto_orient_applied image=20260724_204954_494242_p3_1_20260724_203844_987876_20260717102354642.jpg angle=270
2026-07-24 17:50:00,931 | INFO | office_ticket_backend.ocr | google_vision_raw_text image=20260724_204954_494242_p3_1_20260724_203844_987876_20260717102354642.jpg chars=358 first_800=DATE | NOVA CONSTRUCTION COMPANY LTD | LICENSE PLATE | TRUCKER | SOLD TO/ | CHARGED TO | DELIVER TO | MATERIAL | GROSS | TARE | NET | P.O. Box 1328 | Antigonish, NS | B2G 2L7 | Phone: 902-245-6386 Fax: 902-245-5132 | 19/26 | JOB NO. | LONG POINT QUARRY | Doherty Lime | Doherty | Type 1 | 25.350 | 10900 | 14.450 | 07235 | WHITE - CUSTOMER COPY | RECEIVED BY | spd | Lime spo | CANARY TRUCKER'S COPY | PINK-OFFICE COPY
2026-07-24 17:50:00,940 | INFO | office_ticket_backend.ocr | google_vision_request_success image=20260724_204954_494242_p3_1_20260724_203844_987876_20260717102354642.jpg avg_conf=0.94 ticket_id=07235 date= sold_to=spd plate= trucker=
2026-07-24 17:50:00,943 | INFO | office_ticket_backend.ocr | ocr_extract_provider_selected image=E:\Projects\Nova Construction Ticket App\data\uploads\20260724_204954_494242_p3_1_20260724_203844_987876_20260717102354642.jpg provider=google_vision confidence=0.94
2026-07-24 17:50:00,950 | INFO | office_ticket_backend.app | ticket_inserted ticket_id=07235 provider=google_vision confidence=0.94 image=E:\Projects\Nova Construction Ticket App\data\uploads\20260724_204954_494242_p3_1_20260724_203844_987876_20260717102354642.jpg
2026-07-24 17:50:00,978 | INFO | office_ticket_backend.ocr | ocr_extract_start image=E:\Projects\Nova Construction Ticket App\data\uploads\20260724_204954_494242_p4_1_20260724_203844_987876_20260717102354642.jpg provider_env=google_vision
2026-07-24 17:50:00,979 | INFO | office_ticket_backend.ocr | google_vision_request_start image=E:\Projects\Nova Construction Ticket App\data\uploads\20260724_204954_494242_p4_1_20260724_203844_987876_20260717102354642.jpg
2026-07-24 17:50:02,603 | INFO | office_ticket_backend.ocr | auto_orient_applied image=20260724_204954_494242_p4_1_20260724_203844_987876_20260717102354642.jpg angle=270
2026-07-24 17:50:02,981 | INFO | office_ticket_backend.ocr | google_vision_raw_text image=20260724_204954_494242_p4_1_20260724_203844_987876_20260717102354642.jpg chars=349 first_800=DATE | NOVA CONSTRUCTION COMPANY LTD | P.O. Box 1328 | Antigonish, NS | B2G 2L7 | Phone: 902-245-6386 Fax: 902-245-5132 | E May 8 2026 | LICENSE PLATE | JOB NO. | LONG POINT QUARRY | TRUCKER | SOLD TO/ | CHARGED TO | DELIVER TO | Chipman | Trucking | MATERIAL | GROSS | TARE leve 14, | NET | 07131 | WHITE CUSTOMER COPY | COO | lonne | RECEIVED BY | Matt Lloyd | CANARY TRUCKER'S COPY | PINK-OFFICE COPY
2026-07-24 17:50:02,990 | INFO | office_ticket_backend.ocr | google_vision_request_success image=20260724_204954_494242_p4_1_20260724_203844_987876_20260717102354642.jpg avg_conf=0.91 ticket_id=07131 date=2026-05-08 sold_to= plate= trucker=
2026-07-24 17:50:02,993 | INFO | office_ticket_backend.ocr | ocr_extract_provider_selected image=E:\Projects\Nova Construction Ticket App\data\uploads\20260724_204954_494242_p4_1_20260724_203844_987876_20260717102354642.jpg provider=google_vision confidence=0.91
2026-07-24 17:50:03,006 | INFO | office_ticket_backend.app | ticket_inserted ticket_id=07131 provider=google_vision confidence=0.91 image=E:\Projects\Nova Construction Ticket App\data\uploads\20260724_204954_494242_p4_1_20260724_203844_987876_20260717102354642.jpg
2026-07-24 17:50:03,033 | INFO | office_ticket_backend.ocr | ocr_extract_start image=E:\Projects\Nova Construction Ticket App\data\uploads\20260724_204954_494242_p5_1_20260724_203844_987876_20260717102354642.jpg provider_env=google_vision
2026-07-24 17:50:03,035 | INFO | office_ticket_backend.ocr | google_vision_request_start image=E:\Projects\Nova Construction Ticket App\data\uploads\20260724_204954_494242_p5_1_20260724_203844_987876_20260717102354642.jpg
2026-07-24 17:50:04,617 | INFO | office_ticket_backend.ocr | auto_orient_applied image=20260724_204954_494242_p5_1_20260724_203844_987876_20260717102354642.jpg angle=270
2026-07-24 17:50:05,026 | INFO | office_ticket_backend.ocr | google_vision_raw_text image=20260724_204954_494242_p5_1_20260724_203844_987876_20260717102354642.jpg chars=339 first_800=NOVA CONSTRUCTION COMPANY LTD | P.O. Box 1328 | Antigonish, NS | B2G 2L7 | Phone: 902-245-6386 Fax: 902-245-5132 | DATE May 11/26 | LICENSE PLATE | JOB NO. | LONG POINT QUARRY | TRUCKER | SOLD TO/ | CHARGED TO Potterty Lime HD | DELIVER TO | MATERIAL Serge | GROSS 26000 | TARE | 11680 | NET 4320 | 07162 | WHITE CUSTOMER COPY | RECEIVED BY | CANARY TRUCKER'S COPY | PINK-OFFICE COPY
2026-07-24 17:50:05,033 | INFO | office_ticket_backend.ocr | google_vision_request_success image=20260724_204954_494242_p5_1_20260724_203844_987876_20260717102354642.jpg avg_conf=0.93 ticket_id=07162 date=2026-05-11 sold_to= plate= trucker=
2026-07-24 17:50:05,038 | INFO | office_ticket_backend.ocr | ocr_extract_provider_selected image=E:\Projects\Nova Construction Ticket App\data\uploads\20260724_204954_494242_p5_1_20260724_203844_987876_20260717102354642.jpg provider=google_vision confidence=0.93
2026-07-24 17:50:05,045 | INFO | office_ticket_backend.app | ticket_inserted ticket_id=07162 provider=google_vision confidence=0.93 image=E:\Projects\Nova Construction Ticket App\data\uploads\20260724_204954_494242_p5_1_20260724_203844_987876_20260717102354642.jpg
2026-07-24 17:50:05,073 | INFO | office_ticket_backend.ocr | ocr_extract_start image=E:\Projects\Nova Construction Ticket App\data\uploads\20260724_204954_494242_p6_1_20260724_203844_987876_20260717102354642.jpg provider_env=google_vision
2026-07-24 17:50:05,073 | INFO | office_ticket_backend.ocr | google_vision_request_start image=E:\Projects\Nova Construction Ticket App\data\uploads\20260724_204954_494242_p6_1_20260724_203844_987876_20260717102354642.jpg
2026-07-24 17:50:06,697 | INFO | office_ticket_backend.ocr | auto_orient_applied image=20260724_204954_494242_p6_1_20260724_203844_987876_20260717102354642.jpg angle=270
2026-07-24 17:50:07,088 | INFO | office_ticket_backend.ocr | google_vision_raw_text image=20260724_204954_494242_p6_1_20260724_203844_987876_20260717102354642.jpg chars=316 first_800=NOVA CONSTRUCTION COMPANY LTD | P.O. Box 1328 | Antigonish, NS | B2G 2L7 | Phone: 902-245-6386 Fax: 902-245-5132 | DATE | June | 26 | JOB NO. | LICENSE PLATE | LONG POINT QUARRY | TRUCKER | SOLD TO/ | CHARGED TO CRD | DELIVER TO | MATERIAL | Bank Rock | GROSS | TARE | 15 T | NET | 00534 | RECEIVED BY | WHITE-CUSTOMER COPY | CANARY TRUCKER'S COPY | PINK-OFFICE COPY
2026-07-24 17:50:07,097 | INFO | office_ticket_backend.ocr | google_vision_request_success image=20260724_204954_494242_p6_1_20260724_203844_987876_20260717102354642.jpg avg_conf=0.94 ticket_id=00534 date=2026-06-26 sold_to= plate= trucker=
2026-07-24 17:50:07,100 | INFO | office_ticket_backend.ocr | ocr_extract_provider_selected image=E:\Projects\Nova Construction Ticket App\data\uploads\20260724_204954_494242_p6_1_20260724_203844_987876_20260717102354642.jpg provider=google_vision confidence=0.94
2026-07-24 17:50:07,108 | INFO | office_ticket_backend.app | ticket_inserted ticket_id=00534 provider=google_vision confidence=0.94 image=E:\Projects\Nova Construction Ticket App\data\uploads\20260724_204954_494242_p6_1_20260724_203844_987876_20260717102354642.jpg
2026-07-24 17:50:07,138 | INFO | office_ticket_backend.ocr | ocr_extract_start image=E:\Projects\Nova Construction Ticket App\data\uploads\20260724_204954_494242_p7_1_20260724_203844_987876_20260717102354642.jpg provider_env=google_vision
2026-07-24 17:50:07,139 | INFO | office_ticket_backend.ocr | google_vision_request_start image=E:\Projects\Nova Construction Ticket App\data\uploads\20260724_204954_494242_p7_1_20260724_203844_987876_20260717102354642.jpg
2026-07-24 17:50:08,758 | INFO | office_ticket_backend.ocr | auto_orient_applied image=20260724_204954_494242_p7_1_20260724_203844_987876_20260717102354642.jpg angle=270
2026-07-24 17:50:09,179 | INFO | office_ticket_backend.ocr | google_vision_raw_text image=20260724_204954_494242_p7_1_20260724_203844_987876_20260717102354642.jpg chars=293 first_800=DATE | NOVA CONSTRUCTION COMPANY LT | P.O. Box 1328 | Antigonish, NS | B2G 2L7 | Phone: 902-245-6386 Fax: 902-245-5132 | JOB NO. | LICENSE PLATE | LONG POINT QUARRY | TRUCKER | SOLD TO/ | CHARGED TO | DELIVER TO | MATERIAL | GROSS | 15 + | TARE | NET | 06738 | RECEIVED BY | WHITE CUSTOMER COPY | CANARY TRUCKER'S COPY | PINK-OFFICE COPY
2026-07-24 17:50:09,188 | INFO | office_ticket_backend.ocr | google_vision_request_success image=20260724_204954_494242_p7_1_20260724_203844_987876_20260717102354642.jpg avg_conf=0.96 ticket_id=06738 date= sold_to= plate= trucker=
2026-07-24 17:50:09,192 | INFO | office_ticket_backend.ocr | ocr_extract_provider_selected image=E:\Projects\Nova Construction Ticket App\data\uploads\20260724_204954_494242_p7_1_20260724_203844_987876_20260717102354642.jpg provider=google_vision confidence=0.96
2026-07-24 17:50:09,199 | INFO | office_ticket_backend.app | ticket_inserted ticket_id=06738 provider=google_vision confidence=0.96 image=E:\Projects\Nova Construction Ticket App\data\uploads\20260724_204954_494242_p7_1_20260724_203844_987876_20260717102354642.jpg
2026-07-24 17:50:14,652 | INFO | office_ticket_backend.app | app_start provider_env=<empty> duplicate_check_enabled=True
2026-07-24 17:50:16,329 | INFO | office_ticket_backend.app | app_start provider_env=<empty> duplicate_check_enabled=True
2026-07-24 17:50:17,899 | INFO | office_ticket_backend.app | app_start provider_env=<empty> duplicate_check_enabled=True
2026-07-24 17:50:18,941 | INFO | office_ticket_backend.app | app_start provider_env=<empty> duplicate_check_enabled=True
2026-07-24 17:50:20,647 | INFO | office_ticket_backend.app | app_start provider_env=<empty> duplicate_check_enabled=True
2026-07-24 17:52:54,923 | INFO | office_ticket_backend.ocr | ocr_extract_start image=scratch\fresh_pages\fresh_p1.jpg provider_env=google_vision
2026-07-24 17:52:54,923 | INFO | office_ticket_backend.ocr | google_vision_request_start image=scratch\fresh_pages\fresh_p1.jpg
2026-07-24 17:52:56,597 | INFO | office_ticket_backend.ocr | auto_orient_applied image=fresh_p1.jpg angle=270
2026-07-24 17:52:57,017 | INFO | office_ticket_backend.ocr | google_vision_raw_text image=fresh_p1.jpg chars=317 first_800=DATE | NOVA CONSTRUCTION COMPANY LTD | LICENSE PLATE | P.O. Box 1328 | Antigonish, NS | B2G 2L7 | Phone: 902-245-6386 • Fax: 902-245-5132 5088 | JOB NO. | SEABROOK QUARRY | TRUCKER | SOLD TO/ | CHARGED TO | DELIVER TO | MATERIAL | GROSS | TARE | NET | 310 | 26671 | ENTERED MAY 3 2075 | RECEIVED BY | WHITE CUSTOMER COPY | CANARY TRUCKER'S COPY | PINK-OFFICE COPY
2026-07-24 17:52:57,027 | INFO | office_ticket_backend.ocr | google_vision_request_success image=fresh_p1.jpg avg_conf=0.95 ticket_id=2075 date=2075-05-03 sold_to= plate= trucker=
2026-07-24 17:52:57,030 | INFO | office_ticket_backend.ocr | ocr_extract_provider_selected image=scratch\fresh_pages\fresh_p1.jpg provider=google_vision confidence=0.95
2026-07-24 17:52:57,482 | INFO | office_ticket_backend.ocr | ocr_extract_start image=scratch\fresh_pages\fresh_p2.jpg provider_env=google_vision
2026-07-24 17:52:57,483 | INFO | office_ticket_backend.ocr | google_vision_request_start image=scratch\fresh_pages\fresh_p2.jpg
2026-07-24 17:52:59,220 | INFO | office_ticket_backend.ocr | auto_orient_applied image=fresh_p2.jpg angle=270
2026-07-24 17:52:59,663 | INFO | office_ticket_backend.ocr | google_vision_raw_text image=fresh_p2.jpg chars=376 first_800=DATE | NOVA CONSTRUCTION COMPANY LTD | P.O. Box 1328 | Antigonish, NS | B2G 2L7 | Phone: 902-245-6386 Fax: 902-245-5132 | Apri/16/20 | JOB NO. | 241260 | DESMOND QUARRY | wood. Bla. % | LICENSE PLATE | 5850 | TRUCKER | SOLD TO/ | CHARGED TO M.. | Nicipa | DELIVER TO | Windwmilk | Weavers Mut | MATERIAL | GROSS | 34900 | TARE | 20610 | NET | 0561 | 14290 | RECEIVED BY | ✓ | - | WHITE CUSTOMER COPY | CANARY TRUCKER'S COPY | PINK-OFFICE COPY
2026-07-24 17:52:59,672 | INFO | office_ticket_backend.ocr | google_vision_request_success image=fresh_p2.jpg avg_conf=0.90 ticket_id=241260 date=2016-04-01 sold_to=Bla . wood plate= trucker=5850
2026-07-24 17:52:59,675 | INFO | office_ticket_backend.ocr | ocr_extract_provider_selected image=scratch\fresh_pages\fresh_p2.jpg provider=google_vision confidence=0.90
2026-07-24 17:53:00,102 | INFO | office_ticket_backend.ocr | ocr_extract_start image=scratch\fresh_pages\fresh_p3.jpg provider_env=google_vision
2026-07-24 17:53:00,103 | INFO | office_ticket_backend.ocr | google_vision_request_start image=scratch\fresh_pages\fresh_p3.jpg
2026-07-24 17:53:01,756 | INFO | office_ticket_backend.ocr | auto_orient_applied image=fresh_p3.jpg angle=270
2026-07-24 17:53:02,186 | INFO | office_ticket_backend.ocr | google_vision_raw_text image=fresh_p3.jpg chars=358 first_800=DATE | NOVA CONSTRUCTION COMPANY LTD | LICENSE PLATE | TRUCKER | SOLD TO/ | CHARGED TO | DELIVER TO | MATERIAL | GROSS | TARE | NET | P.O. Box 1328 | Antigonish, NS | B2G 2L7 | Phone: 902-245-6386 Fax: 902-245-5132 | 19/26 | JOB NO. | LONG POINT QUARRY | Doherty Lime | Doherty | Type 1 | 25.350 | 10900 | 14.450 | 07235 | WHITE - CUSTOMER COPY | RECEIVED BY | spd | Lime spo | CANARY TRUCKER'S COPY | PINK-OFFICE COPY
2026-07-24 17:53:02,194 | INFO | office_ticket_backend.ocr | google_vision_request_success image=fresh_p3.jpg avg_conf=0.94 ticket_id=07235 date= sold_to=spd plate= trucker=
2026-07-24 17:53:02,198 | INFO | office_ticket_backend.ocr | ocr_extract_provider_selected image=scratch\fresh_pages\fresh_p3.jpg provider=google_vision confidence=0.94
2026-07-24 17:53:02,641 | INFO | office_ticket_backend.ocr | ocr_extract_start image=scratch\fresh_pages\fresh_p4.jpg provider_env=google_vision
2026-07-24 17:53:02,642 | INFO | office_ticket_backend.ocr | google_vision_request_start image=scratch\fresh_pages\fresh_p4.jpg
2026-07-24 17:53:04,225 | INFO | office_ticket_backend.ocr | auto_orient_applied image=fresh_p4.jpg angle=270
2026-07-24 17:53:04,660 | INFO | office_ticket_backend.ocr | google_vision_raw_text image=fresh_p4.jpg chars=349 first_800=DATE | NOVA CONSTRUCTION COMPANY LTD | P.O. Box 1328 | Antigonish, NS | B2G 2L7 | Phone: 902-245-6386 Fax: 902-245-5132 | E May 8 2026 | LICENSE PLATE | JOB NO. | LONG POINT QUARRY | TRUCKER | SOLD TO/ | CHARGED TO | DELIVER TO | Chipman | Trucking | MATERIAL | GROSS | TARE leve 14, | NET | 07131 | WHITE CUSTOMER COPY | COO | lonne | RECEIVED BY | Matt Lloyd | CANARY TRUCKER'S COPY | PINK-OFFICE COPY
2026-07-24 17:53:04,667 | INFO | office_ticket_backend.ocr | google_vision_request_success image=fresh_p4.jpg avg_conf=0.91 ticket_id=07131 date=2026-05-08 sold_to= plate= trucker=
2026-07-24 17:53:04,670 | INFO | office_ticket_backend.ocr | ocr_extract_provider_selected image=scratch\fresh_pages\fresh_p4.jpg provider=google_vision confidence=0.91
2026-07-24 17:53:05,002 | INFO | office_ticket_backend.ocr | ocr_extract_start image=scratch\fresh_pages\fresh_p5.jpg provider_env=google_vision
2026-07-24 17:53:05,002 | INFO | office_ticket_backend.ocr | google_vision_request_start image=scratch\fresh_pages\fresh_p5.jpg
2026-07-24 17:53:06,613 | INFO | office_ticket_backend.ocr | auto_orient_applied image=fresh_p5.jpg angle=270
2026-07-24 17:53:06,968 | INFO | office_ticket_backend.ocr | google_vision_raw_text image=fresh_p5.jpg chars=339 first_800=NOVA CONSTRUCTION COMPANY LTD | P.O. Box 1328 | Antigonish, NS | B2G 2L7 | Phone: 902-245-6386 Fax: 902-245-5132 | DATE May 11/26 | LICENSE PLATE | JOB NO. | LONG POINT QUARRY | TRUCKER | SOLD TO/ | CHARGED TO Potterty Lime HD | DELIVER TO | MATERIAL Serge | GROSS 26000 | TARE | 11680 | NET 4320 | 07162 | WHITE CUSTOMER COPY | RECEIVED BY | CANARY TRUCKER'S COPY | PINK-OFFICE COPY
2026-07-24 17:53:06,976 | INFO | office_ticket_backend.ocr | google_vision_request_success image=fresh_p5.jpg avg_conf=0.93 ticket_id=07162 date=2026-05-11 sold_to= plate= trucker=
2026-07-24 17:53:06,979 | INFO | office_ticket_backend.ocr | ocr_extract_provider_selected image=scratch\fresh_pages\fresh_p5.jpg provider=google_vision confidence=0.93
2026-07-24 17:53:07,362 | INFO | office_ticket_backend.ocr | ocr_extract_start image=scratch\fresh_pages\fresh_p6.jpg provider_env=google_vision
2026-07-24 17:53:07,362 | INFO | office_ticket_backend.ocr | google_vision_request_start image=scratch\fresh_pages\fresh_p6.jpg
2026-07-24 17:53:09,033 | INFO | office_ticket_backend.ocr | auto_orient_applied image=fresh_p6.jpg angle=270
2026-07-24 17:53:09,441 | INFO | office_ticket_backend.ocr | google_vision_raw_text image=fresh_p6.jpg chars=316 first_800=NOVA CONSTRUCTION COMPANY LTD | P.O. Box 1328 | Antigonish, NS | B2G 2L7 | Phone: 902-245-6386 Fax: 902-245-5132 | DATE | June | 26 | JOB NO. | LICENSE PLATE | LONG POINT QUARRY | TRUCKER | SOLD TO/ | CHARGED TO CRD | DELIVER TO | MATERIAL | Bank Rock | GROSS | TARE | 15 T | NET | 00534 | RECEIVED BY | WHITE-CUSTOMER COPY | CANARY TRUCKER'S COPY | PINK-OFFICE COPY
2026-07-24 17:53:09,449 | INFO | office_ticket_backend.ocr | google_vision_request_success image=fresh_p6.jpg avg_conf=0.94 ticket_id=00534 date=2026-06-26 sold_to= plate= trucker=
2026-07-24 17:53:09,451 | INFO | office_ticket_backend.ocr | ocr_extract_provider_selected image=scratch\fresh_pages\fresh_p6.jpg provider=google_vision confidence=0.94
2026-07-24 17:53:09,822 | INFO | office_ticket_backend.ocr | ocr_extract_start image=scratch\fresh_pages\fresh_p7.jpg provider_env=google_vision
2026-07-24 17:53:09,822 | INFO | office_ticket_backend.ocr | google_vision_request_start image=scratch\fresh_pages\fresh_p7.jpg
2026-07-24 17:53:11,472 | INFO | office_ticket_backend.ocr | auto_orient_applied image=fresh_p7.jpg angle=270
2026-07-24 17:53:11,838 | INFO | office_ticket_backend.ocr | google_vision_raw_text image=fresh_p7.jpg chars=293 first_800=DATE | NOVA CONSTRUCTION COMPANY LT | P.O. Box 1328 | Antigonish, NS | B2G 2L7 | Phone: 902-245-6386 Fax: 902-245-5132 | JOB NO. | LICENSE PLATE | LONG POINT QUARRY | TRUCKER | SOLD TO/ | CHARGED TO | DELIVER TO | MATERIAL | GROSS | 15 + | TARE | NET | 06738 | RECEIVED BY | WHITE CUSTOMER COPY | CANARY TRUCKER'S COPY | PINK-OFFICE COPY
2026-07-24 17:53:11,844 | INFO | office_ticket_backend.ocr | google_vision_request_success image=fresh_p7.jpg avg_conf=0.96 ticket_id=06738 date= sold_to= plate= trucker=
2026-07-24 17:53:11,847 | INFO | office_ticket_backend.ocr | ocr_extract_provider_selected image=scratch\fresh_pages\fresh_p7.jpg provider=google_vision confidence=0.96
2026-07-24 17:53:20,279 | INFO | office_ticket_backend.ocr | ocr_extract_start image=scratch\fresh_pages\fresh_p1.jpg provider_env=google_vision
2026-07-24 17:53:20,279 | INFO | office_ticket_backend.ocr | google_vision_request_start image=scratch\fresh_pages\fresh_p1.jpg
2026-07-24 17:53:21,910 | INFO | office_ticket_backend.ocr | auto_orient_applied image=fresh_p1.jpg angle=270
2026-07-24 17:53:22,297 | INFO | office_ticket_backend.ocr | google_vision_raw_text image=fresh_p1.jpg chars=317 first_800=DATE | NOVA CONSTRUCTION COMPANY LTD | LICENSE PLATE | P.O. Box 1328 | Antigonish, NS | B2G 2L7 | Phone: 902-245-6386 • Fax: 902-245-5132 5088 | JOB NO. | SEABROOK QUARRY | TRUCKER | SOLD TO/ | CHARGED TO | DELIVER TO | MATERIAL | GROSS | TARE | NET | 310 | 26671 | ENTERED MAY 3 2075 | RECEIVED BY | WHITE CUSTOMER COPY | CANARY TRUCKER'S COPY | PINK-OFFICE COPY
2026-07-24 17:53:22,308 | INFO | office_ticket_backend.ocr | google_vision_request_success image=fresh_p1.jpg avg_conf=0.95 ticket_id=2075 date=2075-05-03 sold_to= plate= trucker=
2026-07-24 17:53:22,310 | INFO | office_ticket_backend.ocr | ocr_extract_provider_selected image=scratch\fresh_pages\fresh_p1.jpg provider=google_vision confidence=0.95
2026-07-24 17:53:22,785 | INFO | office_ticket_backend.ocr | ocr_extract_start image=scratch\fresh_pages\fresh_p2.jpg provider_env=google_vision
2026-07-24 17:53:22,785 | INFO | office_ticket_backend.ocr | google_vision_request_start image=scratch\fresh_pages\fresh_p2.jpg
2026-07-24 17:53:24,449 | INFO | office_ticket_backend.ocr | auto_orient_applied image=fresh_p2.jpg angle=270
2026-07-24 17:53:24,846 | INFO | office_ticket_backend.ocr | google_vision_raw_text image=fresh_p2.jpg chars=376 first_800=DATE | NOVA CONSTRUCTION COMPANY LTD | P.O. Box 1328 | Antigonish, NS | B2G 2L7 | Phone: 902-245-6386 Fax: 902-245-5132 | Apri/16/20 | JOB NO. | 241260 | DESMOND QUARRY | wood. Bla. % | LICENSE PLATE | 5850 | TRUCKER | SOLD TO/ | CHARGED TO M.. | Nicipa | DELIVER TO | Windwmilk | Weavers Mut | MATERIAL | GROSS | 34900 | TARE | 20610 | NET | 0561 | 14290 | RECEIVED BY | ✓ | - | WHITE CUSTOMER COPY | CANARY TRUCKER'S COPY | PINK-OFFICE COPY
2026-07-24 17:53:24,855 | INFO | office_ticket_backend.ocr | google_vision_request_success image=fresh_p2.jpg avg_conf=0.90 ticket_id=241260 date=2016-04-01 sold_to=Bla . wood plate= trucker=5850
2026-07-24 17:53:24,859 | INFO | office_ticket_backend.ocr | ocr_extract_provider_selected image=scratch\fresh_pages\fresh_p2.jpg provider=google_vision confidence=0.90
2026-07-24 17:53:25,295 | INFO | office_ticket_backend.ocr | ocr_extract_start image=scratch\fresh_pages\fresh_p3.jpg provider_env=google_vision
2026-07-24 17:53:25,295 | INFO | office_ticket_backend.ocr | google_vision_request_start image=scratch\fresh_pages\fresh_p3.jpg
2026-07-24 17:53:26,969 | INFO | office_ticket_backend.ocr | auto_orient_applied image=fresh_p3.jpg angle=270
2026-07-24 17:53:27,387 | INFO | office_ticket_backend.ocr | google_vision_raw_text image=fresh_p3.jpg chars=358 first_800=DATE | NOVA CONSTRUCTION COMPANY LTD | LICENSE PLATE | TRUCKER | SOLD TO/ | CHARGED TO | DELIVER TO | MATERIAL | GROSS | TARE | NET | P.O. Box 1328 | Antigonish, NS | B2G 2L7 | Phone: 902-245-6386 Fax: 902-245-5132 | 19/26 | JOB NO. | LONG POINT QUARRY | Doherty Lime | Doherty | Type 1 | 25.350 | 10900 | 14.450 | 07235 | WHITE - CUSTOMER COPY | RECEIVED BY | spd | Lime spo | CANARY TRUCKER'S COPY | PINK-OFFICE COPY
2026-07-24 17:53:27,394 | INFO | office_ticket_backend.ocr | google_vision_request_success image=fresh_p3.jpg avg_conf=0.94 ticket_id=07235 date= sold_to=spd plate= trucker=
2026-07-24 17:53:27,397 | INFO | office_ticket_backend.ocr | ocr_extract_provider_selected image=scratch\fresh_pages\fresh_p3.jpg provider=google_vision confidence=0.94
2026-07-24 17:53:27,781 | INFO | office_ticket_backend.ocr | ocr_extract_start image=scratch\fresh_pages\fresh_p4.jpg provider_env=google_vision
2026-07-24 17:53:27,781 | INFO | office_ticket_backend.ocr | google_vision_request_start image=scratch\fresh_pages\fresh_p4.jpg
2026-07-24 17:53:29,390 | INFO | office_ticket_backend.ocr | auto_orient_applied image=fresh_p4.jpg angle=270
2026-07-24 17:53:29,815 | INFO | office_ticket_backend.ocr | google_vision_raw_text image=fresh_p4.jpg chars=349 first_800=DATE | NOVA CONSTRUCTION COMPANY LTD | P.O. Box 1328 | Antigonish, NS | B2G 2L7 | Phone: 902-245-6386 Fax: 902-245-5132 | E May 8 2026 | LICENSE PLATE | JOB NO. | LONG POINT QUARRY | TRUCKER | SOLD TO/ | CHARGED TO | DELIVER TO | Chipman | Trucking | MATERIAL | GROSS | TARE leve 14, | NET | 07131 | WHITE CUSTOMER COPY | COO | lonne | RECEIVED BY | Matt Lloyd | CANARY TRUCKER'S COPY | PINK-OFFICE COPY
2026-07-24 17:53:29,824 | INFO | office_ticket_backend.ocr | google_vision_request_success image=fresh_p4.jpg avg_conf=0.91 ticket_id=07131 date=2026-05-08 sold_to= plate= trucker=
2026-07-24 17:53:29,826 | INFO | office_ticket_backend.ocr | ocr_extract_provider_selected image=scratch\fresh_pages\fresh_p4.jpg provider=google_vision confidence=0.91
2026-07-24 17:53:30,217 | INFO | office_ticket_backend.ocr | ocr_extract_start image=scratch\fresh_pages\fresh_p5.jpg provider_env=google_vision
2026-07-24 17:53:30,219 | INFO | office_ticket_backend.ocr | google_vision_request_start image=scratch\fresh_pages\fresh_p5.jpg
2026-07-24 17:53:31,845 | INFO | office_ticket_backend.ocr | auto_orient_applied image=fresh_p5.jpg angle=270
2026-07-24 17:53:32,226 | INFO | office_ticket_backend.ocr | google_vision_raw_text image=fresh_p5.jpg chars=339 first_800=NOVA CONSTRUCTION COMPANY LTD | P.O. Box 1328 | Antigonish, NS | B2G 2L7 | Phone: 902-245-6386 Fax: 902-245-5132 | DATE May 11/26 | LICENSE PLATE | JOB NO. | LONG POINT QUARRY | TRUCKER | SOLD TO/ | CHARGED TO Potterty Lime HD | DELIVER TO | MATERIAL Serge | GROSS 26000 | TARE | 11680 | NET 4320 | 07162 | WHITE CUSTOMER COPY | RECEIVED BY | CANARY TRUCKER'S COPY | PINK-OFFICE COPY
2026-07-24 17:53:32,234 | INFO | office_ticket_backend.ocr | google_vision_request_success image=fresh_p5.jpg avg_conf=0.93 ticket_id=07162 date=2026-05-11 sold_to= plate= trucker=
2026-07-24 17:53:32,237 | INFO | office_ticket_backend.ocr | ocr_extract_provider_selected image=scratch\fresh_pages\fresh_p5.jpg provider=google_vision confidence=0.93
2026-07-24 17:53:32,670 | INFO | office_ticket_backend.ocr | ocr_extract_start image=scratch\fresh_pages\fresh_p6.jpg provider_env=google_vision
2026-07-24 17:53:32,670 | INFO | office_ticket_backend.ocr | google_vision_request_start image=scratch\fresh_pages\fresh_p6.jpg
2026-07-24 17:53:34,302 | INFO | office_ticket_backend.ocr | auto_orient_applied image=fresh_p6.jpg angle=270
2026-07-24 17:53:34,715 | INFO | office_ticket_backend.ocr | google_vision_raw_text image=fresh_p6.jpg chars=316 first_800=NOVA CONSTRUCTION COMPANY LTD | P.O. Box 1328 | Antigonish, NS | B2G 2L7 | Phone: 902-245-6386 Fax: 902-245-5132 | DATE | June | 26 | JOB NO. | LICENSE PLATE | LONG POINT QUARRY | TRUCKER | SOLD TO/ | CHARGED TO CRD | DELIVER TO | MATERIAL | Bank Rock | GROSS | TARE | 15 T | NET | 00534 | RECEIVED BY | WHITE-CUSTOMER COPY | CANARY TRUCKER'S COPY | PINK-OFFICE COPY
2026-07-24 17:53:34,722 | INFO | office_ticket_backend.ocr | google_vision_request_success image=fresh_p6.jpg avg_conf=0.94 ticket_id=00534 date=2026-06-26 sold_to= plate= trucker=
2026-07-24 17:53:34,725 | INFO | office_ticket_backend.ocr | ocr_extract_provider_selected image=scratch\fresh_pages\fresh_p6.jpg provider=google_vision confidence=0.94
2026-07-24 17:53:35,102 | INFO | office_ticket_backend.ocr | ocr_extract_start image=scratch\fresh_pages\fresh_p7.jpg provider_env=google_vision
2026-07-24 17:53:35,102 | INFO | office_ticket_backend.ocr | google_vision_request_start image=scratch\fresh_pages\fresh_p7.jpg
2026-07-24 17:53:36,714 | INFO | office_ticket_backend.ocr | auto_orient_applied image=fresh_p7.jpg angle=270
2026-07-24 17:53:37,117 | INFO | office_ticket_backend.ocr | google_vision_raw_text image=fresh_p7.jpg chars=293 first_800=DATE | NOVA CONSTRUCTION COMPANY LT | P.O. Box 1328 | Antigonish, NS | B2G 2L7 | Phone: 902-245-6386 Fax: 902-245-5132 | JOB NO. | LICENSE PLATE | LONG POINT QUARRY | TRUCKER | SOLD TO/ | CHARGED TO | DELIVER TO | MATERIAL | GROSS | 15 + | TARE | NET | 06738 | RECEIVED BY | WHITE CUSTOMER COPY | CANARY TRUCKER'S COPY | PINK-OFFICE COPY
2026-07-24 17:53:37,123 | INFO | office_ticket_backend.ocr | google_vision_request_success image=fresh_p7.jpg avg_conf=0.96 ticket_id=06738 date= sold_to= plate= trucker=
2026-07-24 17:53:37,126 | INFO | office_ticket_backend.ocr | ocr_extract_provider_selected image=scratch\fresh_pages\fresh_p7.jpg provider=google_vision confidence=0.96
2026-07-24 17:57:10,352 | INFO | office_ticket_backend.ocr | ocr_extract_start image=scratch\test_orient_copy.jpg provider_env=google_vision
2026-07-24 17:57:10,832 | INFO | office_ticket_backend.ocr | google_vision_request_start image=scratch\test_orient_copy.jpg
2026-07-24 17:57:12,484 | INFO | office_ticket_backend.ocr | auto_orient_applied image=test_orient_copy.jpg angle=180
2026-07-24 17:57:12,929 | INFO | office_ticket_backend.ocr | google_vision_raw_text image=test_orient_copy.jpg chars=322 first_800=DATE | NOVA CONSTRUCTION COMPANY LTD | P.O. Box 1328 | Antigonish, NS | B2G 2L7 | Phone: 902-245-6386 Fax: 902-245-5132 | JOB NO. | SEABROOK QUARRY | 5088 | LICENSE PLATE | TRUCKER | D | SOLD TO/ | CHARGED TO | DELIVER TO | MATERIAL | C | GROSS | TARE | NET | C | ENTERED MAY 3 2025 | 1310 | 26671 | RECEIVED BY | WHITE CUSTOMER COPY | CANARY TRUCKER'S COPY | PINK OFFICE COPY
2026-07-24 17:57:12,937 | INFO | office_ticket_backend.ocr | google_vision_request_success image=test_orient_copy.jpg avg_conf=0.96 ticket_id=26671 date=2025-05-03 sold_to= plate= trucker=
2026-07-24 17:57:12,941 | INFO | office_ticket_backend.ocr | ocr_extract_provider_selected image=scratch\test_orient_copy.jpg provider=google_vision confidence=0.96
2026-07-24 17:58:50,123 | INFO | office_ticket_backend.ocr | ocr_extract_start image=scratch\e2e_test2.jpg provider_env=google_vision
2026-07-24 17:58:50,606 | INFO | office_ticket_backend.ocr | google_vision_request_start image=scratch\e2e_test2.jpg
2026-07-24 17:58:52,236 | INFO | office_ticket_backend.ocr | auto_orient_applied image=e2e_test2.jpg angle=180
2026-07-24 17:58:52,644 | INFO | office_ticket_backend.ocr | google_vision_raw_text image=e2e_test2.jpg chars=322 first_800=DATE | NOVA CONSTRUCTION COMPANY LTD | P.O. Box 1328 | Antigonish, NS | B2G 2L7 | Phone: 902-245-6386 Fax: 902-245-5132 | JOB NO. | SEABROOK QUARRY | 5088 | LICENSE PLATE | TRUCKER | D | SOLD TO/ | CHARGED TO | DELIVER TO | MATERIAL | C | GROSS | TARE | NET | C | ENTERED MAY 3 2025 | 1310 | 26671 | RECEIVED BY | WHITE CUSTOMER COPY | CANARY TRUCKER'S COPY | PINK OFFICE COPY
2026-07-24 17:58:52,653 | INFO | office_ticket_backend.ocr | google_vision_request_success image=e2e_test2.jpg avg_conf=0.96 ticket_id=26671 date=2025-05-03 sold_to= plate= trucker=
2026-07-24 17:58:52,656 | INFO | office_ticket_backend.ocr | ocr_extract_provider_selected image=scratch\e2e_test2.jpg provider=google_vision confidence=0.96
2026-07-24 18:01:01,707 | INFO | office_ticket_backend.ocr | ocr_extract_start image=scratch\verify_fix.jpg provider_env=google_vision
2026-07-24 18:01:02,171 | INFO | office_ticket_backend.ocr | google_vision_request_start image=scratch\verify_fix.jpg
2026-07-24 18:01:03,898 | INFO | office_ticket_backend.ocr | auto_orient_keyword word=NOVA avg_x=0.82 avg_y=0.97 image=verify_fix.jpg
2026-07-24 18:01:03,899 | INFO | office_ticket_backend.ocr | auto_orient_applied image=verify_fix.jpg angle=180
2026-07-24 18:01:04,299 | INFO | office_ticket_backend.ocr | auto_orient_resent image=verify_fix.jpg
2026-07-24 18:01:04,300 | INFO | office_ticket_backend.ocr | google_vision_raw_text image=verify_fix.jpg chars=322 first_800=DATE | NOVA CONSTRUCTION COMPANY LTD | P.O. Box 1328 | Antigonish, NS | B2G 2L7 | Phone: 902-245-6386 Fax: 902-245-5132 | JOB NO. | SEABROOK QUARRY | 5088 | LICENSE PLATE | TRUCKER | D | SOLD TO/ | CHARGED TO | DELIVER TO | MATERIAL | C | GROSS | TARE | NET | C | ENTERED MAY 3 2025 | 1310 | 26671 | RECEIVED BY | WHITE CUSTOMER COPY | CANARY TRUCKER'S COPY | PINK OFFICE COPY
2026-07-24 18:01:04,308 | INFO | office_ticket_backend.ocr | google_vision_request_success image=verify_fix.jpg avg_conf=0.96 ticket_id=26671 date=2025-05-03 sold_to= plate= trucker=
2026-07-24 18:01:04,309 | INFO | office_ticket_backend.ocr | ocr_extract_provider_selected image=scratch\verify_fix.jpg provider=google_vision confidence=0.96
2026-07-24 18:01:40,574 | INFO | office_ticket_backend.ocr | ocr_extract_start image=scratch\verify_all\fresh_p1.jpg provider_env=google_vision
2026-07-24 18:01:41,046 | INFO | office_ticket_backend.ocr | google_vision_request_start image=scratch\verify_all\fresh_p1.jpg
2026-07-24 18:01:42,846 | INFO | office_ticket_backend.ocr | auto_orient_keyword word=NOVA avg_x=0.82 avg_y=0.97 image=fresh_p1.jpg
2026-07-24 18:01:42,846 | INFO | office_ticket_backend.ocr | auto_orient_applied image=fresh_p1.jpg angle=180
2026-07-24 18:01:43,249 | INFO | office_ticket_backend.ocr | auto_orient_resent image=fresh_p1.jpg
2026-07-24 18:01:43,249 | INFO | office_ticket_backend.ocr | google_vision_raw_text image=fresh_p1.jpg chars=322 first_800=DATE | NOVA CONSTRUCTION COMPANY LTD | P.O. Box 1328 | Antigonish, NS | B2G 2L7 | Phone: 902-245-6386 Fax: 902-245-5132 | JOB NO. | SEABROOK QUARRY | 5088 | LICENSE PLATE | TRUCKER | D | SOLD TO/ | CHARGED TO | DELIVER TO | MATERIAL | C | GROSS | TARE | NET | C | ENTERED MAY 3 2025 | 1310 | 26671 | RECEIVED BY | WHITE CUSTOMER COPY | CANARY TRUCKER'S COPY | PINK OFFICE COPY
2026-07-24 18:01:43,258 | INFO | office_ticket_backend.ocr | google_vision_request_success image=fresh_p1.jpg avg_conf=0.96 ticket_id=26671 date=2025-05-03 sold_to= plate= trucker=
2026-07-24 18:01:43,259 | INFO | office_ticket_backend.ocr | ocr_extract_provider_selected image=scratch\verify_all\fresh_p1.jpg provider=google_vision confidence=0.96
2026-07-24 18:01:43,261 | INFO | office_ticket_backend.ocr | ocr_extract_start image=scratch\verify_all\fresh_p2.jpg provider_env=google_vision
2026-07-24 18:01:43,261 | INFO | office_ticket_backend.ocr | google_vision_request_start image=scratch\verify_all\fresh_p2.jpg
2026-07-24 18:01:44,966 | INFO | office_ticket_backend.ocr | auto_orient_keyword word=NOVA avg_x=0.80 avg_y=0.98 image=fresh_p2.jpg
2026-07-24 18:01:44,966 | INFO | office_ticket_backend.ocr | auto_orient_applied image=fresh_p2.jpg angle=180
2026-07-24 18:01:45,443 | INFO | office_ticket_backend.ocr | auto_orient_resent image=fresh_p2.jpg
2026-07-24 18:01:45,443 | INFO | office_ticket_backend.ocr | google_vision_raw_text image=fresh_p2.jpg chars=381 first_800=DATE | NOVA CONSTRUCTION COMPANY LTD | P.O. Box 1328 | Antigonish, NS | B2G 2L7 | Phone: 902-245-6386 Fax: 902-245-5132 | Apri/16/26 JOB NO. 2412602 | LICENSE PLATE | TRUCKER | SOLD TO/ | DESMOND QUARRY | 58505 | Seremy Wood Blaint. | CHARGED TO Municipal Windmill | DELIVER TO | Weavers Mat | MATERIAL | GROSS | 34900 | TARE | 20610 | NET | 0561 | 14290 | RECEIVED BY | WHITE CUSTOMER COPY | - | CANARY TRUCKER'S COPY | PINK-OFFICE COPY
2026-07-24 18:01:45,453 | INFO | office_ticket_backend.ocr | google_vision_request_success image=fresh_p2.jpg avg_conf=0.91 ticket_id=241260 date=2016-04-01 sold_to=Wood Blaint plate= trucker=Seremy Wood
2026-07-24 18:01:45,453 | INFO | office_ticket_backend.ocr | ocr_extract_provider_selected image=scratch\verify_all\fresh_p2.jpg provider=google_vision confidence=0.91
2026-07-24 18:01:45,455 | INFO | office_ticket_backend.ocr | ocr_extract_start image=scratch\verify_all\fresh_p3.jpg provider_env=google_vision
2026-07-24 18:01:45,456 | INFO | office_ticket_backend.ocr | google_vision_request_start image=scratch\verify_all\fresh_p3.jpg
2026-07-24 18:01:46,994 | INFO | office_ticket_backend.ocr | auto_orient_keyword word=NOVA avg_x=0.80 avg_y=0.97 image=fresh_p3.jpg
2026-07-24 18:01:46,994 | INFO | office_ticket_backend.ocr | auto_orient_applied image=fresh_p3.jpg angle=180
2026-07-24 18:01:47,436 | INFO | office_ticket_backend.ocr | auto_orient_resent image=fresh_p3.jpg
2026-07-24 18:01:47,436 | INFO | office_ticket_backend.ocr | google_vision_raw_text image=fresh_p3.jpg chars=376 first_800=DATE | NOVA CONSTRUCTION COMPANY LTD | LICENSE PLATE | TRUCKER | SOLD TO/ | CHARGED TO | DELIVER TO | MATERIAL | GROSS | TARE | NET | P.O. Box 1328 | Antigonish, NS | B2G 2L7 | Phone: 902-245-6386 Fax: 902-245-5132 | 19/26 | JOB NO. | LONG POINT QUARRY | Dohert | herty Lime | Dohorty Lime | Dotorty | Type 1 | 25.350 | 10900 | 14.450 | 07235 | RECEIVED BY | spd | hime spo | - | WHITE CUSTOMER COPY | CANARY TRUCKER'S COPY | PINK-OFFICE COPY
2026-07-24 18:01:47,444 | INFO | office_ticket_backend.ocr | google_vision_request_success image=fresh_p3.jpg avg_conf=0.93 ticket_id=07235 date= sold_to=spd plate= trucker=Dohert
2026-07-24 18:01:47,444 | INFO | office_ticket_backend.ocr | ocr_extract_provider_selected image=scratch\verify_all\fresh_p3.jpg provider=google_vision confidence=0.93
2026-07-24 18:01:47,446 | INFO | office_ticket_backend.ocr | ocr_extract_start image=scratch\verify_all\fresh_p4.jpg provider_env=google_vision
2026-07-24 18:01:47,446 | INFO | office_ticket_backend.ocr | google_vision_request_start image=scratch\verify_all\fresh_p4.jpg
2026-07-24 18:01:49,057 | INFO | office_ticket_backend.ocr | auto_orient_keyword word=NOVA avg_x=0.81 avg_y=0.97 image=fresh_p4.jpg
2026-07-24 18:01:49,057 | INFO | office_ticket_backend.ocr | auto_orient_applied image=fresh_p4.jpg angle=180
2026-07-24 18:01:49,512 | INFO | office_ticket_backend.ocr | auto_orient_resent image=fresh_p4.jpg
2026-07-24 18:01:49,512 | INFO | office_ticket_backend.ocr | google_vision_raw_text image=fresh_p4.jpg chars=344 first_800=DATE | NOVA CONSTRUCTION COMPANY LTD | P.O. Box 1328 | Antigonish, NS | B2G 2L7 | Phone: 902-245-6386 Fax: 902-245-5132 | E May 8 2026 | LICENSE PLATE | JOB NO. | LONG POINT QUARRY | TRUCKER | SOLD TO/ | CHARGED TO | DELIVER TO | Chipman Trucking | MATERIAL | GROSS | TARE | NET | 07131 | 14 | COO | Tonne | RECEIVED BY | WHITE CUSTOMER COPY | •Mott Lloyd | CANARY TRUCKER'S COPY | PINK-OFFICE COPY
2026-07-24 18:01:49,520 | INFO | office_ticket_backend.ocr | google_vision_request_success image=fresh_p4.jpg avg_conf=0.91 ticket_id=07131 date=2026-05-08 sold_to=Chipman Trucking plate= trucker=
2026-07-24 18:01:49,521 | INFO | office_ticket_backend.ocr | ocr_extract_provider_selected image=scratch\verify_all\fresh_p4.jpg provider=google_vision confidence=0.91
2026-07-24 18:01:49,523 | INFO | office_ticket_backend.ocr | ocr_extract_start image=scratch\verify_all\fresh_p5.jpg provider_env=google_vision
2026-07-24 18:01:49,523 | INFO | office_ticket_backend.ocr | google_vision_request_start image=scratch\verify_all\fresh_p5.jpg
2026-07-24 18:01:51,170 | INFO | office_ticket_backend.ocr | auto_orient_keyword word=NOVA avg_x=0.80 avg_y=0.97 image=fresh_p5.jpg
2026-07-24 18:01:51,170 | INFO | office_ticket_backend.ocr | auto_orient_applied image=fresh_p5.jpg angle=180
2026-07-24 18:01:51,557 | INFO | office_ticket_backend.ocr | auto_orient_resent image=fresh_p5.jpg
2026-07-24 18:01:51,558 | INFO | office_ticket_backend.ocr | google_vision_raw_text image=fresh_p5.jpg chars=340 first_800=NOVA CONSTRUCTION COMPANY LTD | P.O. Box 1328 | Antigonish, NS | B2G 2L7 | Phone: 902-245-6386 Fax: 902-245-5132 | DATE May 11/26 | JOB NO. | LONG POINT QUARRY | LICENSE PLATE | TRUCKER | SOLD TO/ | CHARGED TO Potterty Lime HD | DELIVER TO | MATERIAL Serge | GROSS 26000 | TARE 1680 | NET 4320 | 07162 | WHITE CUSTOMER COPY | RECEIVED BY | - | CANARY TRUCKER'S COPY | PINK-OFFICE COPY
2026-07-24 18:01:51,565 | INFO | office_ticket_backend.ocr | google_vision_request_success image=fresh_p5.jpg avg_conf=0.94 ticket_id=07162 date=2026-05-11 sold_to=Potterty Lime HD plate= trucker=
2026-07-24 18:01:51,565 | INFO | office_ticket_backend.ocr | ocr_extract_provider_selected image=scratch\verify_all\fresh_p5.jpg provider=google_vision confidence=0.94
2026-07-24 18:01:51,567 | INFO | office_ticket_backend.ocr | ocr_extract_start image=scratch\verify_all\fresh_p6.jpg provider_env=google_vision
2026-07-24 18:01:51,569 | INFO | office_ticket_backend.ocr | google_vision_request_start image=scratch\verify_all\fresh_p6.jpg
2026-07-24 18:01:53,187 | INFO | office_ticket_backend.ocr | auto_orient_keyword word=NOVA avg_x=0.81 avg_y=0.97 image=fresh_p6.jpg
2026-07-24 18:01:53,187 | INFO | office_ticket_backend.ocr | auto_orient_applied image=fresh_p6.jpg angle=180
2026-07-24 18:01:53,587 | INFO | office_ticket_backend.ocr | auto_orient_resent image=fresh_p6.jpg
2026-07-24 18:01:53,587 | INFO | office_ticket_backend.ocr | google_vision_raw_text image=fresh_p6.jpg chars=318 first_800=NOVA CONSTRUCTION COMPANY LTD | P.O. Box 1328 | Antigonish, NS | B2G 2L7 | Phone: 902-245-6386 Fax: 902-245-5132 | DATE TI | June | 26 | JOB NO. | LICENSE PLATE | LONG POINT QUARRY | TRUCKER | SOLD TO/ | CHARGED TO RD | DELIVER TO | MATERIAL | GROSS | TARE | NET | Back Rack | 15 T | 00534 | WHITE CUSTOMER COPY | RECEIVED BY | CANARY TRUCKER'S COPY | PINK-OFFICE COPY
2026-07-24 18:01:53,594 | INFO | office_ticket_backend.ocr | google_vision_request_success image=fresh_p6.jpg avg_conf=0.93 ticket_id=00534 date=2026-06-26 sold_to=RD plate= trucker=
2026-07-24 18:01:53,594 | INFO | office_ticket_backend.ocr | ocr_extract_provider_selected image=scratch\verify_all\fresh_p6.jpg provider=google_vision confidence=0.93
2026-07-24 18:01:53,597 | INFO | office_ticket_backend.ocr | ocr_extract_start image=scratch\verify_all\fresh_p7.jpg provider_env=google_vision
2026-07-24 18:01:53,597 | INFO | office_ticket_backend.ocr | google_vision_request_start image=scratch\verify_all\fresh_p7.jpg
2026-07-24 18:01:55,125 | INFO | office_ticket_backend.ocr | auto_orient_keyword word=NOVA avg_x=0.80 avg_y=0.97 image=fresh_p7.jpg
2026-07-24 18:01:55,126 | INFO | office_ticket_backend.ocr | auto_orient_applied image=fresh_p7.jpg angle=180
2026-07-24 18:01:55,487 | INFO | office_ticket_backend.ocr | auto_orient_resent image=fresh_p7.jpg
2026-07-24 18:01:55,488 | INFO | office_ticket_backend.ocr | google_vision_raw_text image=fresh_p7.jpg chars=295 first_800=DATE | NOVA CONSTRUCTION COMPANY LT | P.O. Box 1328 | Antigonish, NS | B2G 2L7 | • | Phone: 902-245-6386 Fax: 902-245-5132 | JOB NO. | LICENSE PLATE | LONG POINT QUARRY | TRUCKER | SOLD TO/ | CHARGED TO | DELIVER TO | MATERIAL | V | GROSS | 15 | TARE | NET | 06738 | RECEIVED BY | WHITE CUSTOMER COPY | CANARY TRUCKER'S COPY | PINK OFFICE COPY
2026-07-24 18:01:55,494 | INFO | office_ticket_backend.ocr | google_vision_request_success image=fresh_p7.jpg avg_conf=0.97 ticket_id=06738 date= sold_to= plate= trucker=
2026-07-24 18:01:55,494 | INFO | office_ticket_backend.ocr | ocr_extract_provider_selected image=scratch\verify_all\fresh_p7.jpg provider=google_vision confidence=0.97
2026-07-24 18:07:04,659 | INFO | office_ticket_backend.app | app_start provider_env=<empty> duplicate_check_enabled=True
2026-07-24 18:07:06,138 | INFO | office_ticket_backend.app | app_start provider_env=<empty> duplicate_check_enabled=True
2026-07-24 18:07:13,996 | INFO | office_ticket_backend.app | app_start provider_env=<empty> duplicate_check_enabled=True
2026-07-24 18:07:16,058 | INFO | office_ticket_backend.app | app_start provider_env=<empty> duplicate_check_enabled=True
2026-07-24 18:07:16,065 | INFO | office_ticket_backend.app | upload_saved file=20260724_203844_987876_20260717102354642.pdf size_bytes=1917952 path=E:\Projects\Nova Construction Ticket App\data\uploads\20260724_210716_063258_20260724_203844_987876_20260717102354642.pdf
2026-07-24 18:07:16,104 | INFO | office_ticket_backend.ocr | ocr_extract_start image=E:\Projects\Nova Construction Ticket App\data\uploads\20260724_210716_063258_p1_1_20260724_203844_987876_20260717102354642.jpg provider_env=google_vision
2026-07-24 18:07:16,104 | INFO | office_ticket_backend.ocr | google_vision_request_start image=E:\Projects\Nova Construction Ticket App\data\uploads\20260724_210716_063258_p1_1_20260724_203844_987876_20260717102354642.jpg
2026-07-24 18:07:17,946 | INFO | office_ticket_backend.ocr | auto_orient_keyword word=NOVA avg_x=0.97 avg_y=0.18 image=20260724_210716_063258_p1_1_20260724_203844_987876_20260717102354642.jpg
2026-07-24 18:07:17,946 | INFO | office_ticket_backend.ocr | auto_orient_applied image=20260724_210716_063258_p1_1_20260724_203844_987876_20260717102354642.jpg angle=270
2026-07-24 18:07:18,344 | INFO | office_ticket_backend.ocr | auto_orient_resent image=20260724_210716_063258_p1_1_20260724_203844_987876_20260717102354642.jpg
2026-07-24 18:07:18,344 | INFO | office_ticket_backend.ocr | google_vision_raw_text image=20260724_210716_063258_p1_1_20260724_203844_987876_20260717102354642.jpg chars=317 first_800=DATE | NOVA CONSTRUCTION COMPANY LTD | LICENSE PLATE | P.O. Box 1328 | Antigonish, NS | B2G 2L7 | Phone: 902-245-6386 • Fax: 902-245-5132 5088 | JOB NO. | SEABROOK QUARRY | TRUCKER | SOLD TO/ | CHARGED TO | DELIVER TO | MATERIAL | GROSS | TARE | NET | 310 | 26671 | ENTERED MAY 3 2075 | RECEIVED BY | WHITE CUSTOMER COPY | CANARY TRUCKER'S COPY | PINK-OFFICE COPY
2026-07-24 18:07:18,352 | INFO | office_ticket_backend.ocr | google_vision_request_success image=20260724_210716_063258_p1_1_20260724_203844_987876_20260717102354642.jpg avg_conf=0.95 ticket_id=2075 date=2075-05-03 sold_to= plate= trucker=
2026-07-24 18:07:18,353 | INFO | office_ticket_backend.ocr | ocr_extract_provider_selected image=E:\Projects\Nova Construction Ticket App\data\uploads\20260724_210716_063258_p1_1_20260724_203844_987876_20260717102354642.jpg provider=google_vision confidence=0.95
2026-07-24 18:07:18,363 | INFO | office_ticket_backend.app | ticket_inserted ticket_id=2075 provider=google_vision confidence=0.95 image=E:\Projects\Nova Construction Ticket App\data\uploads\20260724_210716_063258_p1_1_20260724_203844_987876_20260717102354642.jpg
2026-07-24 18:07:18,391 | INFO | office_ticket_backend.ocr | ocr_extract_start image=E:\Projects\Nova Construction Ticket App\data\uploads\20260724_210716_063258_p2_1_20260724_203844_987876_20260717102354642.jpg provider_env=google_vision
2026-07-24 18:07:18,392 | INFO | office_ticket_backend.ocr | google_vision_request_start image=E:\Projects\Nova Construction Ticket App\data\uploads\20260724_210716_063258_p2_1_20260724_203844_987876_20260717102354642.jpg
2026-07-24 18:07:20,090 | INFO | office_ticket_backend.ocr | auto_orient_keyword word=NOVA avg_x=0.98 avg_y=0.20 image=20260724_210716_063258_p2_1_20260724_203844_987876_20260717102354642.jpg
2026-07-24 18:07:20,090 | INFO | office_ticket_backend.ocr | auto_orient_applied image=20260724_210716_063258_p2_1_20260724_203844_987876_20260717102354642.jpg angle=270
2026-07-24 18:07:20,526 | INFO | office_ticket_backend.ocr | auto_orient_resent image=20260724_210716_063258_p2_1_20260724_203844_987876_20260717102354642.jpg
2026-07-24 18:07:20,527 | INFO | office_ticket_backend.ocr | google_vision_raw_text image=20260724_210716_063258_p2_1_20260724_203844_987876_20260717102354642.jpg chars=376 first_800=DATE | NOVA CONSTRUCTION COMPANY LTD | P.O. Box 1328 | Antigonish, NS | B2G 2L7 | Phone: 902-245-6386 Fax: 902-245-5132 | Apri/16/20 | JOB NO. | 241260 | DESMOND QUARRY | wood. Bla. % | LICENSE PLATE | 5850 | TRUCKER | SOLD TO/ | CHARGED TO M.. | Nicipa | DELIVER TO | Windwmilk | Weavers Mut | MATERIAL | GROSS | 34900 | TARE | 20610 | NET | 0561 | 14290 | RECEIVED BY | ✓ | - | WHITE CUSTOMER COPY | CANARY TRUCKER'S COPY | PINK-OFFICE COPY
2026-07-24 18:07:20,537 | INFO | office_ticket_backend.ocr | google_vision_request_success image=20260724_210716_063258_p2_1_20260724_203844_987876_20260717102354642.jpg avg_conf=0.90 ticket_id=241260 date=2016-04-01 sold_to=Bla . wood plate= trucker=5850
2026-07-24 18:07:20,538 | INFO | office_ticket_backend.ocr | ocr_extract_provider_selected image=E:\Projects\Nova Construction Ticket App\data\uploads\20260724_210716_063258_p2_1_20260724_203844_987876_20260717102354642.jpg provider=google_vision confidence=0.90
2026-07-24 18:07:20,550 | INFO | office_ticket_backend.app | ticket_inserted ticket_id=241260 provider=google_vision confidence=0.90 image=E:\Projects\Nova Construction Ticket App\data\uploads\20260724_210716_063258_p2_1_20260724_203844_987876_20260717102354642.jpg
2026-07-24 18:07:20,578 | INFO | office_ticket_backend.ocr | ocr_extract_start image=E:\Projects\Nova Construction Ticket App\data\uploads\20260724_210716_063258_p3_1_20260724_203844_987876_20260717102354642.jpg provider_env=google_vision
2026-07-24 18:07:20,579 | INFO | office_ticket_backend.ocr | google_vision_request_start image=E:\Projects\Nova Construction Ticket App\data\uploads\20260724_210716_063258_p3_1_20260724_203844_987876_20260717102354642.jpg
2026-07-24 18:07:22,276 | INFO | office_ticket_backend.ocr | auto_orient_keyword word=NOVA avg_x=0.97 avg_y=0.20 image=20260724_210716_063258_p3_1_20260724_203844_987876_20260717102354642.jpg
2026-07-24 18:07:22,277 | INFO | office_ticket_backend.ocr | auto_orient_applied image=20260724_210716_063258_p3_1_20260724_203844_987876_20260717102354642.jpg angle=270
2026-07-24 18:07:22,784 | INFO | office_ticket_backend.ocr | auto_orient_resent image=20260724_210716_063258_p3_1_20260724_203844_987876_20260717102354642.jpg
2026-07-24 18:07:22,785 | INFO | office_ticket_backend.ocr | google_vision_raw_text image=20260724_210716_063258_p3_1_20260724_203844_987876_20260717102354642.jpg chars=358 first_800=DATE | NOVA CONSTRUCTION COMPANY LTD | LICENSE PLATE | TRUCKER | SOLD TO/ | CHARGED TO | DELIVER TO | MATERIAL | GROSS | TARE | NET | P.O. Box 1328 | Antigonish, NS | B2G 2L7 | Phone: 902-245-6386 Fax: 902-245-5132 | 19/26 | JOB NO. | LONG POINT QUARRY | Doherty Lime | Doherty | Type 1 | 25.350 | 10900 | 14.450 | 07235 | WHITE - CUSTOMER COPY | RECEIVED BY | spd | Lime spo | CANARY TRUCKER'S COPY | PINK-OFFICE COPY
2026-07-24 18:07:22,794 | INFO | office_ticket_backend.ocr | google_vision_request_success image=20260724_210716_063258_p3_1_20260724_203844_987876_20260717102354642.jpg avg_conf=0.94 ticket_id=07235 date= sold_to=spd plate= trucker=
2026-07-24 18:07:22,795 | INFO | office_ticket_backend.ocr | ocr_extract_provider_selected image=E:\Projects\Nova Construction Ticket App\data\uploads\20260724_210716_063258_p3_1_20260724_203844_987876_20260717102354642.jpg provider=google_vision confidence=0.94
2026-07-24 18:07:22,802 | INFO | office_ticket_backend.app | ticket_inserted ticket_id=07235 provider=google_vision confidence=0.94 image=E:\Projects\Nova Construction Ticket App\data\uploads\20260724_210716_063258_p3_1_20260724_203844_987876_20260717102354642.jpg
2026-07-24 18:07:22,830 | INFO | office_ticket_backend.ocr | ocr_extract_start image=E:\Projects\Nova Construction Ticket App\data\uploads\20260724_210716_063258_p4_1_20260724_203844_987876_20260717102354642.jpg provider_env=google_vision
2026-07-24 18:07:22,832 | INFO | office_ticket_backend.ocr | google_vision_request_start image=E:\Projects\Nova Construction Ticket App\data\uploads\20260724_210716_063258_p4_1_20260724_203844_987876_20260717102354642.jpg
2026-07-24 18:07:24,559 | INFO | office_ticket_backend.ocr | auto_orient_keyword word=NOVA avg_x=0.97 avg_y=0.19 image=20260724_210716_063258_p4_1_20260724_203844_987876_20260717102354642.jpg
2026-07-24 18:07:24,559 | INFO | office_ticket_backend.ocr | auto_orient_applied image=20260724_210716_063258_p4_1_20260724_203844_987876_20260717102354642.jpg angle=270
2026-07-24 18:07:24,963 | INFO | office_ticket_backend.ocr | auto_orient_resent image=20260724_210716_063258_p4_1_20260724_203844_987876_20260717102354642.jpg
2026-07-24 18:07:24,963 | INFO | office_ticket_backend.ocr | google_vision_raw_text image=20260724_210716_063258_p4_1_20260724_203844_987876_20260717102354642.jpg chars=349 first_800=DATE | NOVA CONSTRUCTION COMPANY LTD | P.O. Box 1328 | Antigonish, NS | B2G 2L7 | Phone: 902-245-6386 Fax: 902-245-5132 | E May 8 2026 | LICENSE PLATE | JOB NO. | LONG POINT QUARRY | TRUCKER | SOLD TO/ | CHARGED TO | DELIVER TO | Chipman | Trucking | MATERIAL | GROSS | TARE leve 14, | NET | 07131 | WHITE CUSTOMER COPY | COO | lonne | RECEIVED BY | Matt Lloyd | CANARY TRUCKER'S COPY | PINK-OFFICE COPY
2026-07-24 18:07:24,972 | INFO | office_ticket_backend.ocr | google_vision_request_success image=20260724_210716_063258_p4_1_20260724_203844_987876_20260717102354642.jpg avg_conf=0.91 ticket_id=07131 date=2026-05-08 sold_to= plate= trucker=
2026-07-24 18:07:24,973 | INFO | office_ticket_backend.ocr | ocr_extract_provider_selected image=E:\Projects\Nova Construction Ticket App\data\uploads\20260724_210716_063258_p4_1_20260724_203844_987876_20260717102354642.jpg provider=google_vision confidence=0.91
2026-07-24 18:07:24,983 | INFO | office_ticket_backend.app | ticket_inserted ticket_id=07131 provider=google_vision confidence=0.91 image=E:\Projects\Nova Construction Ticket App\data\uploads\20260724_210716_063258_p4_1_20260724_203844_987876_20260717102354642.jpg
2026-07-24 18:07:25,010 | INFO | office_ticket_backend.ocr | ocr_extract_start image=E:\Projects\Nova Construction Ticket App\data\uploads\20260724_210716_063258_p5_1_20260724_203844_987876_20260717102354642.jpg provider_env=google_vision
2026-07-24 18:07:25,010 | INFO | office_ticket_backend.ocr | google_vision_request_start image=E:\Projects\Nova Construction Ticket App\data\uploads\20260724_210716_063258_p5_1_20260724_203844_987876_20260717102354642.jpg
2026-07-24 18:07:26,668 | INFO | office_ticket_backend.ocr | auto_orient_keyword word=NOVA avg_x=0.97 avg_y=0.19 image=20260724_210716_063258_p5_1_20260724_203844_987876_20260717102354642.jpg
2026-07-24 18:07:26,668 | INFO | office_ticket_backend.ocr | auto_orient_applied image=20260724_210716_063258_p5_1_20260724_203844_987876_20260717102354642.jpg angle=270
2026-07-24 18:07:27,031 | INFO | office_ticket_backend.ocr | auto_orient_resent image=20260724_210716_063258_p5_1_20260724_203844_987876_20260717102354642.jpg
2026-07-24 18:07:27,032 | INFO | office_ticket_backend.ocr | google_vision_raw_text image=20260724_210716_063258_p5_1_20260724_203844_987876_20260717102354642.jpg chars=339 first_800=NOVA CONSTRUCTION COMPANY LTD | P.O. Box 1328 | Antigonish, NS | B2G 2L7 | Phone: 902-245-6386 Fax: 902-245-5132 | DATE May 11/26 | LICENSE PLATE | JOB NO. | LONG POINT QUARRY | TRUCKER | SOLD TO/ | CHARGED TO Potterty Lime HD | DELIVER TO | MATERIAL Serge | GROSS 26000 | TARE | 11680 | NET 4320 | 07162 | WHITE CUSTOMER COPY | RECEIVED BY | CANARY TRUCKER'S COPY | PINK-OFFICE COPY
2026-07-24 18:07:27,040 | INFO | office_ticket_backend.ocr | google_vision_request_success image=20260724_210716_063258_p5_1_20260724_203844_987876_20260717102354642.jpg avg_conf=0.93 ticket_id=07162 date=2026-05-11 sold_to= plate= trucker=
2026-07-24 18:07:27,040 | INFO | office_ticket_backend.ocr | ocr_extract_provider_selected image=E:\Projects\Nova Construction Ticket App\data\uploads\20260724_210716_063258_p5_1_20260724_203844_987876_20260717102354642.jpg provider=google_vision confidence=0.93
2026-07-24 18:07:27,048 | INFO | office_ticket_backend.app | ticket_inserted ticket_id=07162 provider=google_vision confidence=0.93 image=E:\Projects\Nova Construction Ticket App\data\uploads\20260724_210716_063258_p5_1_20260724_203844_987876_20260717102354642.jpg
2026-07-24 18:07:27,076 | INFO | office_ticket_backend.ocr | ocr_extract_start image=E:\Projects\Nova Construction Ticket App\data\uploads\20260724_210716_063258_p6_1_20260724_203844_987876_20260717102354642.jpg provider_env=google_vision
2026-07-24 18:07:27,077 | INFO | office_ticket_backend.ocr | google_vision_request_start image=E:\Projects\Nova Construction Ticket App\data\uploads\20260724_210716_063258_p6_1_20260724_203844_987876_20260717102354642.jpg
2026-07-24 18:07:28,667 | INFO | office_ticket_backend.ocr | auto_orient_keyword word=NOVA avg_x=0.97 avg_y=0.19 image=20260724_210716_063258_p6_1_20260724_203844_987876_20260717102354642.jpg
2026-07-24 18:07:28,668 | INFO | office_ticket_backend.ocr | auto_orient_applied image=20260724_210716_063258_p6_1_20260724_203844_987876_20260717102354642.jpg angle=270
2026-07-24 18:07:29,060 | INFO | office_ticket_backend.ocr | auto_orient_resent image=20260724_210716_063258_p6_1_20260724_203844_987876_20260717102354642.jpg
2026-07-24 18:07:29,061 | INFO | office_ticket_backend.ocr | google_vision_raw_text image=20260724_210716_063258_p6_1_20260724_203844_987876_20260717102354642.jpg chars=316 first_800=NOVA CONSTRUCTION COMPANY LTD | P.O. Box 1328 | Antigonish, NS | B2G 2L7 | Phone: 902-245-6386 Fax: 902-245-5132 | DATE | June | 26 | JOB NO. | LICENSE PLATE | LONG POINT QUARRY | TRUCKER | SOLD TO/ | CHARGED TO CRD | DELIVER TO | MATERIAL | Bank Rock | GROSS | TARE | 15 T | NET | 00534 | RECEIVED BY | WHITE-CUSTOMER COPY | CANARY TRUCKER'S COPY | PINK-OFFICE COPY
2026-07-24 18:07:29,069 | INFO | office_ticket_backend.ocr | google_vision_request_success image=20260724_210716_063258_p6_1_20260724_203844_987876_20260717102354642.jpg avg_conf=0.94 ticket_id=00534 date=2026-06-26 sold_to= plate= trucker=
2026-07-24 18:07:29,070 | INFO | office_ticket_backend.ocr | ocr_extract_provider_selected image=E:\Projects\Nova Construction Ticket App\data\uploads\20260724_210716_063258_p6_1_20260724_203844_987876_20260717102354642.jpg provider=google_vision confidence=0.94
2026-07-24 18:07:29,077 | INFO | office_ticket_backend.app | ticket_inserted ticket_id=00534 provider=google_vision confidence=0.94 image=E:\Projects\Nova Construction Ticket App\data\uploads\20260724_210716_063258_p6_1_20260724_203844_987876_20260717102354642.jpg
2026-07-24 18:07:29,105 | INFO | office_ticket_backend.ocr | ocr_extract_start image=E:\Projects\Nova Construction Ticket App\data\uploads\20260724_210716_063258_p7_1_20260724_203844_987876_20260717102354642.jpg provider_env=google_vision
2026-07-24 18:07:29,106 | INFO | office_ticket_backend.ocr | google_vision_request_start image=E:\Projects\Nova Construction Ticket App\data\uploads\20260724_210716_063258_p7_1_20260724_203844_987876_20260717102354642.jpg
2026-07-24 18:07:30,757 | INFO | office_ticket_backend.ocr | auto_orient_keyword word=NOVA avg_x=0.97 avg_y=0.20 image=20260724_210716_063258_p7_1_20260724_203844_987876_20260717102354642.jpg
2026-07-24 18:07:30,757 | INFO | office_ticket_backend.ocr | auto_orient_applied image=20260724_210716_063258_p7_1_20260724_203844_987876_20260717102354642.jpg angle=270
2026-07-24 18:07:31,112 | INFO | office_ticket_backend.ocr | auto_orient_resent image=20260724_210716_063258_p7_1_20260724_203844_987876_20260717102354642.jpg
2026-07-24 18:07:31,112 | INFO | office_ticket_backend.ocr | google_vision_raw_text image=20260724_210716_063258_p7_1_20260724_203844_987876_20260717102354642.jpg chars=293 first_800=DATE | NOVA CONSTRUCTION COMPANY LT | P.O. Box 1328 | Antigonish, NS | B2G 2L7 | Phone: 902-245-6386 Fax: 902-245-5132 | JOB NO. | LICENSE PLATE | LONG POINT QUARRY | TRUCKER | SOLD TO/ | CHARGED TO | DELIVER TO | MATERIAL | GROSS | 15 + | TARE | NET | 06738 | RECEIVED BY | WHITE CUSTOMER COPY | CANARY TRUCKER'S COPY | PINK OFFICE COPY
2026-07-24 18:07:31,120 | INFO | office_ticket_backend.ocr | google_vision_request_success image=20260724_210716_063258_p7_1_20260724_203844_987876_20260717102354642.jpg avg_conf=0.97 ticket_id=06738 date= sold_to= plate= trucker=
2026-07-24 18:07:31,121 | INFO | office_ticket_backend.ocr | ocr_extract_provider_selected image=E:\Projects\Nova Construction Ticket App\data\uploads\20260724_210716_063258_p7_1_20260724_203844_987876_20260717102354642.jpg provider=google_vision confidence=0.97
2026-07-24 18:07:31,128 | INFO | office_ticket_backend.app | ticket_inserted ticket_id=06738 provider=google_vision confidence=0.97 image=E:\Projects\Nova Construction Ticket App\data\uploads\20260724_210716_063258_p7_1_20260724_203844_987876_20260717102354642.jpg
2026-07-24 18:10:58,238 | INFO | office_ticket_backend.ocr | ocr_extract_start image=E:\Projects\Nova Construction Ticket App\data\uploads\20260724_203844_987876_p1_1_20260717102354642.jpg provider_env=google_vision
2026-07-24 18:10:58,238 | INFO | office_ticket_backend.ocr | google_vision_request_start image=E:\Projects\Nova Construction Ticket App\data\uploads\20260724_203844_987876_p1_1_20260717102354642.jpg
2026-07-24 18:10:59,806 | INFO | office_ticket_backend.ocr | auto_orient_keyword word=NOVA avg_x=0.82 avg_y=0.97 image=20260724_203844_987876_p1_1_20260717102354642.jpg
2026-07-24 18:10:59,806 | INFO | office_ticket_backend.ocr | auto_orient_applied image=20260724_203844_987876_p1_1_20260717102354642.jpg angle=180
2026-07-24 18:11:00,184 | INFO | office_ticket_backend.ocr | auto_orient_resent image=20260724_203844_987876_p1_1_20260717102354642.jpg
2026-07-24 18:11:00,185 | INFO | office_ticket_backend.ocr | google_vision_raw_text image=20260724_203844_987876_p1_1_20260717102354642.jpg chars=322 first_800=DATE | NOVA CONSTRUCTION COMPANY LTD | P.O. Box 1328 | Antigonish, NS | B2G 2L7 | Phone: 902-245-6386 Fax: 902-245-5132 | JOB NO. | SEABROOK QUARRY | 5088 | LICENSE PLATE | TRUCKER | D | SOLD TO/ | CHARGED TO | DELIVER TO | MATERIAL | C | GROSS | TARE | NET | C | ENTERED MAY 3 2025 | 1310 | 26671 | RECEIVED BY | WHITE CUSTOMER COPY | CANARY TRUCKER'S COPY | PINK OFFICE COPY
2026-07-24 18:11:00,193 | INFO | office_ticket_backend.ocr | google_vision_request_success image=20260724_203844_987876_p1_1_20260717102354642.jpg avg_conf=0.96 ticket_id=26671 date=2025-05-03 sold_to= plate= trucker=
2026-07-24 18:11:00,194 | INFO | office_ticket_backend.ocr | ocr_extract_provider_selected image=E:\Projects\Nova Construction Ticket App\data\uploads\20260724_203844_987876_p1_1_20260717102354642.jpg provider=google_vision confidence=0.96
2026-07-24 18:11:00,684 | INFO | office_ticket_backend.ocr | ocr_extract_start image=E:\Projects\Nova Construction Ticket App\data\uploads\20260724_203844_987876_p2_1_20260717102354642.jpg provider_env=google_vision
2026-07-24 18:11:00,684 | INFO | office_ticket_backend.ocr | google_vision_request_start image=E:\Projects\Nova Construction Ticket App\data\uploads\20260724_203844_987876_p2_1_20260717102354642.jpg
2026-07-24 18:11:02,256 | INFO | office_ticket_backend.ocr | auto_orient_keyword word=NOVA avg_x=0.80 avg_y=0.98 image=20260724_203844_987876_p2_1_20260717102354642.jpg
2026-07-24 18:11:02,256 | INFO | office_ticket_backend.ocr | auto_orient_applied image=20260724_203844_987876_p2_1_20260717102354642.jpg angle=180
2026-07-24 18:11:02,663 | INFO | office_ticket_backend.ocr | auto_orient_resent image=20260724_203844_987876_p2_1_20260717102354642.jpg
2026-07-24 18:11:02,664 | INFO | office_ticket_backend.ocr | google_vision_raw_text image=20260724_203844_987876_p2_1_20260717102354642.jpg chars=381 first_800=DATE | NOVA CONSTRUCTION COMPANY LTD | P.O. Box 1328 | Antigonish, NS | B2G 2L7 | Phone: 902-245-6386 Fax: 902-245-5132 | Apri/16/26 JOB NO. 2412602 | LICENSE PLATE | TRUCKER | SOLD TO/ | DESMOND QUARRY | 58505 | Seremy Wood Blaint. | CHARGED TO Municipal Windmill | DELIVER TO | Weavers Mat | MATERIAL | GROSS | 34900 | TARE | 20610 | NET | 0561 | 14290 | RECEIVED BY | WHITE CUSTOMER COPY | - | CANARY TRUCKER'S COPY | PINK-OFFICE COPY
2026-07-24 18:11:02,674 | INFO | office_ticket_backend.ocr | google_vision_request_success image=20260724_203844_987876_p2_1_20260717102354642.jpg avg_conf=0.91 ticket_id=241260 date=2016-04-01 sold_to=Wood Blaint plate= trucker=Seremy Wood
2026-07-24 18:11:02,675 | INFO | office_ticket_backend.ocr | ocr_extract_provider_selected image=E:\Projects\Nova Construction Ticket App\data\uploads\20260724_203844_987876_p2_1_20260717102354642.jpg provider=google_vision confidence=0.91
2026-07-24 18:11:03,170 | INFO | office_ticket_backend.ocr | ocr_extract_start image=E:\Projects\Nova Construction Ticket App\data\uploads\20260724_203844_987876_p3_1_20260717102354642.jpg provider_env=google_vision
2026-07-24 18:11:03,170 | INFO | office_ticket_backend.ocr | google_vision_request_start image=E:\Projects\Nova Construction Ticket App\data\uploads\20260724_203844_987876_p3_1_20260717102354642.jpg
2026-07-24 18:11:04,802 | INFO | office_ticket_backend.ocr | auto_orient_keyword word=NOVA avg_x=0.80 avg_y=0.97 image=20260724_203844_987876_p3_1_20260717102354642.jpg
2026-07-24 18:11:04,802 | INFO | office_ticket_backend.ocr | auto_orient_applied image=20260724_203844_987876_p3_1_20260717102354642.jpg angle=180
2026-07-24 18:11:05,215 | INFO | office_ticket_backend.ocr | auto_orient_resent image=20260724_203844_987876_p3_1_20260717102354642.jpg
2026-07-24 18:11:05,215 | INFO | office_ticket_backend.ocr | google_vision_raw_text image=20260724_203844_987876_p3_1_20260717102354642.jpg chars=376 first_800=DATE | NOVA CONSTRUCTION COMPANY LTD | LICENSE PLATE | TRUCKER | SOLD TO/ | CHARGED TO | DELIVER TO | MATERIAL | GROSS | TARE | NET | P.O. Box 1328 | Antigonish, NS | B2G 2L7 | Phone: 902-245-6386 Fax: 902-245-5132 | 19/26 | JOB NO. | LONG POINT QUARRY | Dohert | herty Lime | Dohorty Lime | Dotorty | Type 1 | 25.350 | 10900 | 14.450 | 07235 | RECEIVED BY | spd | hime spo | - | WHITE CUSTOMER COPY | CANARY TRUCKER'S COPY | PINK-OFFICE COPY
2026-07-24 18:11:05,223 | INFO | office_ticket_backend.ocr | google_vision_request_success image=20260724_203844_987876_p3_1_20260717102354642.jpg avg_conf=0.93 ticket_id=07235 date= sold_to=spd plate= trucker=Dohert
2026-07-24 18:11:05,223 | INFO | office_ticket_backend.ocr | ocr_extract_provider_selected image=E:\Projects\Nova Construction Ticket App\data\uploads\20260724_203844_987876_p3_1_20260717102354642.jpg provider=google_vision confidence=0.93
2026-07-24 18:11:05,662 | INFO | office_ticket_backend.ocr | ocr_extract_start image=E:\Projects\Nova Construction Ticket App\data\uploads\20260724_203844_987876_p4_1_20260717102354642.jpg provider_env=google_vision
2026-07-24 18:11:05,663 | INFO | office_ticket_backend.ocr | google_vision_request_start image=E:\Projects\Nova Construction Ticket App\data\uploads\20260724_203844_987876_p4_1_20260717102354642.jpg
2026-07-24 18:11:07,301 | INFO | office_ticket_backend.ocr | auto_orient_keyword word=NOVA avg_x=0.81 avg_y=0.97 image=20260724_203844_987876_p4_1_20260717102354642.jpg
2026-07-24 18:11:07,302 | INFO | office_ticket_backend.ocr | auto_orient_applied image=20260724_203844_987876_p4_1_20260717102354642.jpg angle=180
2026-07-24 18:11:07,720 | INFO | office_ticket_backend.ocr | auto_orient_resent image=20260724_203844_987876_p4_1_20260717102354642.jpg
2026-07-24 18:11:07,720 | INFO | office_ticket_backend.ocr | google_vision_raw_text image=20260724_203844_987876_p4_1_20260717102354642.jpg chars=344 first_800=DATE | NOVA CONSTRUCTION COMPANY LTD | P.O. Box 1328 | Antigonish, NS | B2G 2L7 | Phone: 902-245-6386 Fax: 902-245-5132 | E May 8 2026 | LICENSE PLATE | JOB NO. | LONG POINT QUARRY | TRUCKER | SOLD TO/ | CHARGED TO | DELIVER TO | Chipman Trucking | MATERIAL | GROSS | TARE | NET | 07131 | 14 | COO | Tonne | RECEIVED BY | WHITE CUSTOMER COPY | •Mott Lloyd | CANARY TRUCKER'S COPY | PINK-OFFICE COPY
2026-07-24 18:11:07,727 | INFO | office_ticket_backend.ocr | google_vision_request_success image=20260724_203844_987876_p4_1_20260717102354642.jpg avg_conf=0.91 ticket_id=07131 date=2026-05-08 sold_to=Chipman Trucking plate= trucker=
2026-07-24 18:11:07,728 | INFO | office_ticket_backend.ocr | ocr_extract_provider_selected image=E:\Projects\Nova Construction Ticket App\data\uploads\20260724_203844_987876_p4_1_20260717102354642.jpg provider=google_vision confidence=0.91
2026-07-24 18:11:08,175 | INFO | office_ticket_backend.ocr | ocr_extract_start image=E:\Projects\Nova Construction Ticket App\data\uploads\20260724_203844_987876_p5_1_20260717102354642.jpg provider_env=google_vision
2026-07-24 18:11:08,175 | INFO | office_ticket_backend.ocr | google_vision_request_start image=E:\Projects\Nova Construction Ticket App\data\uploads\20260724_203844_987876_p5_1_20260717102354642.jpg
2026-07-24 18:11:09,827 | INFO | office_ticket_backend.ocr | auto_orient_keyword word=NOVA avg_x=0.80 avg_y=0.97 image=20260724_203844_987876_p5_1_20260717102354642.jpg
2026-07-24 18:11:09,827 | INFO | office_ticket_backend.ocr | auto_orient_applied image=20260724_203844_987876_p5_1_20260717102354642.jpg angle=180
2026-07-24 18:11:10,273 | INFO | office_ticket_backend.ocr | auto_orient_resent image=20260724_203844_987876_p5_1_20260717102354642.jpg
2026-07-24 18:11:10,274 | INFO | office_ticket_backend.ocr | google_vision_raw_text image=20260724_203844_987876_p5_1_20260717102354642.jpg chars=340 first_800=NOVA CONSTRUCTION COMPANY LTD | P.O. Box 1328 | Antigonish, NS | B2G 2L7 | Phone: 902-245-6386 Fax: 902-245-5132 | DATE May 11/26 | JOB NO. | LONG POINT QUARRY | LICENSE PLATE | TRUCKER | SOLD TO/ | CHARGED TO Potterty Lime HD | DELIVER TO | MATERIAL Serge | GROSS 26000 | TARE 1680 | NET 4320 | 07162 | WHITE CUSTOMER COPY | RECEIVED BY | - | CANARY TRUCKER'S COPY | PINK-OFFICE COPY
2026-07-24 18:11:10,281 | INFO | office_ticket_backend.ocr | google_vision_request_success image=20260724_203844_987876_p5_1_20260717102354642.jpg avg_conf=0.94 ticket_id=07162 date=2026-05-11 sold_to=Potterty Lime HD plate= trucker=
2026-07-24 18:11:10,282 | INFO | office_ticket_backend.ocr | ocr_extract_provider_selected image=E:\Projects\Nova Construction Ticket App\data\uploads\20260724_203844_987876_p5_1_20260717102354642.jpg provider=google_vision confidence=0.94
2026-07-24 18:11:10,716 | INFO | office_ticket_backend.ocr | ocr_extract_start image=E:\Projects\Nova Construction Ticket App\data\uploads\20260724_203844_987876_p6_1_20260717102354642.jpg provider_env=google_vision
2026-07-24 18:11:10,717 | INFO | office_ticket_backend.ocr | google_vision_request_start image=E:\Projects\Nova Construction Ticket App\data\uploads\20260724_203844_987876_p6_1_20260717102354642.jpg
2026-07-24 18:11:12,352 | INFO | office_ticket_backend.ocr | auto_orient_keyword word=NOVA avg_x=0.81 avg_y=0.97 image=20260724_203844_987876_p6_1_20260717102354642.jpg
2026-07-24 18:11:12,352 | INFO | office_ticket_backend.ocr | auto_orient_applied image=20260724_203844_987876_p6_1_20260717102354642.jpg angle=180
2026-07-24 18:11:12,739 | INFO | office_ticket_backend.ocr | auto_orient_resent image=20260724_203844_987876_p6_1_20260717102354642.jpg
2026-07-24 18:11:12,739 | INFO | office_ticket_backend.ocr | google_vision_raw_text image=20260724_203844_987876_p6_1_20260717102354642.jpg chars=318 first_800=NOVA CONSTRUCTION COMPANY LTD | P.O. Box 1328 | Antigonish, NS | B2G 2L7 | Phone: 902-245-6386 Fax: 902-245-5132 | DATE TI | June | 26 | JOB NO. | LICENSE PLATE | LONG POINT QUARRY | TRUCKER | SOLD TO/ | CHARGED TO RD | DELIVER TO | MATERIAL | GROSS | TARE | NET | Back Rack | 15 T | 00534 | WHITE CUSTOMER COPY | RECEIVED BY | CANARY TRUCKER'S COPY | PINK-OFFICE COPY
2026-07-24 18:11:12,746 | INFO | office_ticket_backend.ocr | google_vision_request_success image=20260724_203844_987876_p6_1_20260717102354642.jpg avg_conf=0.93 ticket_id=00534 date=2026-06-26 sold_to=RD plate= trucker=
2026-07-24 18:11:12,746 | INFO | office_ticket_backend.ocr | ocr_extract_provider_selected image=E:\Projects\Nova Construction Ticket App\data\uploads\20260724_203844_987876_p6_1_20260717102354642.jpg provider=google_vision confidence=0.93
2026-07-24 18:11:13,224 | INFO | office_ticket_backend.ocr | ocr_extract_start image=E:\Projects\Nova Construction Ticket App\data\uploads\20260724_203844_987876_p7_1_20260717102354642.jpg provider_env=google_vision
2026-07-24 18:11:13,224 | INFO | office_ticket_backend.ocr | google_vision_request_start image=E:\Projects\Nova Construction Ticket App\data\uploads\20260724_203844_987876_p7_1_20260717102354642.jpg
2026-07-24 18:11:14,859 | INFO | office_ticket_backend.ocr | auto_orient_keyword word=NOVA avg_x=0.80 avg_y=0.97 image=20260724_203844_987876_p7_1_20260717102354642.jpg
2026-07-24 18:11:14,859 | INFO | office_ticket_backend.ocr | auto_orient_applied image=20260724_203844_987876_p7_1_20260717102354642.jpg angle=180
2026-07-24 18:11:15,238 | INFO | office_ticket_backend.ocr | auto_orient_resent image=20260724_203844_987876_p7_1_20260717102354642.jpg
2026-07-24 18:11:15,238 | INFO | office_ticket_backend.ocr | google_vision_raw_text image=20260724_203844_987876_p7_1_20260717102354642.jpg chars=295 first_800=DATE | NOVA CONSTRUCTION COMPANY LT | P.O. Box 1328 | Antigonish, NS | B2G 2L7 | Phone: 902-245-6386 Fax: 902-245-5132 | • | JOB NO. | LICENSE PLATE | LONG POINT QUARRY | TRUCKER | SOLD TO/ | CHARGED TO | DELIVER TO | MATERIAL | V | GROSS | 15 | TARE | NET | 06738 | RECEIVED BY | WHITE CUSTOMER COPY | CANARY TRUCKER'S COPY | PINK OFFICE COPY
2026-07-24 18:11:15,245 | INFO | office_ticket_backend.ocr | google_vision_request_success image=20260724_203844_987876_p7_1_20260717102354642.jpg avg_conf=0.97 ticket_id=06738 date= sold_to= plate= trucker=
2026-07-24 18:11:15,246 | INFO | office_ticket_backend.ocr | ocr_extract_provider_selected image=E:\Projects\Nova Construction Ticket App\data\uploads\20260724_203844_987876_p7_1_20260717102354642.jpg provider=google_vision confidence=0.97
2026-07-24 18:11:15,710 | INFO | office_ticket_backend.ocr | ocr_extract_start image=E:\Projects\Nova Construction Ticket App\data\uploads\20260724_204127_723968_20260724_203844_987876_p1_1_20260717102354642.jpg provider_env=google_vision
2026-07-24 18:11:15,711 | INFO | office_ticket_backend.ocr | google_vision_request_start image=E:\Projects\Nova Construction Ticket App\data\uploads\20260724_204127_723968_20260724_203844_987876_p1_1_20260717102354642.jpg
2026-07-24 18:11:17,290 | INFO | office_ticket_backend.ocr | auto_orient_keyword word=NOVA avg_x=0.82 avg_y=0.97 image=20260724_204127_723968_20260724_203844_987876_p1_1_20260717102354642.jpg
2026-07-24 18:11:17,290 | INFO | office_ticket_backend.ocr | auto_orient_applied image=20260724_204127_723968_20260724_203844_987876_p1_1_20260717102354642.jpg angle=180
2026-07-24 18:11:17,685 | INFO | office_ticket_backend.ocr | auto_orient_resent image=20260724_204127_723968_20260724_203844_987876_p1_1_20260717102354642.jpg
2026-07-24 18:11:17,685 | INFO | office_ticket_backend.ocr | google_vision_raw_text image=20260724_204127_723968_20260724_203844_987876_p1_1_20260717102354642.jpg chars=322 first_800=DATE | NOVA CONSTRUCTION COMPANY LTD | P.O. Box 1328 | Antigonish, NS | B2G 2L7 | Phone: 902-245-6386 Fax: 902-245-5132 | JOB NO. | SEABROOK QUARRY | 5088 | LICENSE PLATE | TRUCKER | D | SOLD TO/ | CHARGED TO | DELIVER TO | MATERIAL | C | GROSS | TARE | NET | C | ENTERED MAY 3 2025 | 1310 | 26671 | RECEIVED BY | WHITE CUSTOMER COPY | CANARY TRUCKER'S COPY | PINK OFFICE COPY
2026-07-24 18:11:17,692 | INFO | office_ticket_backend.ocr | google_vision_request_success image=20260724_204127_723968_20260724_203844_987876_p1_1_20260717102354642.jpg avg_conf=0.96 ticket_id=26671 date=2025-05-03 sold_to= plate= trucker=
2026-07-24 18:11:17,693 | INFO | office_ticket_backend.ocr | ocr_extract_provider_selected image=E:\Projects\Nova Construction Ticket App\data\uploads\20260724_204127_723968_20260724_203844_987876_p1_1_20260717102354642.jpg provider=google_vision confidence=0.96
2026-07-24 18:11:18,082 | INFO | office_ticket_backend.ocr | ocr_extract_start image=E:\Projects\Nova Construction Ticket App\data\uploads\20260724_204456_431795_p1_1_20260724_203844_987876_20260717102354642.jpg provider_env=google_vision
2026-07-24 18:11:18,082 | INFO | office_ticket_backend.ocr | google_vision_request_start image=E:\Projects\Nova Construction Ticket App\data\uploads\20260724_204456_431795_p1_1_20260724_203844_987876_20260717102354642.jpg
2026-07-24 18:11:19,636 | INFO | office_ticket_backend.ocr | auto_orient_keyword word=NOVA avg_x=0.18 avg_y=0.03 image=20260724_204456_431795_p1_1_20260724_203844_987876_20260717102354642.jpg
2026-07-24 18:11:19,637 | INFO | office_ticket_backend.ocr | google_vision_raw_text image=20260724_204456_431795_p1_1_20260724_203844_987876_20260717102354642.jpg chars=322 first_800=DATE | NOVA CONSTRUCTION COMPANY LTD | P.O. Box 1328 | Antigonish, NS | B2G 2L7 | Phone: 902-245-6386 Fax: 902-245-5132 | JOB NO. | SEABROOK QUARRY | 5088 | LICENSE PLATE | TRUCKER | D | SOLD TO/ | CHARGED TO | DELIVER TO | MATERIAL | C | GROSS | TARE | NET | C | ENTERED MAY 3 2025 | 1310 | 26671 | RECEIVED BY | WHITE CUSTOMER COPY | CANARY TRUCKER'S COPY | PINK OFFICE COPY
2026-07-24 18:11:19,644 | INFO | office_ticket_backend.ocr | google_vision_request_success image=20260724_204456_431795_p1_1_20260724_203844_987876_20260717102354642.jpg avg_conf=0.96 ticket_id=26671 date=2025-05-03 sold_to= plate= trucker=
2026-07-24 18:11:19,644 | INFO | office_ticket_backend.ocr | ocr_extract_provider_selected image=E:\Projects\Nova Construction Ticket App\data\uploads\20260724_204456_431795_p1_1_20260724_203844_987876_20260717102354642.jpg provider=google_vision confidence=0.96
2026-07-24 18:11:20,047 | INFO | office_ticket_backend.ocr | ocr_extract_start image=E:\Projects\Nova Construction Ticket App\data\uploads\20260724_204456_431795_p2_1_20260724_203844_987876_20260717102354642.jpg provider_env=google_vision
2026-07-24 18:11:20,048 | INFO | office_ticket_backend.ocr | google_vision_request_start image=E:\Projects\Nova Construction Ticket App\data\uploads\20260724_204456_431795_p2_1_20260724_203844_987876_20260717102354642.jpg
2026-07-24 18:11:21,725 | INFO | office_ticket_backend.ocr | auto_orient_keyword word=NOVA avg_x=0.20 avg_y=0.02 image=20260724_204456_431795_p2_1_20260724_203844_987876_20260717102354642.jpg
2026-07-24 18:11:21,726 | INFO | office_ticket_backend.ocr | google_vision_raw_text image=20260724_204456_431795_p2_1_20260724_203844_987876_20260717102354642.jpg chars=381 first_800=DATE | NOVA CONSTRUCTION COMPANY LTD | P.O. Box 1328 | Antigonish, NS | B2G 2L7 | Phone: 902-245-6386 Fax: 902-245-5132 | Apri/16/26 JOB NO. 2412602 | LICENSE PLATE | TRUCKER | SOLD TO/ | DESMOND QUARRY | 58505 | Seremy Wood Blaint. | CHARGED TO Municipal Windmill | DELIVER TO | Weavers Mat | MATERIAL | GROSS | 34900 | TARE | 20610 | NET | 0561 | 14290 | RECEIVED BY | WHITE CUSTOMER COPY | - | CANARY TRUCKER'S COPY | PINK-OFFICE COPY
2026-07-24 18:11:21,734 | INFO | office_ticket_backend.ocr | google_vision_request_success image=20260724_204456_431795_p2_1_20260724_203844_987876_20260717102354642.jpg avg_conf=0.91 ticket_id=241260 date=2016-04-01 sold_to=Wood Blaint plate= trucker=Seremy Wood
2026-07-24 18:11:21,734 | INFO | office_ticket_backend.ocr | ocr_extract_provider_selected image=E:\Projects\Nova Construction Ticket App\data\uploads\20260724_204456_431795_p2_1_20260724_203844_987876_20260717102354642.jpg provider=google_vision confidence=0.91
2026-07-24 18:11:22,127 | INFO | office_ticket_backend.ocr | ocr_extract_start image=E:\Projects\Nova Construction Ticket App\data\uploads\20260724_204456_431795_p3_1_20260724_203844_987876_20260717102354642.jpg provider_env=google_vision
2026-07-24 18:11:22,127 | INFO | office_ticket_backend.ocr | google_vision_request_start image=E:\Projects\Nova Construction Ticket App\data\uploads\20260724_204456_431795_p3_1_20260724_203844_987876_20260717102354642.jpg
2026-07-24 18:11:23,848 | INFO | office_ticket_backend.ocr | auto_orient_keyword word=NOVA avg_x=0.20 avg_y=0.03 image=20260724_204456_431795_p3_1_20260724_203844_987876_20260717102354642.jpg
2026-07-24 18:11:23,849 | INFO | office_ticket_backend.ocr | google_vision_raw_text image=20260724_204456_431795_p3_1_20260724_203844_987876_20260717102354642.jpg chars=376 first_800=DATE | NOVA CONSTRUCTION COMPANY LTD | LICENSE PLATE | TRUCKER | SOLD TO/ | CHARGED TO | DELIVER TO | MATERIAL | GROSS | TARE | NET | P.O. Box 1328 | Antigonish, NS | B2G 2L7 | Phone: 902-245-6386 Fax: 902-245-5132 | 19/26 | JOB NO. | LONG POINT QUARRY | Dohert | herty Lime | Dohorty Lime | Dotorty | Type 1 | 25.350 | 10900 | 14.450 | 07235 | RECEIVED BY | spd | hime spo | - | WHITE CUSTOMER COPY | CANARY TRUCKER'S COPY | PINK-OFFICE COPY
2026-07-24 18:11:23,857 | INFO | office_ticket_backend.ocr | google_vision_request_success image=20260724_204456_431795_p3_1_20260724_203844_987876_20260717102354642.jpg avg_conf=0.93 ticket_id=07235 date= sold_to=spd plate= trucker=Dohert
2026-07-24 18:11:23,857 | INFO | office_ticket_backend.ocr | ocr_extract_provider_selected image=E:\Projects\Nova Construction Ticket App\data\uploads\20260724_204456_431795_p3_1_20260724_203844_987876_20260717102354642.jpg provider=google_vision confidence=0.93
2026-07-24 18:11:24,265 | INFO | office_ticket_backend.ocr | ocr_extract_start image=E:\Projects\Nova Construction Ticket App\data\uploads\20260724_204456_431795_p4_1_20260724_203844_987876_20260717102354642.jpg provider_env=google_vision
2026-07-24 18:11:24,265 | INFO | office_ticket_backend.ocr | google_vision_request_start image=E:\Projects\Nova Construction Ticket App\data\uploads\20260724_204456_431795_p4_1_20260724_203844_987876_20260717102354642.jpg
2026-07-24 18:11:25,846 | INFO | office_ticket_backend.ocr | auto_orient_keyword word=NOVA avg_x=0.19 avg_y=0.03 image=20260724_204456_431795_p4_1_20260724_203844_987876_20260717102354642.jpg
2026-07-24 18:11:25,847 | INFO | office_ticket_backend.ocr | google_vision_raw_text image=20260724_204456_431795_p4_1_20260724_203844_987876_20260717102354642.jpg chars=344 first_800=DATE | NOVA CONSTRUCTION COMPANY LTD | P.O. Box 1328 | Antigonish, NS | B2G 2L7 | Phone: 902-245-6386 Fax: 902-245-5132 | E May 8 2026 | LICENSE PLATE | JOB NO. | LONG POINT QUARRY | TRUCKER | SOLD TO/ | CHARGED TO | DELIVER TO | Chipman Trucking | MATERIAL | GROSS | TARE | NET | 07131 | 14 | COO | Tonne | RECEIVED BY | WHITE CUSTOMER COPY | •Mott Lloyd | CANARY TRUCKER'S COPY | PINK-OFFICE COPY
2026-07-24 18:11:25,855 | INFO | office_ticket_backend.ocr | google_vision_request_success image=20260724_204456_431795_p4_1_20260724_203844_987876_20260717102354642.jpg avg_conf=0.91 ticket_id=07131 date=2026-05-08 sold_to=Chipman Trucking plate= trucker=
2026-07-24 18:11:25,855 | INFO | office_ticket_backend.ocr | ocr_extract_provider_selected image=E:\Projects\Nova Construction Ticket App\data\uploads\20260724_204456_431795_p4_1_20260724_203844_987876_20260717102354642.jpg provider=google_vision confidence=0.91
2026-07-24 18:11:26,230 | INFO | office_ticket_backend.ocr | ocr_extract_start image=E:\Projects\Nova Construction Ticket App\data\uploads\20260724_204456_431795_p5_1_20260724_203844_987876_20260717102354642.jpg provider_env=google_vision
2026-07-24 18:11:26,230 | INFO | office_ticket_backend.ocr | google_vision_request_start image=E:\Projects\Nova Construction Ticket App\data\uploads\20260724_204456_431795_p5_1_20260724_203844_987876_20260717102354642.jpg
2026-07-24 18:11:27,794 | INFO | office_ticket_backend.ocr | auto_orient_keyword word=NOVA avg_x=0.19 avg_y=0.03 image=20260724_204456_431795_p5_1_20260724_203844_987876_20260717102354642.jpg
2026-07-24 18:11:27,795 | INFO | office_ticket_backend.ocr | google_vision_raw_text image=20260724_204456_431795_p5_1_20260724_203844_987876_20260717102354642.jpg chars=340 first_800=NOVA CONSTRUCTION COMPANY LTD | P.O. Box 1328 | Antigonish, NS | B2G 2L7 | Phone: 902-245-6386 Fax: 902-245-5132 | DATE May 11/26 | JOB NO. | LONG POINT QUARRY | LICENSE PLATE | TRUCKER | SOLD TO/ | CHARGED TO Potterty Lime HD | DELIVER TO | MATERIAL Serge | GROSS 26000 | TARE 1680 | NET 4320 | 07162 | WHITE CUSTOMER COPY | RECEIVED BY | - | CANARY TRUCKER'S COPY | PINK-OFFICE COPY
2026-07-24 18:11:27,802 | INFO | office_ticket_backend.ocr | google_vision_request_success image=20260724_204456_431795_p5_1_20260724_203844_987876_20260717102354642.jpg avg_conf=0.94 ticket_id=07162 date=2026-05-11 sold_to=Potterty Lime HD plate= trucker=
2026-07-24 18:11:27,802 | INFO | office_ticket_backend.ocr | ocr_extract_provider_selected image=E:\Projects\Nova Construction Ticket App\data\uploads\20260724_204456_431795_p5_1_20260724_203844_987876_20260717102354642.jpg provider=google_vision confidence=0.94
2026-07-24 18:11:28,211 | INFO | office_ticket_backend.ocr | ocr_extract_start image=E:\Projects\Nova Construction Ticket App\data\uploads\20260724_204456_431795_p6_1_20260724_203844_987876_20260717102354642.jpg provider_env=google_vision
2026-07-24 18:11:28,211 | INFO | office_ticket_backend.ocr | google_vision_request_start image=E:\Projects\Nova Construction Ticket App\data\uploads\20260724_204456_431795_p6_1_20260724_203844_987876_20260717102354642.jpg
2026-07-24 18:11:29,787 | INFO | office_ticket_backend.ocr | auto_orient_keyword word=NOVA avg_x=0.19 avg_y=0.03 image=20260724_204456_431795_p6_1_20260724_203844_987876_20260717102354642.jpg
2026-07-24 18:11:29,788 | INFO | office_ticket_backend.ocr | google_vision_raw_text image=20260724_204456_431795_p6_1_20260724_203844_987876_20260717102354642.jpg chars=318 first_800=NOVA CONSTRUCTION COMPANY LTD | P.O. Box 1328 | Antigonish, NS | B2G 2L7 | Phone: 902-245-6386 Fax: 902-245-5132 | DATE TI | June | 26 | JOB NO. | LICENSE PLATE | LONG POINT QUARRY | TRUCKER | SOLD TO/ | CHARGED TO RD | DELIVER TO | MATERIAL | GROSS | TARE | NET | Back Rack | 15 T | 00534 | WHITE CUSTOMER COPY | RECEIVED BY | CANARY TRUCKER'S COPY | PINK-OFFICE COPY
2026-07-24 18:11:29,795 | INFO | office_ticket_backend.ocr | google_vision_request_success image=20260724_204456_431795_p6_1_20260724_203844_987876_20260717102354642.jpg avg_conf=0.93 ticket_id=00534 date=2026-06-26 sold_to=RD plate= trucker=
2026-07-24 18:11:29,795 | INFO | office_ticket_backend.ocr | ocr_extract_provider_selected image=E:\Projects\Nova Construction Ticket App\data\uploads\20260724_204456_431795_p6_1_20260724_203844_987876_20260717102354642.jpg provider=google_vision confidence=0.93
2026-07-24 18:11:30,165 | INFO | office_ticket_backend.ocr | ocr_extract_start image=E:\Projects\Nova Construction Ticket App\data\uploads\20260724_204456_431795_p7_1_20260724_203844_987876_20260717102354642.jpg provider_env=google_vision
2026-07-24 18:11:30,165 | INFO | office_ticket_backend.ocr | google_vision_request_start image=E:\Projects\Nova Construction Ticket App\data\uploads\20260724_204456_431795_p7_1_20260724_203844_987876_20260717102354642.jpg
2026-07-24 18:11:31,808 | INFO | office_ticket_backend.ocr | auto_orient_keyword word=NOVA avg_x=0.20 avg_y=0.03 image=20260724_204456_431795_p7_1_20260724_203844_987876_20260717102354642.jpg
2026-07-24 18:11:31,809 | INFO | office_ticket_backend.ocr | google_vision_raw_text image=20260724_204456_431795_p7_1_20260724_203844_987876_20260717102354642.jpg chars=295 first_800=DATE | NOVA CONSTRUCTION COMPANY LT | P.O. Box 1328 | Antigonish, NS | B2G 2L7 | • | Phone: 902-245-6386 Fax: 902-245-5132 | JOB NO. | LICENSE PLATE | LONG POINT QUARRY | TRUCKER | SOLD TO/ | CHARGED TO | DELIVER TO | MATERIAL | V | GROSS | 15 | TARE | NET | 06738 | RECEIVED BY | WHITE CUSTOMER COPY | CANARY TRUCKER'S COPY | PINK OFFICE COPY
2026-07-24 18:11:31,816 | INFO | office_ticket_backend.ocr | google_vision_request_success image=20260724_204456_431795_p7_1_20260724_203844_987876_20260717102354642.jpg avg_conf=0.97 ticket_id=06738 date= sold_to= plate= trucker=
2026-07-24 18:11:31,817 | INFO | office_ticket_backend.ocr | ocr_extract_provider_selected image=E:\Projects\Nova Construction Ticket App\data\uploads\20260724_204456_431795_p7_1_20260724_203844_987876_20260717102354642.jpg provider=google_vision confidence=0.97
2026-07-24 18:11:32,242 | INFO | office_ticket_backend.ocr | ocr_extract_start image=E:\Projects\Nova Construction Ticket App\data\uploads\20260724_204954_494242_p1_1_20260724_203844_987876_20260717102354642.jpg provider_env=google_vision
2026-07-24 18:11:32,242 | INFO | office_ticket_backend.ocr | google_vision_request_start image=E:\Projects\Nova Construction Ticket App\data\uploads\20260724_204954_494242_p1_1_20260724_203844_987876_20260717102354642.jpg
2026-07-24 18:11:33,814 | INFO | office_ticket_backend.ocr | auto_orient_keyword word=NOVA avg_x=0.18 avg_y=0.03 image=20260724_204954_494242_p1_1_20260724_203844_987876_20260717102354642.jpg
2026-07-24 18:11:33,815 | INFO | office_ticket_backend.ocr | google_vision_raw_text image=20260724_204954_494242_p1_1_20260724_203844_987876_20260717102354642.jpg chars=322 first_800=DATE | NOVA CONSTRUCTION COMPANY LTD | P.O. Box 1328 | Antigonish, NS | B2G 2L7 | Phone: 902-245-6386 Fax: 902-245-5132 | JOB NO. | SEABROOK QUARRY | 5088 | LICENSE PLATE | TRUCKER | D | SOLD TO/ | CHARGED TO | DELIVER TO | MATERIAL | C | GROSS | TARE | NET | C | ENTERED MAY 3 2025 | 1310 | 26671 | RECEIVED BY | WHITE CUSTOMER COPY | CANARY TRUCKER'S COPY | PINK OFFICE COPY
2026-07-24 18:11:33,822 | INFO | office_ticket_backend.ocr | google_vision_request_success image=20260724_204954_494242_p1_1_20260724_203844_987876_20260717102354642.jpg avg_conf=0.96 ticket_id=26671 date=2025-05-03 sold_to= plate= trucker=
2026-07-24 18:11:33,823 | INFO | office_ticket_backend.ocr | ocr_extract_provider_selected image=E:\Projects\Nova Construction Ticket App\data\uploads\20260724_204954_494242_p1_1_20260724_203844_987876_20260717102354642.jpg provider=google_vision confidence=0.96
2026-07-24 18:11:34,278 | INFO | office_ticket_backend.ocr | ocr_extract_start image=E:\Projects\Nova Construction Ticket App\data\uploads\20260724_204954_494242_p2_1_20260724_203844_987876_20260717102354642.jpg provider_env=google_vision
2026-07-24 18:11:34,279 | INFO | office_ticket_backend.ocr | google_vision_request_start image=E:\Projects\Nova Construction Ticket App\data\uploads\20260724_204954_494242_p2_1_20260724_203844_987876_20260717102354642.jpg
2026-07-24 18:11:35,860 | INFO | office_ticket_backend.ocr | auto_orient_keyword word=NOVA avg_x=0.20 avg_y=0.02 image=20260724_204954_494242_p2_1_20260724_203844_987876_20260717102354642.jpg
2026-07-24 18:11:35,860 | INFO | office_ticket_backend.ocr | google_vision_raw_text image=20260724_204954_494242_p2_1_20260724_203844_987876_20260717102354642.jpg chars=381 first_800=DATE | NOVA CONSTRUCTION COMPANY LTD | P.O. Box 1328 | Antigonish, NS | B2G 2L7 | Phone: 902-245-6386 Fax: 902-245-5132 | Apri/16/26 JOB NO. 2412602 | LICENSE PLATE | TRUCKER | SOLD TO/ | DESMOND QUARRY | 58505 | Seremy Wood Blaint. | CHARGED TO Municipal Windmill | DELIVER TO | Weavers Mat | MATERIAL | GROSS | 34900 | TARE | 20610 | NET | 0561 | 14290 | RECEIVED BY | WHITE CUSTOMER COPY | - | CANARY TRUCKER'S COPY | PINK-OFFICE COPY
2026-07-24 18:11:35,869 | INFO | office_ticket_backend.ocr | google_vision_request_success image=20260724_204954_494242_p2_1_20260724_203844_987876_20260717102354642.jpg avg_conf=0.91 ticket_id=241260 date=2016-04-01 sold_to=Wood Blaint plate= trucker=Seremy Wood
2026-07-24 18:11:35,870 | INFO | office_ticket_backend.ocr | ocr_extract_provider_selected image=E:\Projects\Nova Construction Ticket App\data\uploads\20260724_204954_494242_p2_1_20260724_203844_987876_20260717102354642.jpg provider=google_vision confidence=0.91
2026-07-24 18:11:36,271 | INFO | office_ticket_backend.ocr | ocr_extract_start image=E:\Projects\Nova Construction Ticket App\data\uploads\20260724_204954_494242_p3_1_20260724_203844_987876_20260717102354642.jpg provider_env=google_vision
2026-07-24 18:11:36,272 | INFO | office_ticket_backend.ocr | google_vision_request_start image=E:\Projects\Nova Construction Ticket App\data\uploads\20260724_204954_494242_p3_1_20260724_203844_987876_20260717102354642.jpg
2026-07-24 18:11:37,833 | INFO | office_ticket_backend.ocr | auto_orient_keyword word=NOVA avg_x=0.20 avg_y=0.03 image=20260724_204954_494242_p3_1_20260724_203844_987876_20260717102354642.jpg
2026-07-24 18:11:37,834 | INFO | office_ticket_backend.ocr | google_vision_raw_text image=20260724_204954_494242_p3_1_20260724_203844_987876_20260717102354642.jpg chars=376 first_800=DATE | NOVA CONSTRUCTION COMPANY LTD | LICENSE PLATE | TRUCKER | SOLD TO/ | CHARGED TO | DELIVER TO | MATERIAL | GROSS | TARE | NET | P.O. Box 1328 | Antigonish, NS | B2G 2L7 | Phone: 902-245-6386 Fax: 902-245-5132 | 19/26 | JOB NO. | LONG POINT QUARRY | Dohert | herty Lime | Dohorty Lime | Dotorty | Type 1 | 25.350 | 10900 | 14.450 | 07235 | RECEIVED BY | spd | hime spo | - | WHITE CUSTOMER COPY | CANARY TRUCKER'S COPY | PINK-OFFICE COPY
2026-07-24 18:11:37,842 | INFO | office_ticket_backend.ocr | google_vision_request_success image=20260724_204954_494242_p3_1_20260724_203844_987876_20260717102354642.jpg avg_conf=0.93 ticket_id=07235 date= sold_to=spd plate= trucker=Dohert
2026-07-24 18:11:37,842 | INFO | office_ticket_backend.ocr | ocr_extract_provider_selected image=E:\Projects\Nova Construction Ticket App\data\uploads\20260724_204954_494242_p3_1_20260724_203844_987876_20260717102354642.jpg provider=google_vision confidence=0.93
2026-07-24 18:11:38,207 | INFO | office_ticket_backend.ocr | ocr_extract_start image=E:\Projects\Nova Construction Ticket App\data\uploads\20260724_204954_494242_p4_1_20260724_203844_987876_20260717102354642.jpg provider_env=google_vision
2026-07-24 18:11:38,207 | INFO | office_ticket_backend.ocr | google_vision_request_start image=E:\Projects\Nova Construction Ticket App\data\uploads\20260724_204954_494242_p4_1_20260724_203844_987876_20260717102354642.jpg
2026-07-24 18:11:39,744 | INFO | office_ticket_backend.ocr | auto_orient_keyword word=NOVA avg_x=0.19 avg_y=0.03 image=20260724_204954_494242_p4_1_20260724_203844_987876_20260717102354642.jpg
2026-07-24 18:11:39,745 | INFO | office_ticket_backend.ocr | google_vision_raw_text image=20260724_204954_494242_p4_1_20260724_203844_987876_20260717102354642.jpg chars=344 first_800=DATE | NOVA CONSTRUCTION COMPANY LTD | P.O. Box 1328 | Antigonish, NS | B2G 2L7 | Phone: 902-245-6386 Fax: 902-245-5132 | E May 8 2026 | LICENSE PLATE | JOB NO. | LONG POINT QUARRY | TRUCKER | SOLD TO/ | CHARGED TO | DELIVER TO | Chipman Trucking | MATERIAL | GROSS | TARE | NET | 07131 | 14 | COO | Tonne | RECEIVED BY | WHITE CUSTOMER COPY | •Mott Lloyd | CANARY TRUCKER'S COPY | PINK-OFFICE COPY
2026-07-24 18:11:39,752 | INFO | office_ticket_backend.ocr | google_vision_request_success image=20260724_204954_494242_p4_1_20260724_203844_987876_20260717102354642.jpg avg_conf=0.91 ticket_id=07131 date=2026-05-08 sold_to=Chipman Trucking plate= trucker=
2026-07-24 18:11:39,752 | INFO | office_ticket_backend.ocr | ocr_extract_provider_selected image=E:\Projects\Nova Construction Ticket App\data\uploads\20260724_204954_494242_p4_1_20260724_203844_987876_20260717102354642.jpg provider=google_vision confidence=0.91
2026-07-24 18:11:40,105 | INFO | office_ticket_backend.ocr | ocr_extract_start image=E:\Projects\Nova Construction Ticket App\data\uploads\20260724_204954_494242_p5_1_20260724_203844_987876_20260717102354642.jpg provider_env=google_vision
2026-07-24 18:11:40,106 | INFO | office_ticket_backend.ocr | google_vision_request_start image=E:\Projects\Nova Construction Ticket App\data\uploads\20260724_204954_494242_p5_1_20260724_203844_987876_20260717102354642.jpg
2026-07-24 18:11:41,707 | INFO | office_ticket_backend.ocr | auto_orient_keyword word=NOVA avg_x=0.19 avg_y=0.03 image=20260724_204954_494242_p5_1_20260724_203844_987876_20260717102354642.jpg
2026-07-24 18:11:41,708 | INFO | office_ticket_backend.ocr | google_vision_raw_text image=20260724_204954_494242_p5_1_20260724_203844_987876_20260717102354642.jpg chars=340 first_800=NOVA CONSTRUCTION COMPANY LTD | P.O. Box 1328 | Antigonish, NS | B2G 2L7 | Phone: 902-245-6386 Fax: 902-245-5132 | DATE May 11/26 | JOB NO. | LONG POINT QUARRY | LICENSE PLATE | TRUCKER | SOLD TO/ | CHARGED TO Potterty Lime HD | DELIVER TO | MATERIAL Serge | GROSS 26000 | TARE 1680 | NET 4320 | 07162 | WHITE CUSTOMER COPY | RECEIVED BY | - | CANARY TRUCKER'S COPY | PINK-OFFICE COPY
2026-07-24 18:11:41,716 | INFO | office_ticket_backend.ocr | google_vision_request_success image=20260724_204954_494242_p5_1_20260724_203844_987876_20260717102354642.jpg avg_conf=0.94 ticket_id=07162 date=2026-05-11 sold_to=Potterty Lime HD plate= trucker=
2026-07-24 18:11:41,716 | INFO | office_ticket_backend.ocr | ocr_extract_provider_selected image=E:\Projects\Nova Construction Ticket App\data\uploads\20260724_204954_494242_p5_1_20260724_203844_987876_20260717102354642.jpg provider=google_vision confidence=0.94
2026-07-24 18:11:42,086 | INFO | office_ticket_backend.ocr | ocr_extract_start image=E:\Projects\Nova Construction Ticket App\data\uploads\20260724_204954_494242_p6_1_20260724_203844_987876_20260717102354642.jpg provider_env=google_vision
2026-07-24 18:11:42,087 | INFO | office_ticket_backend.ocr | google_vision_request_start image=E:\Projects\Nova Construction Ticket App\data\uploads\20260724_204954_494242_p6_1_20260724_203844_987876_20260717102354642.jpg
2026-07-24 18:11:43,650 | INFO | office_ticket_backend.ocr | auto_orient_keyword word=NOVA avg_x=0.19 avg_y=0.03 image=20260724_204954_494242_p6_1_20260724_203844_987876_20260717102354642.jpg
2026-07-24 18:11:43,652 | INFO | office_ticket_backend.ocr | google_vision_raw_text image=20260724_204954_494242_p6_1_20260724_203844_987876_20260717102354642.jpg chars=318 first_800=NOVA CONSTRUCTION COMPANY LTD | P.O. Box 1328 | Antigonish, NS | B2G 2L7 | Phone: 902-245-6386 Fax: 902-245-5132 | DATE TI | June | 26 | JOB NO. | LICENSE PLATE | LONG POINT QUARRY | TRUCKER | SOLD TO/ | CHARGED TO RD | DELIVER TO | MATERIAL | GROSS | TARE | NET | Back Rack | 15 T | 00534 | WHITE CUSTOMER COPY | RECEIVED BY | CANARY TRUCKER'S COPY | PINK-OFFICE COPY
2026-07-24 18:11:43,658 | INFO | office_ticket_backend.ocr | google_vision_request_success image=20260724_204954_494242_p6_1_20260724_203844_987876_20260717102354642.jpg avg_conf=0.93 ticket_id=00534 date=2026-06-26 sold_to=RD plate= trucker=
2026-07-24 18:11:43,659 | INFO | office_ticket_backend.ocr | ocr_extract_provider_selected image=E:\Projects\Nova Construction Ticket App\data\uploads\20260724_204954_494242_p6_1_20260724_203844_987876_20260717102354642.jpg provider=google_vision confidence=0.93
2026-07-24 18:11:44,039 | INFO | office_ticket_backend.ocr | ocr_extract_start image=E:\Projects\Nova Construction Ticket App\data\uploads\20260724_204954_494242_p7_1_20260724_203844_987876_20260717102354642.jpg provider_env=google_vision
2026-07-24 18:11:44,039 | INFO | office_ticket_backend.ocr | google_vision_request_start image=E:\Projects\Nova Construction Ticket App\data\uploads\20260724_204954_494242_p7_1_20260724_203844_987876_20260717102354642.jpg
2026-07-24 18:11:45,582 | INFO | office_ticket_backend.ocr | auto_orient_keyword word=NOVA avg_x=0.20 avg_y=0.03 image=20260724_204954_494242_p7_1_20260724_203844_987876_20260717102354642.jpg
2026-07-24 18:11:45,583 | INFO | office_ticket_backend.ocr | google_vision_raw_text image=20260724_204954_494242_p7_1_20260724_203844_987876_20260717102354642.jpg chars=295 first_800=DATE | NOVA CONSTRUCTION COMPANY LT | P.O. Box 1328 | Antigonish, NS | B2G 2L7 | • | Phone: 902-245-6386 Fax: 902-245-5132 | JOB NO. | LICENSE PLATE | LONG POINT QUARRY | TRUCKER | SOLD TO/ | CHARGED TO | DELIVER TO | MATERIAL | V | GROSS | 15 | TARE | NET | 06738 | RECEIVED BY | WHITE CUSTOMER COPY | CANARY TRUCKER'S COPY | PINK OFFICE COPY
2026-07-24 18:11:45,590 | INFO | office_ticket_backend.ocr | google_vision_request_success image=20260724_204954_494242_p7_1_20260724_203844_987876_20260717102354642.jpg avg_conf=0.97 ticket_id=06738 date= sold_to= plate= trucker=
2026-07-24 18:11:45,591 | INFO | office_ticket_backend.ocr | ocr_extract_provider_selected image=E:\Projects\Nova Construction Ticket App\data\uploads\20260724_204954_494242_p7_1_20260724_203844_987876_20260717102354642.jpg provider=google_vision confidence=0.97
2026-07-24 18:11:45,995 | INFO | office_ticket_backend.ocr | ocr_extract_start image=E:\Projects\Nova Construction Ticket App\data\uploads\20260724_210716_063258_p1_1_20260724_203844_987876_20260717102354642.jpg provider_env=google_vision
2026-07-24 18:11:45,995 | INFO | office_ticket_backend.ocr | google_vision_request_start image=E:\Projects\Nova Construction Ticket App\data\uploads\20260724_210716_063258_p1_1_20260724_203844_987876_20260717102354642.jpg
2026-07-24 18:11:47,538 | INFO | office_ticket_backend.ocr | auto_orient_keyword word=NOVA avg_x=0.18 avg_y=0.03 image=20260724_210716_063258_p1_1_20260724_203844_987876_20260717102354642.jpg
2026-07-24 18:11:47,538 | INFO | office_ticket_backend.ocr | google_vision_raw_text image=20260724_210716_063258_p1_1_20260724_203844_987876_20260717102354642.jpg chars=322 first_800=DATE | NOVA CONSTRUCTION COMPANY LTD | P.O. Box 1328 | Antigonish, NS | B2G 2L7 | Phone: 902-245-6386 Fax: 902-245-5132 | JOB NO. | SEABROOK QUARRY | 5088 | LICENSE PLATE | TRUCKER | D | SOLD TO/ | CHARGED TO | DELIVER TO | MATERIAL | C | GROSS | TARE | NET | C | ENTERED MAY 3 2025 | 1310 | 26671 | RECEIVED BY | WHITE CUSTOMER COPY | CANARY TRUCKER'S COPY | PINK OFFICE COPY
2026-07-24 18:11:47,546 | INFO | office_ticket_backend.ocr | google_vision_request_success image=20260724_210716_063258_p1_1_20260724_203844_987876_20260717102354642.jpg avg_conf=0.96 ticket_id=26671 date=2025-05-03 sold_to= plate= trucker=
2026-07-24 18:11:47,546 | INFO | office_ticket_backend.ocr | ocr_extract_provider_selected image=E:\Projects\Nova Construction Ticket App\data\uploads\20260724_210716_063258_p1_1_20260724_203844_987876_20260717102354642.jpg provider=google_vision confidence=0.96
2026-07-24 18:11:47,942 | INFO | office_ticket_backend.ocr | ocr_extract_start image=E:\Projects\Nova Construction Ticket App\data\uploads\20260724_210716_063258_p2_1_20260724_203844_987876_20260717102354642.jpg provider_env=google_vision
2026-07-24 18:11:47,942 | INFO | office_ticket_backend.ocr | google_vision_request_start image=E:\Projects\Nova Construction Ticket App\data\uploads\20260724_210716_063258_p2_1_20260724_203844_987876_20260717102354642.jpg
2026-07-24 18:11:49,540 | INFO | office_ticket_backend.ocr | auto_orient_keyword word=NOVA avg_x=0.20 avg_y=0.02 image=20260724_210716_063258_p2_1_20260724_203844_987876_20260717102354642.jpg
2026-07-24 18:11:49,540 | INFO | office_ticket_backend.ocr | google_vision_raw_text image=20260724_210716_063258_p2_1_20260724_203844_987876_20260717102354642.jpg chars=381 first_800=DATE | NOVA CONSTRUCTION COMPANY LTD | P.O. Box 1328 | Antigonish, NS | B2G 2L7 | Phone: 902-245-6386 Fax: 902-245-5132 | Apri/16/26 JOB NO. 2412602 | LICENSE PLATE | TRUCKER | SOLD TO/ | DESMOND QUARRY | 58505 | Seremy Wood Blaint. | CHARGED TO Municipal Windmill | DELIVER TO | Weavers Mat | MATERIAL | GROSS | 34900 | TARE | 20610 | NET | 0561 | 14290 | RECEIVED BY | WHITE CUSTOMER COPY | - | CANARY TRUCKER'S COPY | PINK-OFFICE COPY
2026-07-24 18:11:49,548 | INFO | office_ticket_backend.ocr | google_vision_request_success image=20260724_210716_063258_p2_1_20260724_203844_987876_20260717102354642.jpg avg_conf=0.91 ticket_id=241260 date=2016-04-01 sold_to=Wood Blaint plate= trucker=Seremy Wood
2026-07-24 18:11:49,549 | INFO | office_ticket_backend.ocr | ocr_extract_provider_selected image=E:\Projects\Nova Construction Ticket App\data\uploads\20260724_210716_063258_p2_1_20260724_203844_987876_20260717102354642.jpg provider=google_vision confidence=0.91
2026-07-24 18:11:49,927 | INFO | office_ticket_backend.ocr | ocr_extract_start image=E:\Projects\Nova Construction Ticket App\data\uploads\20260724_210716_063258_p3_1_20260724_203844_987876_20260717102354642.jpg provider_env=google_vision
2026-07-24 18:11:49,928 | INFO | office_ticket_backend.ocr | google_vision_request_start image=E:\Projects\Nova Construction Ticket App\data\uploads\20260724_210716_063258_p3_1_20260724_203844_987876_20260717102354642.jpg
2026-07-24 18:11:51,473 | INFO | office_ticket_backend.ocr | auto_orient_keyword word=NOVA avg_x=0.20 avg_y=0.03 image=20260724_210716_063258_p3_1_20260724_203844_987876_20260717102354642.jpg
2026-07-24 18:11:51,474 | INFO | office_ticket_backend.ocr | google_vision_raw_text image=20260724_210716_063258_p3_1_20260724_203844_987876_20260717102354642.jpg chars=376 first_800=DATE | NOVA CONSTRUCTION COMPANY LTD | LICENSE PLATE | TRUCKER | SOLD TO/ | CHARGED TO | DELIVER TO | MATERIAL | GROSS | TARE | NET | P.O. Box 1328 | Antigonish, NS | B2G 2L7 | Phone: 902-245-6386 Fax: 902-245-5132 | 19/26 | JOB NO. | LONG POINT QUARRY | Dohert | herty Lime | Dohorty Lime | Dotorty | Type 1 | 25.350 | 10900 | 14.450 | 07235 | RECEIVED BY | spd | hime spo | - | WHITE CUSTOMER COPY | CANARY TRUCKER'S COPY | PINK-OFFICE COPY
2026-07-24 18:11:51,482 | INFO | office_ticket_backend.ocr | google_vision_request_success image=20260724_210716_063258_p3_1_20260724_203844_987876_20260717102354642.jpg avg_conf=0.93 ticket_id=07235 date= sold_to=spd plate= trucker=Dohert
2026-07-24 18:11:51,482 | INFO | office_ticket_backend.ocr | ocr_extract_provider_selected image=E:\Projects\Nova Construction Ticket App\data\uploads\20260724_210716_063258_p3_1_20260724_203844_987876_20260717102354642.jpg provider=google_vision confidence=0.93
2026-07-24 18:11:51,920 | INFO | office_ticket_backend.ocr | ocr_extract_start image=E:\Projects\Nova Construction Ticket App\data\uploads\20260724_210716_063258_p4_1_20260724_203844_987876_20260717102354642.jpg provider_env=google_vision
2026-07-24 18:11:51,922 | INFO | office_ticket_backend.ocr | google_vision_request_start image=E:\Projects\Nova Construction Ticket App\data\uploads\20260724_210716_063258_p4_1_20260724_203844_987876_20260717102354642.jpg
2026-07-24 18:11:53,456 | INFO | office_ticket_backend.ocr | auto_orient_keyword word=NOVA avg_x=0.19 avg_y=0.03 image=20260724_210716_063258_p4_1_20260724_203844_987876_20260717102354642.jpg
2026-07-24 18:11:53,457 | INFO | office_ticket_backend.ocr | google_vision_raw_text image=20260724_210716_063258_p4_1_20260724_203844_987876_20260717102354642.jpg chars=344 first_800=DATE | NOVA CONSTRUCTION COMPANY LTD | P.O. Box 1328 | Antigonish, NS | B2G 2L7 | Phone: 902-245-6386 Fax: 902-245-5132 | E May 8 2026 | LICENSE PLATE | JOB NO. | LONG POINT QUARRY | TRUCKER | SOLD TO/ | CHARGED TO | DELIVER TO | Chipman Trucking | MATERIAL | GROSS | TARE | NET | 07131 | 14 | COO | Tonne | RECEIVED BY | WHITE CUSTOMER COPY | •Mott Lloyd | CANARY TRUCKER'S COPY | PINK-OFFICE COPY
2026-07-24 18:11:53,464 | INFO | office_ticket_backend.ocr | google_vision_request_success image=20260724_210716_063258_p4_1_20260724_203844_987876_20260717102354642.jpg avg_conf=0.91 ticket_id=07131 date=2026-05-08 sold_to=Chipman Trucking plate= trucker=
2026-07-24 18:11:53,465 | INFO | office_ticket_backend.ocr | ocr_extract_provider_selected image=E:\Projects\Nova Construction Ticket App\data\uploads\20260724_210716_063258_p4_1_20260724_203844_987876_20260717102354642.jpg provider=google_vision confidence=0.91
2026-07-24 18:11:53,848 | INFO | office_ticket_backend.ocr | ocr_extract_start image=E:\Projects\Nova Construction Ticket App\data\uploads\20260724_210716_063258_p5_1_20260724_203844_987876_20260717102354642.jpg provider_env=google_vision
2026-07-24 18:11:53,849 | INFO | office_ticket_backend.ocr | google_vision_request_start image=E:\Projects\Nova Construction Ticket App\data\uploads\20260724_210716_063258_p5_1_20260724_203844_987876_20260717102354642.jpg
2026-07-24 18:11:55,340 | INFO | office_ticket_backend.ocr | auto_orient_keyword word=NOVA avg_x=0.19 avg_y=0.03 image=20260724_210716_063258_p5_1_20260724_203844_987876_20260717102354642.jpg
2026-07-24 18:11:55,341 | INFO | office_ticket_backend.ocr | google_vision_raw_text image=20260724_210716_063258_p5_1_20260724_203844_987876_20260717102354642.jpg chars=340 first_800=NOVA CONSTRUCTION COMPANY LTD | P.O. Box 1328 | Antigonish, NS | B2G 2L7 | Phone: 902-245-6386 Fax: 902-245-5132 | DATE May 11/26 | JOB NO. | LONG POINT QUARRY | LICENSE PLATE | TRUCKER | SOLD TO/ | CHARGED TO Potterty Lime HD | DELIVER TO | MATERIAL Serge | GROSS 26000 | TARE 1680 | NET 4320 | 07162 | WHITE CUSTOMER COPY | RECEIVED BY | - | CANARY TRUCKER'S COPY | PINK-OFFICE COPY
2026-07-24 18:11:55,348 | INFO | office_ticket_backend.ocr | google_vision_request_success image=20260724_210716_063258_p5_1_20260724_203844_987876_20260717102354642.jpg avg_conf=0.94 ticket_id=07162 date=2026-05-11 sold_to=Potterty Lime HD plate= trucker=
2026-07-24 18:11:55,348 | INFO | office_ticket_backend.ocr | ocr_extract_provider_selected image=E:\Projects\Nova Construction Ticket App\data\uploads\20260724_210716_063258_p5_1_20260724_203844_987876_20260717102354642.jpg provider=google_vision confidence=0.94
2026-07-24 18:11:55,723 | INFO | office_ticket_backend.ocr | ocr_extract_start image=E:\Projects\Nova Construction Ticket App\data\uploads\20260724_210716_063258_p6_1_20260724_203844_987876_20260717102354642.jpg provider_env=google_vision
2026-07-24 18:11:55,723 | INFO | office_ticket_backend.ocr | google_vision_request_start image=E:\Projects\Nova Construction Ticket App\data\uploads\20260724_210716_063258_p6_1_20260724_203844_987876_20260717102354642.jpg
2026-07-24 18:11:57,366 | INFO | office_ticket_backend.ocr | auto_orient_keyword word=NOVA avg_x=0.19 avg_y=0.03 image=20260724_210716_063258_p6_1_20260724_203844_987876_20260717102354642.jpg
2026-07-24 18:11:57,367 | INFO | office_ticket_backend.ocr | google_vision_raw_text image=20260724_210716_063258_p6_1_20260724_203844_987876_20260717102354642.jpg chars=318 first_800=NOVA CONSTRUCTION COMPANY LTD | P.O. Box 1328 | Antigonish, NS | B2G 2L7 | Phone: 902-245-6386 Fax: 902-245-5132 | DATE TI | June | 26 | JOB NO. | LICENSE PLATE | LONG POINT QUARRY | TRUCKER | SOLD TO/ | CHARGED TO RD | DELIVER TO | MATERIAL | GROSS | TARE | NET | Back Rack | 15 T | 00534 | WHITE CUSTOMER COPY | RECEIVED BY | CANARY TRUCKER'S COPY | PINK-OFFICE COPY
2026-07-24 18:11:57,374 | INFO | office_ticket_backend.ocr | google_vision_request_success image=20260724_210716_063258_p6_1_20260724_203844_987876_20260717102354642.jpg avg_conf=0.93 ticket_id=00534 date=2026-06-26 sold_to=RD plate= trucker=
2026-07-24 18:11:57,375 | INFO | office_ticket_backend.ocr | ocr_extract_provider_selected image=E:\Projects\Nova Construction Ticket App\data\uploads\20260724_210716_063258_p6_1_20260724_203844_987876_20260717102354642.jpg provider=google_vision confidence=0.93
2026-07-24 18:11:57,778 | INFO | office_ticket_backend.ocr | ocr_extract_start image=E:\Projects\Nova Construction Ticket App\data\uploads\20260724_210716_063258_p7_1_20260724_203844_987876_20260717102354642.jpg provider_env=google_vision
2026-07-24 18:11:57,779 | INFO | office_ticket_backend.ocr | google_vision_request_start image=E:\Projects\Nova Construction Ticket App\data\uploads\20260724_210716_063258_p7_1_20260724_203844_987876_20260717102354642.jpg
2026-07-24 18:11:59,349 | INFO | office_ticket_backend.ocr | auto_orient_keyword word=NOVA avg_x=0.20 avg_y=0.03 image=20260724_210716_063258_p7_1_20260724_203844_987876_20260717102354642.jpg
2026-07-24 18:11:59,350 | INFO | office_ticket_backend.ocr | google_vision_raw_text image=20260724_210716_063258_p7_1_20260724_203844_987876_20260717102354642.jpg chars=295 first_800=DATE | NOVA CONSTRUCTION COMPANY LT | P.O. Box 1328 | Antigonish, NS | B2G 2L7 | • | Phone: 902-245-6386 Fax: 902-245-5132 | JOB NO. | LICENSE PLATE | LONG POINT QUARRY | TRUCKER | SOLD TO/ | CHARGED TO | DELIVER TO | MATERIAL | V | GROSS | 15 | TARE | NET | 06738 | RECEIVED BY | WHITE CUSTOMER COPY | CANARY TRUCKER'S COPY | PINK OFFICE COPY
2026-07-24 18:11:59,356 | INFO | office_ticket_backend.ocr | google_vision_request_success image=20260724_210716_063258_p7_1_20260724_203844_987876_20260717102354642.jpg avg_conf=0.97 ticket_id=06738 date= sold_to= plate= trucker=
2026-07-24 18:11:59,356 | INFO | office_ticket_backend.ocr | ocr_extract_provider_selected image=E:\Projects\Nova Construction Ticket App\data\uploads\20260724_210716_063258_p7_1_20260724_203844_987876_20260717102354642.jpg provider=google_vision confidence=0.97
2026-07-24 18:13:51,456 | INFO | office_ticket_backend.app | app_start provider_env=<empty> duplicate_check_enabled=True
2026-07-24 18:14:13,581 | INFO | office_ticket_backend.app | app_start provider_env=<empty> duplicate_check_enabled=True
2026-07-24 18:14:15,887 | INFO | office_ticket_backend.app | app_start provider_env=<empty> duplicate_check_enabled=True
2026-07-24 18:14:43,470 | INFO | office_ticket_backend.app | app_start provider_env=<empty> duplicate_check_enabled=True
2026-07-24 18:16:43,253 | INFO | office_ticket_backend.app | app_start provider_env=<empty> duplicate_check_enabled=True
2026-07-24 18:19:07,219 | INFO | office_ticket_backend.app | app_start provider_env=<empty> duplicate_check_enabled=True
2026-07-24 18:19:09,452 | INFO | office_ticket_backend.app | app_start provider_env=<empty> duplicate_check_enabled=True
2026-07-24 18:19:09,458 | INFO | office_ticket_backend.app | upload_saved file=20260717102354642.pdf size_bytes=1917952 path=E:\Projects\Nova Construction Ticket App\data\uploads\20260724_211909_456381_20260717102354642.pdf
2026-07-24 18:19:09,659 | INFO | office_ticket_backend.ocr | ocr_extract_start image=E:\Projects\Nova Construction Ticket App\data\uploads\20260724_211909_456381_p1_1_20260717102354642.jpg provider_env=google_vision
2026-07-24 18:19:10,074 | INFO | office_ticket_backend.ocr | google_vision_request_start image=E:\Projects\Nova Construction Ticket App\data\uploads\20260724_211909_456381_p1_1_20260717102354642.jpg
2026-07-24 18:19:12,359 | INFO | office_ticket_backend.ocr | auto_orient_keyword word=NOVA avg_x=0.97 avg_y=0.18 image=20260724_211909_456381_p1_1_20260717102354642.jpg
2026-07-24 18:19:12,360 | INFO | office_ticket_backend.ocr | auto_orient_applied image=20260724_211909_456381_p1_1_20260717102354642.jpg angle=270
2026-07-24 18:19:12,789 | INFO | office_ticket_backend.ocr | auto_orient_resent image=20260724_211909_456381_p1_1_20260717102354642.jpg
2026-07-24 18:19:12,790 | INFO | office_ticket_backend.ocr | google_vision_raw_text image=20260724_211909_456381_p1_1_20260717102354642.jpg chars=317 first_800=DATE | NOVA CONSTRUCTION COMPANY LTD | LICENSE PLATE | P.O. Box 1328 | Antigonish, NS | B2G 2L7 | Phone: 902-245-6386 • Fax: 902-245-5132 5088 | JOB NO. | SEABROOK QUARRY | TRUCKER | SOLD TO/ | CHARGED TO | DELIVER TO | MATERIAL | GROSS | TARE | NET | 310 | 26671 | ENTERED MAY 3 2075 | RECEIVED BY | WHITE CUSTOMER COPY | CANARY TRUCKER'S COPY | PINK-OFFICE COPY
2026-07-24 18:19:12,802 | INFO | office_ticket_backend.ocr | google_vision_request_success image=20260724_211909_456381_p1_1_20260717102354642.jpg avg_conf=0.95 ticket_id=2075 date=2075-05-03 sold_to= plate= trucker=
2026-07-24 18:19:12,803 | INFO | office_ticket_backend.ocr | ocr_extract_provider_selected image=E:\Projects\Nova Construction Ticket App\data\uploads\20260724_211909_456381_p1_1_20260717102354642.jpg provider=google_vision confidence=0.95
2026-07-24 18:19:12,810 | INFO | office_ticket_backend.app | ticket_inserted ticket_id=2075 provider=google_vision confidence=0.95 image=E:\Projects\Nova Construction Ticket App\data\uploads\20260724_211909_456381_p1_1_20260717102354642.jpg
2026-07-24 18:19:12,844 | INFO | office_ticket_backend.ocr | ocr_extract_start image=E:\Projects\Nova Construction Ticket App\data\uploads\20260724_211909_456381_p2_1_20260717102354642.jpg provider_env=google_vision
2026-07-24 18:19:12,846 | INFO | office_ticket_backend.ocr | google_vision_request_start image=E:\Projects\Nova Construction Ticket App\data\uploads\20260724_211909_456381_p2_1_20260717102354642.jpg
2026-07-24 18:19:14,801 | INFO | office_ticket_backend.ocr | auto_orient_keyword word=NOVA avg_x=0.98 avg_y=0.20 image=20260724_211909_456381_p2_1_20260717102354642.jpg
2026-07-24 18:19:14,802 | INFO | office_ticket_backend.ocr | auto_orient_applied image=20260724_211909_456381_p2_1_20260717102354642.jpg angle=270
2026-07-24 18:19:15,205 | INFO | office_ticket_backend.ocr | auto_orient_resent image=20260724_211909_456381_p2_1_20260717102354642.jpg
2026-07-24 18:19:15,206 | INFO | office_ticket_backend.ocr | google_vision_raw_text image=20260724_211909_456381_p2_1_20260717102354642.jpg chars=376 first_800=DATE | NOVA CONSTRUCTION COMPANY LTD | P.O. Box 1328 | Antigonish, NS | B2G 2L7 | Phone: 902-245-6386 Fax: 902-245-5132 | Apri/16/20 | JOB NO. | 241260 | DESMOND QUARRY | wood. Bla. % | LICENSE PLATE | 5850 | TRUCKER | SOLD TO/ | CHARGED TO M.. | Nicipa | DELIVER TO | Windwmilk | Weavers Mut | MATERIAL | GROSS | 34900 | TARE | 20610 | NET | 0561 | 14290 | RECEIVED BY | ✓ | - | WHITE CUSTOMER COPY | CANARY TRUCKER'S COPY | PINK-OFFICE COPY
2026-07-24 18:19:15,218 | INFO | office_ticket_backend.ocr | google_vision_request_success image=20260724_211909_456381_p2_1_20260717102354642.jpg avg_conf=0.90 ticket_id=241260 date=2016-04-01 sold_to=Bla . wood plate= trucker=5850
2026-07-24 18:19:15,219 | INFO | office_ticket_backend.ocr | ocr_extract_provider_selected image=E:\Projects\Nova Construction Ticket App\data\uploads\20260724_211909_456381_p2_1_20260717102354642.jpg provider=google_vision confidence=0.90
2026-07-24 18:19:15,230 | INFO | office_ticket_backend.app | ticket_inserted ticket_id=241260 provider=google_vision confidence=0.90 image=E:\Projects\Nova Construction Ticket App\data\uploads\20260724_211909_456381_p2_1_20260717102354642.jpg
2026-07-24 18:19:15,260 | INFO | office_ticket_backend.ocr | ocr_extract_start image=E:\Projects\Nova Construction Ticket App\data\uploads\20260724_211909_456381_p3_1_20260717102354642.jpg provider_env=google_vision
2026-07-24 18:19:15,261 | INFO | office_ticket_backend.ocr | google_vision_request_start image=E:\Projects\Nova Construction Ticket App\data\uploads\20260724_211909_456381_p3_1_20260717102354642.jpg
2026-07-24 18:19:17,158 | INFO | office_ticket_backend.ocr | auto_orient_keyword word=NOVA avg_x=0.97 avg_y=0.20 image=20260724_211909_456381_p3_1_20260717102354642.jpg
2026-07-24 18:19:17,159 | INFO | office_ticket_backend.ocr | auto_orient_applied image=20260724_211909_456381_p3_1_20260717102354642.jpg angle=270
2026-07-24 18:19:17,561 | INFO | office_ticket_backend.ocr | auto_orient_resent image=20260724_211909_456381_p3_1_20260717102354642.jpg
2026-07-24 18:19:17,562 | INFO | office_ticket_backend.ocr | google_vision_raw_text image=20260724_211909_456381_p3_1_20260717102354642.jpg chars=358 first_800=DATE | NOVA CONSTRUCTION COMPANY LTD | LICENSE PLATE | TRUCKER | SOLD TO/ | CHARGED TO | DELIVER TO | MATERIAL | GROSS | TARE | NET | P.O. Box 1328 | Antigonish, NS | B2G 2L7 | Phone: 902-245-6386 Fax: 902-245-5132 | 19/26 | JOB NO. | LONG POINT QUARRY | Doherty Lime | Doherty | Type 1 | 25.350 | 10900 | 14.450 | 07235 | WHITE - CUSTOMER COPY | RECEIVED BY | spd | Lime spo | CANARY TRUCKER'S COPY | PINK-OFFICE COPY
2026-07-24 18:19:17,572 | INFO | office_ticket_backend.ocr | google_vision_request_success image=20260724_211909_456381_p3_1_20260717102354642.jpg avg_conf=0.94 ticket_id=07235 date= sold_to=spd plate= trucker=
2026-07-24 18:19:17,572 | INFO | office_ticket_backend.ocr | ocr_extract_provider_selected image=E:\Projects\Nova Construction Ticket App\data\uploads\20260724_211909_456381_p3_1_20260717102354642.jpg provider=google_vision confidence=0.94
2026-07-24 18:19:17,581 | INFO | office_ticket_backend.app | ticket_inserted ticket_id=07235 provider=google_vision confidence=0.94 image=E:\Projects\Nova Construction Ticket App\data\uploads\20260724_211909_456381_p3_1_20260717102354642.jpg
2026-07-24 18:19:17,616 | INFO | office_ticket_backend.ocr | ocr_extract_start image=E:\Projects\Nova Construction Ticket App\data\uploads\20260724_211909_456381_p4_1_20260717102354642.jpg provider_env=google_vision
2026-07-24 18:19:17,616 | INFO | office_ticket_backend.ocr | google_vision_request_start image=E:\Projects\Nova Construction Ticket App\data\uploads\20260724_211909_456381_p4_1_20260717102354642.jpg
2026-07-24 18:19:19,583 | INFO | office_ticket_backend.ocr | auto_orient_keyword word=NOVA avg_x=0.97 avg_y=0.19 image=20260724_211909_456381_p4_1_20260717102354642.jpg
2026-07-24 18:19:19,584 | INFO | office_ticket_backend.ocr | auto_orient_applied image=20260724_211909_456381_p4_1_20260717102354642.jpg angle=270
2026-07-24 18:19:20,000 | INFO | office_ticket_backend.ocr | auto_orient_resent image=20260724_211909_456381_p4_1_20260717102354642.jpg
2026-07-24 18:19:20,001 | INFO | office_ticket_backend.ocr | google_vision_raw_text image=20260724_211909_456381_p4_1_20260717102354642.jpg chars=349 first_800=DATE | NOVA CONSTRUCTION COMPANY LTD | P.O. Box 1328 | Antigonish, NS | B2G 2L7 | Phone: 902-245-6386 Fax: 902-245-5132 | E May 8 2026 | LICENSE PLATE | JOB NO. | LONG POINT QUARRY | TRUCKER | SOLD TO/ | CHARGED TO | DELIVER TO | Chipman | Trucking | MATERIAL | GROSS | TARE leve 14, | NET | 07131 | WHITE CUSTOMER COPY | COO | lonne | RECEIVED BY | Matt Lloyd | CANARY TRUCKER'S COPY | PINK-OFFICE COPY
2026-07-24 18:19:20,010 | INFO | office_ticket_backend.ocr | google_vision_request_success image=20260724_211909_456381_p4_1_20260717102354642.jpg avg_conf=0.91 ticket_id=07131 date=2026-05-08 sold_to= plate= trucker=
2026-07-24 18:19:20,011 | INFO | office_ticket_backend.ocr | ocr_extract_provider_selected image=E:\Projects\Nova Construction Ticket App\data\uploads\20260724_211909_456381_p4_1_20260717102354642.jpg provider=google_vision confidence=0.91
2026-07-24 18:19:20,019 | INFO | office_ticket_backend.app | ticket_inserted ticket_id=07131 provider=google_vision confidence=0.91 image=E:\Projects\Nova Construction Ticket App\data\uploads\20260724_211909_456381_p4_1_20260717102354642.jpg
2026-07-24 18:19:20,050 | INFO | office_ticket_backend.ocr | ocr_extract_start image=E:\Projects\Nova Construction Ticket App\data\uploads\20260724_211909_456381_p5_1_20260717102354642.jpg provider_env=google_vision
2026-07-24 18:19:20,051 | INFO | office_ticket_backend.ocr | google_vision_request_start image=E:\Projects\Nova Construction Ticket App\data\uploads\20260724_211909_456381_p5_1_20260717102354642.jpg
2026-07-24 18:19:21,888 | INFO | office_ticket_backend.ocr | auto_orient_keyword word=NOVA avg_x=0.97 avg_y=0.19 image=20260724_211909_456381_p5_1_20260717102354642.jpg
2026-07-24 18:19:21,888 | INFO | office_ticket_backend.ocr | auto_orient_applied image=20260724_211909_456381_p5_1_20260717102354642.jpg angle=270
2026-07-24 18:19:22,281 | INFO | office_ticket_backend.ocr | auto_orient_resent image=20260724_211909_456381_p5_1_20260717102354642.jpg
2026-07-24 18:19:22,282 | INFO | office_ticket_backend.ocr | google_vision_raw_text image=20260724_211909_456381_p5_1_20260717102354642.jpg chars=339 first_800=NOVA CONSTRUCTION COMPANY LTD | P.O. Box 1328 | Antigonish, NS | B2G 2L7 | Phone: 902-245-6386 Fax: 902-245-5132 | DATE May 11/26 | LICENSE PLATE | JOB NO. | LONG POINT QUARRY | TRUCKER | SOLD TO/ | CHARGED TO Potterty Lime HD | DELIVER TO | MATERIAL Serge | GROSS 26000 | TARE | 11680 | NET 4320 | 07162 | WHITE CUSTOMER COPY | RECEIVED BY | CANARY TRUCKER'S COPY | PINK-OFFICE COPY
2026-07-24 18:19:22,291 | INFO | office_ticket_backend.ocr | google_vision_request_success image=20260724_211909_456381_p5_1_20260717102354642.jpg avg_conf=0.93 ticket_id=07162 date=2026-05-11 sold_to= plate= trucker=
2026-07-24 18:19:22,291 | INFO | office_ticket_backend.ocr | ocr_extract_provider_selected image=E:\Projects\Nova Construction Ticket App\data\uploads\20260724_211909_456381_p5_1_20260717102354642.jpg provider=google_vision confidence=0.93
2026-07-24 18:19:22,306 | INFO | office_ticket_backend.app | ticket_inserted ticket_id=07162 provider=google_vision confidence=0.93 image=E:\Projects\Nova Construction Ticket App\data\uploads\20260724_211909_456381_p5_1_20260717102354642.jpg
2026-07-24 18:19:22,337 | INFO | office_ticket_backend.ocr | ocr_extract_start image=E:\Projects\Nova Construction Ticket App\data\uploads\20260724_211909_456381_p6_1_20260717102354642.jpg provider_env=google_vision
2026-07-24 18:19:22,338 | INFO | office_ticket_backend.ocr | google_vision_request_start image=E:\Projects\Nova Construction Ticket App\data\uploads\20260724_211909_456381_p6_1_20260717102354642.jpg
2026-07-24 18:19:24,251 | INFO | office_ticket_backend.ocr | auto_orient_keyword word=NOVA avg_x=0.97 avg_y=0.19 image=20260724_211909_456381_p6_1_20260717102354642.jpg
2026-07-24 18:19:24,252 | INFO | office_ticket_backend.ocr | auto_orient_applied image=20260724_211909_456381_p6_1_20260717102354642.jpg angle=270
2026-07-24 18:19:24,660 | INFO | office_ticket_backend.ocr | auto_orient_resent image=20260724_211909_456381_p6_1_20260717102354642.jpg
2026-07-24 18:19:24,660 | INFO | office_ticket_backend.ocr | google_vision_raw_text image=20260724_211909_456381_p6_1_20260717102354642.jpg chars=316 first_800=NOVA CONSTRUCTION COMPANY LTD | P.O. Box 1328 | Antigonish, NS | B2G 2L7 | Phone: 902-245-6386 Fax: 902-245-5132 | DATE | June | 26 | JOB NO. | LICENSE PLATE | LONG POINT QUARRY | TRUCKER | SOLD TO/ | CHARGED TO CRD | DELIVER TO | MATERIAL | Bank Rock | GROSS | TARE | 15 T | NET | 00534 | RECEIVED BY | WHITE-CUSTOMER COPY | CANARY TRUCKER'S COPY | PINK-OFFICE COPY
2026-07-24 18:19:24,669 | INFO | office_ticket_backend.ocr | google_vision_request_success image=20260724_211909_456381_p6_1_20260717102354642.jpg avg_conf=0.94 ticket_id=00534 date=2026-06-26 sold_to= plate= trucker=
2026-07-24 18:19:24,670 | INFO | office_ticket_backend.ocr | ocr_extract_provider_selected image=E:\Projects\Nova Construction Ticket App\data\uploads\20260724_211909_456381_p6_1_20260717102354642.jpg provider=google_vision confidence=0.94
2026-07-24 18:19:24,678 | INFO | office_ticket_backend.app | ticket_inserted ticket_id=00534 provider=google_vision confidence=0.94 image=E:\Projects\Nova Construction Ticket App\data\uploads\20260724_211909_456381_p6_1_20260717102354642.jpg
2026-07-24 18:19:24,707 | INFO | office_ticket_backend.ocr | ocr_extract_start image=E:\Projects\Nova Construction Ticket App\data\uploads\20260724_211909_456381_p7_1_20260717102354642.jpg provider_env=google_vision
2026-07-24 18:19:24,707 | INFO | office_ticket_backend.ocr | google_vision_request_start image=E:\Projects\Nova Construction Ticket App\data\uploads\20260724_211909_456381_p7_1_20260717102354642.jpg
2026-07-24 18:19:26,628 | INFO | office_ticket_backend.ocr | auto_orient_keyword word=NOVA avg_x=0.97 avg_y=0.20 image=20260724_211909_456381_p7_1_20260717102354642.jpg
2026-07-24 18:19:26,629 | INFO | office_ticket_backend.ocr | auto_orient_applied image=20260724_211909_456381_p7_1_20260717102354642.jpg angle=270
2026-07-24 18:19:27,012 | INFO | office_ticket_backend.ocr | auto_orient_resent image=20260724_211909_456381_p7_1_20260717102354642.jpg
2026-07-24 18:19:27,012 | INFO | office_ticket_backend.ocr | google_vision_raw_text image=20260724_211909_456381_p7_1_20260717102354642.jpg chars=293 first_800=DATE | NOVA CONSTRUCTION COMPANY LT | P.O. Box 1328 | Antigonish, NS | B2G 2L7 | Phone: 902-245-6386 Fax: 902-245-5132 | JOB NO. | LICENSE PLATE | LONG POINT QUARRY | TRUCKER | SOLD TO/ | CHARGED TO | DELIVER TO | MATERIAL | GROSS | 15 + | TARE | NET | 06738 | RECEIVED BY | WHITE CUSTOMER COPY | CANARY TRUCKER'S COPY | PINK-OFFICE COPY
2026-07-24 18:19:27,021 | INFO | office_ticket_backend.ocr | google_vision_request_success image=20260724_211909_456381_p7_1_20260717102354642.jpg avg_conf=0.96 ticket_id=06738 date= sold_to= plate= trucker=
2026-07-24 18:19:27,022 | INFO | office_ticket_backend.ocr | ocr_extract_provider_selected image=E:\Projects\Nova Construction Ticket App\data\uploads\20260724_211909_456381_p7_1_20260717102354642.jpg provider=google_vision confidence=0.96
2026-07-24 18:19:27,029 | INFO | office_ticket_backend.app | ticket_inserted ticket_id=06738 provider=google_vision confidence=0.96 image=E:\Projects\Nova Construction Ticket App\data\uploads\20260724_211909_456381_p7_1_20260717102354642.jpg
2026-08-02 13:37:36,067 | INFO | office_ticket_backend.ocr | ocr_extract_start image=scratch\diag_work\diag_p1.jpg provider_env=google_vision
2026-08-02 13:37:37,726 | INFO | office_ticket_backend.ocr | google_vision_request_start image=scratch\diag_work\diag_p1.jpg
2026-08-02 13:37:42,151 | INFO | office_ticket_backend.ocr | auto_orient_keyword word=NOVA avg_x=0.82 avg_y=0.97 image=diag_p1.jpg
2026-08-02 13:37:42,151 | INFO | office_ticket_backend.ocr | auto_orient_applied image=diag_p1.jpg angle=180
2026-08-02 13:37:42,545 | INFO | office_ticket_backend.ocr | auto_orient_resent image=diag_p1.jpg
2026-08-02 13:37:42,546 | INFO | office_ticket_backend.ocr | google_vision_raw_text image=diag_p1.jpg chars=322 first_800=DATE | NOVA CONSTRUCTION COMPANY LTD | P.O. Box 1328 | Antigonish, NS | B2G 2L7 | Phone: 902-245-6386 Fax: 902-245-5132 | JOB NO. | SEABROOK QUARRY | 5088 | LICENSE PLATE | TRUCKER | D | SOLD TO/ | CHARGED TO | DELIVER TO | MATERIAL | C | GROSS | TARE | NET | C | ENTERED MAY 3 2025 | 1310 | 26671 | RECEIVED BY | WHITE CUSTOMER COPY | CANARY TRUCKER'S COPY | PINK OFFICE COPY
2026-08-02 13:37:42,554 | INFO | office_ticket_backend.ocr | google_vision_request_success image=diag_p1.jpg avg_conf=0.96 ticket_id=26671 date=2025-05-03 sold_to= plate= trucker=
2026-08-02 13:37:42,554 | INFO | office_ticket_backend.ocr | ocr_extract_provider_selected image=scratch\diag_work\diag_p1.jpg provider=google_vision confidence=0.96
2026-08-02 13:37:42,570 | INFO | office_ticket_backend.ocr | ocr_extract_start image=scratch\diag_work\diag_p2.jpg provider_env=google_vision
2026-08-02 13:37:42,570 | INFO | office_ticket_backend.ocr | google_vision_request_start image=scratch\diag_work\diag_p2.jpg
2026-08-02 13:37:44,166 | INFO | office_ticket_backend.ocr | auto_orient_keyword word=NOVA avg_x=0.80 avg_y=0.98 image=diag_p2.jpg
2026-08-02 13:37:44,166 | INFO | office_ticket_backend.ocr | auto_orient_applied image=diag_p2.jpg angle=180
2026-08-02 13:37:44,672 | INFO | office_ticket_backend.ocr | auto_orient_resent image=diag_p2.jpg
2026-08-02 13:37:44,672 | INFO | office_ticket_backend.ocr | google_vision_raw_text image=diag_p2.jpg chars=381 first_800=DATE | NOVA CONSTRUCTION COMPANY LTD | P.O. Box 1328 | Antigonish, NS | B2G 2L7 | Phone: 902-245-6386 Fax: 902-245-5132 | Apri/16/26 JOB NO. 2412602 | LICENSE PLATE | TRUCKER | SOLD TO/ | DESMOND QUARRY | 58505 | Seremy Wood Blaint. | CHARGED TO Municipal Windmill | DELIVER TO | Weavers Mat | MATERIAL | GROSS | 34900 | TARE | 20610 | NET | 0561 | 14290 | RECEIVED BY | WHITE CUSTOMER COPY | - | CANARY TRUCKER'S COPY | PINK-OFFICE COPY
2026-08-02 13:37:44,682 | INFO | office_ticket_backend.ocr | google_vision_request_success image=diag_p2.jpg avg_conf=0.91 ticket_id=241260 date=2016-04-01 sold_to=Wood Blaint plate= trucker=Seremy Wood
2026-08-02 13:37:44,683 | INFO | office_ticket_backend.ocr | ocr_extract_provider_selected image=scratch\diag_work\diag_p2.jpg provider=google_vision confidence=0.91
2026-08-02 13:37:44,692 | INFO | office_ticket_backend.ocr | ocr_extract_start image=scratch\diag_work\diag_p3.jpg provider_env=google_vision
2026-08-02 13:37:44,693 | INFO | office_ticket_backend.ocr | google_vision_request_start image=scratch\diag_work\diag_p3.jpg
2026-08-02 13:37:46,194 | INFO | office_ticket_backend.ocr | auto_orient_keyword word=NOVA avg_x=0.80 avg_y=0.97 image=diag_p3.jpg
2026-08-02 13:37:46,194 | INFO | office_ticket_backend.ocr | auto_orient_applied image=diag_p3.jpg angle=180
2026-08-02 13:37:46,614 | INFO | office_ticket_backend.ocr | auto_orient_resent image=diag_p3.jpg
2026-08-02 13:37:46,614 | INFO | office_ticket_backend.ocr | google_vision_raw_text image=diag_p3.jpg chars=376 first_800=DATE | NOVA CONSTRUCTION COMPANY LTD | LICENSE PLATE | TRUCKER | SOLD TO/ | CHARGED TO | DELIVER TO | MATERIAL | GROSS | TARE | NET | P.O. Box 1328 | Antigonish, NS | B2G 2L7 | Phone: 902-245-6386 Fax: 902-245-5132 | 19/26 | JOB NO. | LONG POINT QUARRY | Dohert | herty Lime | Dohorty Lime | Dotorty | Type 1 | 25.350 | 10900 | 14.450 | 07235 | RECEIVED BY | spd | hime spo | - | WHITE CUSTOMER COPY | CANARY TRUCKER'S COPY | PINK-OFFICE COPY
2026-08-02 13:37:46,621 | INFO | office_ticket_backend.ocr | google_vision_request_success image=diag_p3.jpg avg_conf=0.93 ticket_id=07235 date= sold_to=spd plate= trucker=Dohert
2026-08-02 13:37:46,622 | INFO | office_ticket_backend.ocr | ocr_extract_provider_selected image=scratch\diag_work\diag_p3.jpg provider=google_vision confidence=0.93
2026-08-02 13:37:46,636 | INFO | office_ticket_backend.ocr | ocr_extract_start image=scratch\diag_work\diag_p4.jpg provider_env=google_vision
2026-08-02 13:37:46,636 | INFO | office_ticket_backend.ocr | google_vision_request_start image=scratch\diag_work\diag_p4.jpg
2026-08-02 13:37:48,168 | INFO | office_ticket_backend.ocr | auto_orient_keyword word=NOVA avg_x=0.81 avg_y=0.97 image=diag_p4.jpg
2026-08-02 13:37:48,168 | INFO | office_ticket_backend.ocr | auto_orient_applied image=diag_p4.jpg angle=180
2026-08-02 13:37:48,569 | INFO | office_ticket_backend.ocr | auto_orient_resent image=diag_p4.jpg
2026-08-02 13:37:48,569 | INFO | office_ticket_backend.ocr | google_vision_raw_text image=diag_p4.jpg chars=344 first_800=DATE | NOVA CONSTRUCTION COMPANY LTD | P.O. Box 1328 | Antigonish, NS | B2G 2L7 | Phone: 902-245-6386 Fax: 902-245-5132 | E May 8 2026 | LICENSE PLATE | JOB NO. | LONG POINT QUARRY | TRUCKER | SOLD TO/ | CHARGED TO | DELIVER TO | Chipman Trucking | MATERIAL | GROSS | TARE | NET | 07131 | WHITE CUSTOMER COPY | 14 | COO | Tonne | RECEIVED BY | •Mott Lloyd | CANARY TRUCKER'S COPY | PINK-OFFICE COPY
2026-08-02 13:37:48,578 | INFO | office_ticket_backend.ocr | google_vision_request_success image=diag_p4.jpg avg_conf=0.91 ticket_id=07131 date=2026-05-08 sold_to=Chipman Trucking plate= trucker=
2026-08-02 13:37:48,578 | INFO | office_ticket_backend.ocr | ocr_extract_provider_selected image=scratch\diag_work\diag_p4.jpg provider=google_vision confidence=0.91
2026-08-02 13:37:48,589 | INFO | office_ticket_backend.ocr | ocr_extract_start image=scratch\diag_work\diag_p5.jpg provider_env=google_vision
2026-08-02 13:37:48,589 | INFO | office_ticket_backend.ocr | google_vision_request_start image=scratch\diag_work\diag_p5.jpg
2026-08-02 13:37:50,167 | INFO | office_ticket_backend.ocr | auto_orient_keyword word=NOVA avg_x=0.80 avg_y=0.97 image=diag_p5.jpg
2026-08-02 13:37:50,168 | INFO | office_ticket_backend.ocr | auto_orient_applied image=diag_p5.jpg angle=180
2026-08-02 13:37:50,566 | INFO | office_ticket_backend.ocr | auto_orient_resent image=diag_p5.jpg
2026-08-02 13:37:50,567 | INFO | office_ticket_backend.ocr | google_vision_raw_text image=diag_p5.jpg chars=340 first_800=NOVA CONSTRUCTION COMPANY LTD | P.O. Box 1328 | Antigonish, NS | B2G 2L7 | Phone: 902-245-6386 Fax: 902-245-5132 | DATE May 11/26 | JOB NO. | LONG POINT QUARRY | LICENSE PLATE | TRUCKER | SOLD TO/ | CHARGED TO Potterty Lime HD | DELIVER TO | MATERIAL Serge | GROSS 26000 | TARE 1680 | NET 4320 | 07162 | WHITE CUSTOMER COPY | RECEIVED BY | - | CANARY TRUCKER'S COPY | PINK-OFFICE COPY
2026-08-02 13:37:50,574 | INFO | office_ticket_backend.ocr | google_vision_request_success image=diag_p5.jpg avg_conf=0.94 ticket_id=07162 date=2026-05-11 sold_to=Potterty Lime HD plate= trucker=
2026-08-02 13:37:50,575 | INFO | office_ticket_backend.ocr | ocr_extract_provider_selected image=scratch\diag_work\diag_p5.jpg provider=google_vision confidence=0.94
2026-08-02 13:37:50,584 | INFO | office_ticket_backend.ocr | ocr_extract_start image=scratch\diag_work\diag_p6.jpg provider_env=google_vision
2026-08-02 13:37:50,585 | INFO | office_ticket_backend.ocr | google_vision_request_start image=scratch\diag_work\diag_p6.jpg
2026-08-02 13:37:52,162 | INFO | office_ticket_backend.ocr | auto_orient_keyword word=NOVA avg_x=0.81 avg_y=0.97 image=diag_p6.jpg
2026-08-02 13:37:52,162 | INFO | office_ticket_backend.ocr | auto_orient_applied image=diag_p6.jpg angle=180
2026-08-02 13:37:52,549 | INFO | office_ticket_backend.ocr | auto_orient_resent image=diag_p6.jpg
2026-08-02 13:37:52,549 | INFO | office_ticket_backend.ocr | google_vision_raw_text image=diag_p6.jpg chars=318 first_800=NOVA CONSTRUCTION COMPANY LTD | P.O. Box 1328 | Antigonish, NS | B2G 2L7 | Phone: 902-245-6386 Fax: 902-245-5132 | DATE TI | June | 26 | JOB NO. | LICENSE PLATE | LONG POINT QUARRY | TRUCKER | SOLD TO/ | CHARGED TO RD | DELIVER TO | MATERIAL | GROSS | TARE | NET | Back Rack | 15 T | 00534 | WHITE CUSTOMER COPY | RECEIVED BY | CANARY TRUCKER'S COPY | PINK-OFFICE COPY
2026-08-02 13:37:52,557 | INFO | office_ticket_backend.ocr | google_vision_request_success image=diag_p6.jpg avg_conf=0.93 ticket_id=00534 date=2026-06-26 sold_to=RD plate= trucker=
2026-08-02 13:37:52,557 | INFO | office_ticket_backend.ocr | ocr_extract_provider_selected image=scratch\diag_work\diag_p6.jpg provider=google_vision confidence=0.93
2026-08-02 13:37:52,568 | INFO | office_ticket_backend.ocr | ocr_extract_start image=scratch\diag_work\diag_p7.jpg provider_env=google_vision
2026-08-02 13:37:52,569 | INFO | office_ticket_backend.ocr | google_vision_request_start image=scratch\diag_work\diag_p7.jpg
2026-08-02 13:37:54,084 | INFO | office_ticket_backend.ocr | auto_orient_keyword word=NOVA avg_x=0.80 avg_y=0.97 image=diag_p7.jpg
2026-08-02 13:37:54,084 | INFO | office_ticket_backend.ocr | auto_orient_applied image=diag_p7.jpg angle=180
2026-08-02 13:37:54,480 | INFO | office_ticket_backend.ocr | auto_orient_resent image=diag_p7.jpg
2026-08-02 13:37:54,481 | INFO | office_ticket_backend.ocr | google_vision_raw_text image=diag_p7.jpg chars=295 first_800=DATE | NOVA CONSTRUCTION COMPANY LT | P.O. Box 1328 | Antigonish, NS | B2G 2L7 | • | Phone: 902-245-6386 Fax: 902-245-5132 | JOB NO. | LICENSE PLATE | LONG POINT QUARRY | TRUCKER | SOLD TO/ | CHARGED TO | DELIVER TO | MATERIAL | V | GROSS | 15 | TARE | NET | 06738 | RECEIVED BY | WHITE CUSTOMER COPY | CANARY TRUCKER'S COPY | PINK OFFICE COPY
2026-08-02 13:37:54,487 | INFO | office_ticket_backend.ocr | google_vision_request_success image=diag_p7.jpg avg_conf=0.97 ticket_id=06738 date= sold_to= plate= trucker=
2026-08-02 13:37:54,488 | INFO | office_ticket_backend.ocr | ocr_extract_provider_selected image=scratch\diag_work\diag_p7.jpg provider=google_vision confidence=0.97
2026-08-02 13:44:29,210 | INFO | office_ticket_backend.ocr | ocr_extract_start image=scratch\diag_work\diag_p1.jpg provider_env=google_vision
2026-08-02 13:44:29,689 | INFO | office_ticket_backend.ocr | google_vision_request_start image=scratch\diag_work\diag_p1.jpg
2026-08-02 13:44:31,644 | INFO | office_ticket_backend.ocr | auto_orient_keyword word=NOVA avg_x=0.82 avg_y=0.97 image=diag_p1.jpg
2026-08-02 13:44:31,644 | INFO | office_ticket_backend.ocr | auto_orient_applied image=diag_p1.jpg angle=180
2026-08-02 13:44:32,027 | INFO | office_ticket_backend.ocr | auto_orient_resent image=diag_p1.jpg
2026-08-02 13:44:32,028 | INFO | office_ticket_backend.ocr | google_vision_raw_text image=diag_p1.jpg chars=322 first_800=DATE | NOVA CONSTRUCTION COMPANY LTD | P.O. Box 1328 | Antigonish, NS | B2G 2L7 | Phone: 902-245-6386 Fax: 902-245-5132 | JOB NO. | SEABROOK QUARRY | 5088 | LICENSE PLATE | TRUCKER | D | SOLD TO/ | CHARGED TO | DELIVER TO | MATERIAL | C | GROSS | TARE | NET | C | ENTERED MAY 3 2025 | 1310 | 26671 | RECEIVED BY | WHITE CUSTOMER COPY | CANARY TRUCKER'S COPY | PINK OFFICE COPY
2026-08-02 13:44:32,037 | INFO | office_ticket_backend.ocr | google_vision_request_success image=diag_p1.jpg avg_conf=0.96 ticket_id=26671 date=2025-05-03 sold_to= plate= trucker=
2026-08-02 13:44:32,037 | INFO | office_ticket_backend.ocr | ocr_extract_provider_selected image=scratch\diag_work\diag_p1.jpg provider=google_vision confidence=0.96
2026-08-02 13:44:32,040 | INFO | office_ticket_backend.ocr | ocr_extract_start image=scratch\diag_work\diag_p2.jpg provider_env=google_vision
2026-08-02 13:44:32,040 | INFO | office_ticket_backend.ocr | google_vision_request_start image=scratch\diag_work\diag_p2.jpg
2026-08-02 13:44:33,683 | INFO | office_ticket_backend.ocr | auto_orient_keyword word=NOVA avg_x=0.80 avg_y=0.98 image=diag_p2.jpg
2026-08-02 13:44:33,683 | INFO | office_ticket_backend.ocr | auto_orient_applied image=diag_p2.jpg angle=180
2026-08-02 13:44:34,145 | INFO | office_ticket_backend.ocr | auto_orient_resent image=diag_p2.jpg
2026-08-02 13:44:34,145 | INFO | office_ticket_backend.ocr | google_vision_raw_text image=diag_p2.jpg chars=381 first_800=DATE | NOVA CONSTRUCTION COMPANY LTD | P.O. Box 1328 | Antigonish, NS | B2G 2L7 | Phone: 902-245-6386 Fax: 902-245-5132 | Apri/16/26 JOB NO. 2412602 | LICENSE PLATE | TRUCKER | SOLD TO/ | DESMOND QUARRY | 58505 | Seremy Wood Blaint. | CHARGED TO Municipal Windmill | DELIVER TO | Weavers Mat | MATERIAL | GROSS | 34900 | TARE | 20610 | NET | 0561 | 14290 | RECEIVED BY | WHITE CUSTOMER COPY | - | CANARY TRUCKER'S COPY | PINK-OFFICE COPY
2026-08-02 13:44:34,156 | INFO | office_ticket_backend.ocr | google_vision_request_success image=diag_p2.jpg avg_conf=0.91 ticket_id=0561 date= sold_to=Wood Blaint plate= trucker=Seremy
2026-08-02 13:44:34,157 | INFO | office_ticket_backend.ocr | ocr_extract_provider_selected image=scratch\diag_work\diag_p2.jpg provider=google_vision confidence=0.91
2026-08-02 13:44:34,160 | INFO | office_ticket_backend.ocr | ocr_extract_start image=scratch\diag_work\diag_p3.jpg provider_env=google_vision
2026-08-02 13:44:34,160 | INFO | office_ticket_backend.ocr | google_vision_request_start image=scratch\diag_work\diag_p3.jpg
2026-08-02 13:44:35,712 | INFO | office_ticket_backend.ocr | auto_orient_keyword word=NOVA avg_x=0.80 avg_y=0.97 image=diag_p3.jpg
2026-08-02 13:44:35,712 | INFO | office_ticket_backend.ocr | auto_orient_applied image=diag_p3.jpg angle=180
2026-08-02 13:44:36,084 | INFO | office_ticket_backend.ocr | auto_orient_resent image=diag_p3.jpg
2026-08-02 13:44:36,084 | INFO | office_ticket_backend.ocr | google_vision_raw_text image=diag_p3.jpg chars=376 first_800=DATE | NOVA CONSTRUCTION COMPANY LTD | LICENSE PLATE | TRUCKER | SOLD TO/ | CHARGED TO | DELIVER TO | MATERIAL | GROSS | TARE | NET | P.O. Box 1328 | Antigonish, NS | B2G 2L7 | Phone: 902-245-6386 Fax: 902-245-5132 | 19/26 | JOB NO. | LONG POINT QUARRY | Dohert | herty Lime | Dohorty Lime | Dotorty | Type 1 | 25.350 | 10900 | 14.450 | 07235 | RECEIVED BY | spd | hime spo | - | WHITE CUSTOMER COPY | CANARY TRUCKER'S COPY | PINK-OFFICE COPY
2026-08-02 13:44:36,093 | INFO | office_ticket_backend.ocr | google_vision_request_success image=diag_p3.jpg avg_conf=0.93 ticket_id=07235 date= sold_to=spd plate= trucker=Dohert
2026-08-02 13:44:36,093 | INFO | office_ticket_backend.ocr | ocr_extract_provider_selected image=scratch\diag_work\diag_p3.jpg provider=google_vision confidence=0.93
2026-08-02 13:44:36,097 | INFO | office_ticket_backend.ocr | ocr_extract_start image=scratch\diag_work\diag_p4.jpg provider_env=google_vision
2026-08-02 13:44:36,097 | INFO | office_ticket_backend.ocr | google_vision_request_start image=scratch\diag_work\diag_p4.jpg
2026-08-02 13:44:37,697 | INFO | office_ticket_backend.ocr | auto_orient_keyword word=NOVA avg_x=0.81 avg_y=0.97 image=diag_p4.jpg
2026-08-02 13:44:37,698 | INFO | office_ticket_backend.ocr | auto_orient_applied image=diag_p4.jpg angle=180
2026-08-02 13:44:38,082 | INFO | office_ticket_backend.ocr | auto_orient_resent image=diag_p4.jpg
2026-08-02 13:44:38,083 | INFO | office_ticket_backend.ocr | google_vision_raw_text image=diag_p4.jpg chars=344 first_800=DATE | NOVA CONSTRUCTION COMPANY LTD | P.O. Box 1328 | Antigonish, NS | B2G 2L7 | Phone: 902-245-6386 Fax: 902-245-5132 | E May 8 2026 | LICENSE PLATE | JOB NO. | LONG POINT QUARRY | TRUCKER | SOLD TO/ | CHARGED TO | DELIVER TO | Chipman Trucking | MATERIAL | GROSS | TARE | NET | 07131 | 14 | COO | Tonne | RECEIVED BY | WHITE CUSTOMER COPY | •Mott Lloyd | CANARY TRUCKER'S COPY | PINK-OFFICE COPY
2026-08-02 13:44:38,091 | INFO | office_ticket_backend.ocr | google_vision_request_success image=diag_p4.jpg avg_conf=0.91 ticket_id=07131 date=2026-05-08 sold_to=Chipman plate= trucker=
2026-08-02 13:44:38,091 | INFO | office_ticket_backend.ocr | ocr_extract_provider_selected image=scratch\diag_work\diag_p4.jpg provider=google_vision confidence=0.91
2026-08-02 13:44:38,095 | INFO | office_ticket_backend.ocr | ocr_extract_start image=scratch\diag_work\diag_p5.jpg provider_env=google_vision
2026-08-02 13:44:38,095 | INFO | office_ticket_backend.ocr | google_vision_request_start image=scratch\diag_work\diag_p5.jpg
2026-08-02 13:44:39,731 | INFO | office_ticket_backend.ocr | auto_orient_keyword word=NOVA avg_x=0.80 avg_y=0.97 image=diag_p5.jpg
2026-08-02 13:44:39,731 | INFO | office_ticket_backend.ocr | auto_orient_applied image=diag_p5.jpg angle=180
2026-08-02 13:44:40,106 | INFO | office_ticket_backend.ocr | auto_orient_resent image=diag_p5.jpg
2026-08-02 13:44:40,106 | INFO | office_ticket_backend.ocr | google_vision_raw_text image=diag_p5.jpg chars=340 first_800=NOVA CONSTRUCTION COMPANY LTD | P.O. Box 1328 | Antigonish, NS | B2G 2L7 | Phone: 902-245-6386 Fax: 902-245-5132 | DATE May 11/26 | JOB NO. | LONG POINT QUARRY | LICENSE PLATE | TRUCKER | SOLD TO/ | CHARGED TO Potterty Lime HD | DELIVER TO | MATERIAL Serge | GROSS 26000 | TARE 1680 | NET 4320 | 07162 | WHITE CUSTOMER COPY | RECEIVED BY | - | CANARY TRUCKER'S COPY | PINK-OFFICE COPY
2026-08-02 13:44:40,114 | INFO | office_ticket_backend.ocr | google_vision_request_success image=diag_p5.jpg avg_conf=0.94 ticket_id=07162 date=2026-05-11 sold_to=Potterty Lime HD plate= trucker=
2026-08-02 13:44:40,115 | INFO | office_ticket_backend.ocr | ocr_extract_provider_selected image=scratch\diag_work\diag_p5.jpg provider=google_vision confidence=0.94
2026-08-02 13:44:40,118 | INFO | office_ticket_backend.ocr | ocr_extract_start image=scratch\diag_work\diag_p6.jpg provider_env=google_vision
2026-08-02 13:44:40,118 | INFO | office_ticket_backend.ocr | google_vision_request_start image=scratch\diag_work\diag_p6.jpg
2026-08-02 13:44:41,757 | INFO | office_ticket_backend.ocr | auto_orient_keyword word=NOVA avg_x=0.81 avg_y=0.97 image=diag_p6.jpg
2026-08-02 13:44:41,757 | INFO | office_ticket_backend.ocr | auto_orient_applied image=diag_p6.jpg angle=180
2026-08-02 13:44:42,142 | INFO | office_ticket_backend.ocr | auto_orient_resent image=diag_p6.jpg
2026-08-02 13:44:42,143 | INFO | office_ticket_backend.ocr | google_vision_raw_text image=diag_p6.jpg chars=318 first_800=NOVA CONSTRUCTION COMPANY LTD | P.O. Box 1328 | Antigonish, NS | B2G 2L7 | Phone: 902-245-6386 Fax: 902-245-5132 | DATE TI | June | 26 | JOB NO. | LICENSE PLATE | LONG POINT QUARRY | TRUCKER | SOLD TO/ | CHARGED TO RD | DELIVER TO | MATERIAL | GROSS | TARE | NET | Back Rack | 15 T | 00534 | WHITE CUSTOMER COPY | RECEIVED BY | CANARY TRUCKER'S COPY | PINK-OFFICE COPY
2026-08-02 13:44:42,151 | INFO | office_ticket_backend.ocr | google_vision_request_success image=diag_p6.jpg avg_conf=0.93 ticket_id=00534 date=2026-06-26 sold_to=RD plate= trucker=
2026-08-02 13:44:42,152 | INFO | office_ticket_backend.ocr | ocr_extract_provider_selected image=scratch\diag_work\diag_p6.jpg provider=google_vision confidence=0.93
2026-08-02 13:44:42,155 | INFO | office_ticket_backend.ocr | ocr_extract_start image=scratch\diag_work\diag_p7.jpg provider_env=google_vision
2026-08-02 13:44:42,155 | INFO | office_ticket_backend.ocr | google_vision_request_start image=scratch\diag_work\diag_p7.jpg
2026-08-02 13:44:43,670 | INFO | office_ticket_backend.ocr | auto_orient_keyword word=NOVA avg_x=0.80 avg_y=0.97 image=diag_p7.jpg
2026-08-02 13:44:43,670 | INFO | office_ticket_backend.ocr | auto_orient_applied image=diag_p7.jpg angle=180
2026-08-02 13:44:44,022 | INFO | office_ticket_backend.ocr | auto_orient_resent image=diag_p7.jpg
2026-08-02 13:44:44,022 | INFO | office_ticket_backend.ocr | google_vision_raw_text image=diag_p7.jpg chars=295 first_800=DATE | NOVA CONSTRUCTION COMPANY LT | P.O. Box 1328 | Antigonish, NS | B2G 2L7 | • | Phone: 902-245-6386 Fax: 902-245-5132 | JOB NO. | LICENSE PLATE | LONG POINT QUARRY | TRUCKER | SOLD TO/ | CHARGED TO | DELIVER TO | MATERIAL | V | GROSS | 15 | TARE | NET | 06738 | RECEIVED BY | WHITE CUSTOMER COPY | CANARY TRUCKER'S COPY | PINK OFFICE COPY
2026-08-02 13:44:44,032 | INFO | office_ticket_backend.ocr | google_vision_request_success image=diag_p7.jpg avg_conf=0.97 ticket_id=06738 date= sold_to= plate= trucker=
2026-08-02 13:44:44,033 | INFO | office_ticket_backend.ocr | ocr_extract_provider_selected image=scratch\diag_work\diag_p7.jpg provider=google_vision confidence=0.97
2026-08-02 13:45:57,687 | INFO | office_ticket_backend.ocr | ocr_extract_start image=scratch\diag_work\diag_p1.jpg provider_env=google_vision
2026-08-02 13:45:58,142 | INFO | office_ticket_backend.ocr | google_vision_request_start image=scratch\diag_work\diag_p1.jpg
2026-08-02 13:45:59,864 | INFO | office_ticket_backend.ocr | auto_orient_keyword word=NOVA avg_x=0.82 avg_y=0.97 image=diag_p1.jpg
2026-08-02 13:45:59,865 | INFO | office_ticket_backend.ocr | auto_orient_applied image=diag_p1.jpg angle=180
2026-08-02 13:46:00,329 | INFO | office_ticket_backend.ocr | auto_orient_resent image=diag_p1.jpg
2026-08-02 13:46:00,330 | INFO | office_ticket_backend.ocr | google_vision_raw_text image=diag_p1.jpg chars=322 first_800=DATE | NOVA CONSTRUCTION COMPANY LTD | P.O. Box 1328 | Antigonish, NS | B2G 2L7 | Phone: 902-245-6386 Fax: 902-245-5132 | JOB NO. | SEABROOK QUARRY | 5088 | LICENSE PLATE | TRUCKER | D | SOLD TO/ | CHARGED TO | DELIVER TO | MATERIAL | C | GROSS | TARE | NET | C | ENTERED MAY 3 2025 | 1310 | 26671 | RECEIVED BY | WHITE CUSTOMER COPY | CANARY TRUCKER'S COPY | PINK OFFICE COPY
2026-08-02 13:46:00,339 | INFO | office_ticket_backend.ocr | google_vision_request_success image=diag_p1.jpg avg_conf=0.96 ticket_id=26671 date=2025-05-03 sold_to= plate= trucker=
2026-08-02 13:46:00,340 | INFO | office_ticket_backend.ocr | ocr_extract_provider_selected image=scratch\diag_work\diag_p1.jpg provider=google_vision confidence=0.96
2026-08-02 13:46:00,342 | INFO | office_ticket_backend.ocr | ocr_extract_start image=scratch\diag_work\diag_p2.jpg provider_env=google_vision
2026-08-02 13:46:00,343 | INFO | office_ticket_backend.ocr | google_vision_request_start image=scratch\diag_work\diag_p2.jpg
2026-08-02 13:46:01,996 | INFO | office_ticket_backend.ocr | auto_orient_keyword word=NOVA avg_x=0.80 avg_y=0.98 image=diag_p2.jpg
2026-08-02 13:46:01,996 | INFO | office_ticket_backend.ocr | auto_orient_applied image=diag_p2.jpg angle=180
2026-08-02 13:46:02,396 | INFO | office_ticket_backend.ocr | auto_orient_resent image=diag_p2.jpg
2026-08-02 13:46:02,396 | INFO | office_ticket_backend.ocr | google_vision_raw_text image=diag_p2.jpg chars=381 first_800=DATE | NOVA CONSTRUCTION COMPANY LTD | P.O. Box 1328 | Antigonish, NS | B2G 2L7 | Phone: 902-245-6386 Fax: 902-245-5132 | Apri/16/26 JOB NO. 2412602 | LICENSE PLATE | TRUCKER | SOLD TO/ | DESMOND QUARRY | 58505 | Seremy Wood Blaint. | CHARGED TO Municipal Windmill | DELIVER TO | Weavers Mat | MATERIAL | GROSS | 34900 | TARE | 20610 | NET | 0561 | 14290 | RECEIVED BY | WHITE CUSTOMER COPY | - | CANARY TRUCKER'S COPY | PINK-OFFICE COPY
2026-08-02 13:46:02,406 | INFO | office_ticket_backend.ocr | google_vision_request_success image=diag_p2.jpg avg_conf=0.91 ticket_id=0561 date= sold_to=Wood Blaint plate= trucker=Seremy Wood
2026-08-02 13:46:02,407 | INFO | office_ticket_backend.ocr | ocr_extract_provider_selected image=scratch\diag_work\diag_p2.jpg provider=google_vision confidence=0.91
2026-08-02 13:46:02,410 | INFO | office_ticket_backend.ocr | ocr_extract_start image=scratch\diag_work\diag_p3.jpg provider_env=google_vision
2026-08-02 13:46:02,411 | INFO | office_ticket_backend.ocr | google_vision_request_start image=scratch\diag_work\diag_p3.jpg
2026-08-02 13:46:04,072 | INFO | office_ticket_backend.ocr | auto_orient_keyword word=NOVA avg_x=0.80 avg_y=0.97 image=diag_p3.jpg
2026-08-02 13:46:04,072 | INFO | office_ticket_backend.ocr | auto_orient_applied image=diag_p3.jpg angle=180
2026-08-02 13:46:04,488 | INFO | office_ticket_backend.ocr | auto_orient_resent image=diag_p3.jpg
2026-08-02 13:46:04,488 | INFO | office_ticket_backend.ocr | google_vision_raw_text image=diag_p3.jpg chars=376 first_800=DATE | NOVA CONSTRUCTION COMPANY LTD | LICENSE PLATE | TRUCKER | SOLD TO/ | CHARGED TO | DELIVER TO | MATERIAL | GROSS | TARE | NET | P.O. Box 1328 | Antigonish, NS | B2G 2L7 | Phone: 902-245-6386 Fax: 902-245-5132 | 19/26 | JOB NO. | LONG POINT QUARRY | Dohert | herty Lime | Dohorty Lime | Dotorty | Type 1 | 25.350 | 10900 | 14.450 | 07235 | RECEIVED BY | spd | hime spo | - | WHITE CUSTOMER COPY | CANARY TRUCKER'S COPY | PINK-OFFICE COPY
2026-08-02 13:46:04,498 | INFO | office_ticket_backend.ocr | google_vision_request_success image=diag_p3.jpg avg_conf=0.93 ticket_id=07235 date= sold_to=spd plate= trucker=Dohert
2026-08-02 13:46:04,498 | INFO | office_ticket_backend.ocr | ocr_extract_provider_selected image=scratch\diag_work\diag_p3.jpg provider=google_vision confidence=0.93
2026-08-02 13:46:04,501 | INFO | office_ticket_backend.ocr | ocr_extract_start image=scratch\diag_work\diag_p4.jpg provider_env=google_vision
2026-08-02 13:46:04,501 | INFO | office_ticket_backend.ocr | google_vision_request_start image=scratch\diag_work\diag_p4.jpg
2026-08-02 13:46:06,089 | INFO | office_ticket_backend.ocr | auto_orient_keyword word=NOVA avg_x=0.81 avg_y=0.97 image=diag_p4.jpg
2026-08-02 13:46:06,090 | INFO | office_ticket_backend.ocr | auto_orient_applied image=diag_p4.jpg angle=180
2026-08-02 13:46:06,493 | INFO | office_ticket_backend.ocr | auto_orient_resent image=diag_p4.jpg
2026-08-02 13:46:06,493 | INFO | office_ticket_backend.ocr | google_vision_raw_text image=diag_p4.jpg chars=344 first_800=DATE | NOVA CONSTRUCTION COMPANY LTD | P.O. Box 1328 | Antigonish, NS | B2G 2L7 | Phone: 902-245-6386 Fax: 902-245-5132 | E May 8 2026 | LICENSE PLATE | JOB NO. | LONG POINT QUARRY | TRUCKER | SOLD TO/ | CHARGED TO | DELIVER TO | Chipman Trucking | MATERIAL | GROSS | TARE | NET | 07131 | 14 | COO | Tonne | RECEIVED BY | WHITE CUSTOMER COPY | •Mott Lloyd | CANARY TRUCKER'S COPY | PINK-OFFICE COPY
2026-08-02 13:46:06,501 | INFO | office_ticket_backend.ocr | google_vision_request_success image=diag_p4.jpg avg_conf=0.91 ticket_id=07131 date=2026-05-08 sold_to=Chipman Trucking plate= trucker=
2026-08-02 13:46:06,501 | INFO | office_ticket_backend.ocr | ocr_extract_provider_selected image=scratch\diag_work\diag_p4.jpg provider=google_vision confidence=0.91
2026-08-02 13:46:06,504 | INFO | office_ticket_backend.ocr | ocr_extract_start image=scratch\diag_work\diag_p5.jpg provider_env=google_vision
2026-08-02 13:46:06,505 | INFO | office_ticket_backend.ocr | google_vision_request_start image=scratch\diag_work\diag_p5.jpg
2026-08-02 13:46:08,184 | INFO | office_ticket_backend.ocr | auto_orient_keyword word=NOVA avg_x=0.80 avg_y=0.97 image=diag_p5.jpg
2026-08-02 13:46:08,185 | INFO | office_ticket_backend.ocr | auto_orient_applied image=diag_p5.jpg angle=180
2026-08-02 13:46:08,594 | INFO | office_ticket_backend.ocr | auto_orient_resent image=diag_p5.jpg
2026-08-02 13:46:08,594 | INFO | office_ticket_backend.ocr | google_vision_raw_text image=diag_p5.jpg chars=340 first_800=NOVA CONSTRUCTION COMPANY LTD | P.O. Box 1328 | Antigonish, NS | B2G 2L7 | Phone: 902-245-6386 Fax: 902-245-5132 | DATE May 11/26 | JOB NO. | LONG POINT QUARRY | LICENSE PLATE | TRUCKER | SOLD TO/ | CHARGED TO Potterty Lime HD | DELIVER TO | MATERIAL Serge | GROSS 26000 | TARE 1680 | NET 4320 | 07162 | WHITE CUSTOMER COPY | RECEIVED BY | - | CANARY TRUCKER'S COPY | PINK-OFFICE COPY
2026-08-02 13:46:08,602 | INFO | office_ticket_backend.ocr | google_vision_request_success image=diag_p5.jpg avg_conf=0.94 ticket_id=07162 date=2026-05-11 sold_to=Potterty Lime HD plate= trucker=
2026-08-02 13:46:08,603 | INFO | office_ticket_backend.ocr | ocr_extract_provider_selected image=scratch\diag_work\diag_p5.jpg provider=google_vision confidence=0.94
2026-08-02 13:46:08,606 | INFO | office_ticket_backend.ocr | ocr_extract_start image=scratch\diag_work\diag_p6.jpg provider_env=google_vision
2026-08-02 13:46:08,606 | INFO | office_ticket_backend.ocr | google_vision_request_start image=scratch\diag_work\diag_p6.jpg
2026-08-02 13:46:10,211 | INFO | office_ticket_backend.ocr | auto_orient_keyword word=NOVA avg_x=0.81 avg_y=0.97 image=diag_p6.jpg
2026-08-02 13:46:10,211 | INFO | office_ticket_backend.ocr | auto_orient_applied image=diag_p6.jpg angle=180
2026-08-02 13:46:10,623 | INFO | office_ticket_backend.ocr | auto_orient_resent image=diag_p6.jpg
2026-08-02 13:46:10,623 | INFO | office_ticket_backend.ocr | google_vision_raw_text image=diag_p6.jpg chars=318 first_800=NOVA CONSTRUCTION COMPANY LTD | P.O. Box 1328 | Antigonish, NS | B2G 2L7 | Phone: 902-245-6386 Fax: 902-245-5132 | DATE TI | June | 26 | JOB NO. | LICENSE PLATE | LONG POINT QUARRY | TRUCKER | SOLD TO/ | CHARGED TO RD | DELIVER TO | MATERIAL | GROSS | TARE | NET | Back Rack | 15 T | 00534 | WHITE CUSTOMER COPY | RECEIVED BY | CANARY TRUCKER'S COPY | PINK-OFFICE COPY
2026-08-02 13:46:10,631 | INFO | office_ticket_backend.ocr | google_vision_request_success image=diag_p6.jpg avg_conf=0.93 ticket_id=00534 date=2026-06-26 sold_to=RD plate= trucker=
2026-08-02 13:46:10,632 | INFO | office_ticket_backend.ocr | ocr_extract_provider_selected image=scratch\diag_work\diag_p6.jpg provider=google_vision confidence=0.93
2026-08-02 13:46:10,635 | INFO | office_ticket_backend.ocr | ocr_extract_start image=scratch\diag_work\diag_p7.jpg provider_env=google_vision
2026-08-02 13:46:10,635 | INFO | office_ticket_backend.ocr | google_vision_request_start image=scratch\diag_work\diag_p7.jpg
2026-08-02 13:46:12,134 | INFO | office_ticket_backend.ocr | auto_orient_keyword word=NOVA avg_x=0.80 avg_y=0.97 image=diag_p7.jpg
2026-08-02 13:46:12,135 | INFO | office_ticket_backend.ocr | auto_orient_applied image=diag_p7.jpg angle=180
2026-08-02 13:46:12,556 | INFO | office_ticket_backend.ocr | auto_orient_resent image=diag_p7.jpg
2026-08-02 13:46:12,557 | INFO | office_ticket_backend.ocr | google_vision_raw_text image=diag_p7.jpg chars=295 first_800=DATE | NOVA CONSTRUCTION COMPANY LT | P.O. Box 1328 | Antigonish, NS | B2G 2L7 | Phone: 902-245-6386 Fax: 902-245-5132 | • | JOB NO. | LICENSE PLATE | LONG POINT QUARRY | TRUCKER | SOLD TO/ | CHARGED TO | DELIVER TO | MATERIAL | V | GROSS | 15 | TARE | NET | 06738 | RECEIVED BY | WHITE CUSTOMER COPY | CANARY TRUCKER'S COPY | PINK OFFICE COPY
2026-08-02 13:46:12,564 | INFO | office_ticket_backend.ocr | google_vision_request_success image=diag_p7.jpg avg_conf=0.97 ticket_id=06738 date= sold_to= plate= trucker=
2026-08-02 13:46:12,564 | INFO | office_ticket_backend.ocr | ocr_extract_provider_selected image=scratch\diag_work\diag_p7.jpg provider=google_vision confidence=0.97
2026-08-02 13:47:43,368 | INFO | office_ticket_backend.ocr | ocr_extract_start image=scratch\diag_work\diag_p1.jpg provider_env=google_vision
2026-08-02 13:47:43,858 | INFO | office_ticket_backend.ocr | google_vision_request_start image=scratch\diag_work\diag_p1.jpg
2026-08-02 13:47:45,805 | INFO | office_ticket_backend.ocr | auto_orient_keyword word=NOVA avg_x=0.82 avg_y=0.97 image=diag_p1.jpg
2026-08-02 13:47:45,805 | INFO | office_ticket_backend.ocr | auto_orient_applied image=diag_p1.jpg angle=180
2026-08-02 13:47:46,201 | INFO | office_ticket_backend.ocr | auto_orient_resent image=diag_p1.jpg
2026-08-02 13:47:46,201 | INFO | office_ticket_backend.ocr | google_vision_raw_text image=diag_p1.jpg chars=322 first_800=DATE | NOVA CONSTRUCTION COMPANY LTD | P.O. Box 1328 | Antigonish, NS | B2G 2L7 | Phone: 902-245-6386 Fax: 902-245-5132 | JOB NO. | SEABROOK QUARRY | 5088 | LICENSE PLATE | TRUCKER | D | SOLD TO/ | CHARGED TO | DELIVER TO | MATERIAL | C | GROSS | TARE | NET | C | ENTERED MAY 3 2025 | 1310 | 26671 | RECEIVED BY | WHITE CUSTOMER COPY | CANARY TRUCKER'S COPY | PINK OFFICE COPY
2026-08-02 13:47:46,211 | INFO | office_ticket_backend.ocr | google_vision_request_success image=diag_p1.jpg avg_conf=0.96 ticket_id=26671 date=2025-05-03 sold_to= plate= trucker=
2026-08-02 13:47:46,211 | INFO | office_ticket_backend.ocr | ocr_extract_provider_selected image=scratch\diag_work\diag_p1.jpg provider=google_vision confidence=0.96
2026-08-02 13:47:46,214 | INFO | office_ticket_backend.ocr | ocr_extract_start image=scratch\diag_work\diag_p2.jpg provider_env=google_vision
2026-08-02 13:47:46,214 | INFO | office_ticket_backend.ocr | google_vision_request_start image=scratch\diag_work\diag_p2.jpg
2026-08-02 13:47:47,894 | INFO | office_ticket_backend.ocr | auto_orient_keyword word=NOVA avg_x=0.80 avg_y=0.98 image=diag_p2.jpg
2026-08-02 13:47:47,894 | INFO | office_ticket_backend.ocr | auto_orient_applied image=diag_p2.jpg angle=180
2026-08-02 13:47:48,281 | INFO | office_ticket_backend.ocr | auto_orient_resent image=diag_p2.jpg
2026-08-02 13:47:48,281 | INFO | office_ticket_backend.ocr | google_vision_raw_text image=diag_p2.jpg chars=381 first_800=DATE | NOVA CONSTRUCTION COMPANY LTD | P.O. Box 1328 | Antigonish, NS | B2G 2L7 | Phone: 902-245-6386 Fax: 902-245-5132 | Apri/16/26 JOB NO. 2412602 | LICENSE PLATE | TRUCKER | SOLD TO/ | DESMOND QUARRY | 58505 | Seremy Wood Blaint. | CHARGED TO Municipal Windmill | DELIVER TO | Weavers Mat | MATERIAL | GROSS | 34900 | TARE | 20610 | NET | 0561 | 14290 | RECEIVED BY | WHITE CUSTOMER COPY | - | CANARY TRUCKER'S COPY | PINK-OFFICE COPY
2026-08-02 13:47:48,291 | INFO | office_ticket_backend.ocr | google_vision_request_success image=diag_p2.jpg avg_conf=0.91 ticket_id=0561 date= sold_to=Wood Blaint plate= trucker=Seremy Wood
2026-08-02 13:47:48,292 | INFO | office_ticket_backend.ocr | ocr_extract_provider_selected image=scratch\diag_work\diag_p2.jpg provider=google_vision confidence=0.91
2026-08-02 13:47:48,294 | INFO | office_ticket_backend.ocr | ocr_extract_start image=scratch\diag_work\diag_p3.jpg provider_env=google_vision
2026-08-02 13:47:48,294 | INFO | office_ticket_backend.ocr | google_vision_request_start image=scratch\diag_work\diag_p3.jpg
2026-08-02 13:47:49,997 | INFO | office_ticket_backend.ocr | auto_orient_keyword word=NOVA avg_x=0.80 avg_y=0.97 image=diag_p3.jpg
2026-08-02 13:47:49,997 | INFO | office_ticket_backend.ocr | auto_orient_applied image=diag_p3.jpg angle=180
2026-08-02 13:47:50,424 | INFO | office_ticket_backend.ocr | auto_orient_resent image=diag_p3.jpg
2026-08-02 13:47:50,424 | INFO | office_ticket_backend.ocr | google_vision_raw_text image=diag_p3.jpg chars=376 first_800=DATE | NOVA CONSTRUCTION COMPANY LTD | LICENSE PLATE | TRUCKER | SOLD TO/ | CHARGED TO | DELIVER TO | MATERIAL | GROSS | TARE | NET | P.O. Box 1328 | Antigonish, NS | B2G 2L7 | Phone: 902-245-6386 Fax: 902-245-5132 | 19/26 | JOB NO. | LONG POINT QUARRY | Dohert | herty Lime | Dohorty Lime | Dotorty | Type 1 | 25.350 | 10900 | 14.450 | 07235 | RECEIVED BY | spd | hime spo | - | WHITE CUSTOMER COPY | CANARY TRUCKER'S COPY | PINK-OFFICE COPY
2026-08-02 13:47:50,432 | INFO | office_ticket_backend.ocr | google_vision_request_success image=diag_p3.jpg avg_conf=0.93 ticket_id=07235 date= sold_to=spd plate= trucker=Dohert
2026-08-02 13:47:50,433 | INFO | office_ticket_backend.ocr | ocr_extract_provider_selected image=scratch\diag_work\diag_p3.jpg provider=google_vision confidence=0.93
2026-08-02 13:47:50,435 | INFO | office_ticket_backend.ocr | ocr_extract_start image=scratch\diag_work\diag_p4.jpg provider_env=google_vision
2026-08-02 13:47:50,436 | INFO | office_ticket_backend.ocr | google_vision_request_start image=scratch\diag_work\diag_p4.jpg
2026-08-02 13:47:52,081 | INFO | office_ticket_backend.ocr | auto_orient_keyword word=NOVA avg_x=0.81 avg_y=0.97 image=diag_p4.jpg
2026-08-02 13:47:52,081 | INFO | office_ticket_backend.ocr | auto_orient_applied image=diag_p4.jpg angle=180
2026-08-02 13:47:52,527 | INFO | office_ticket_backend.ocr | auto_orient_resent image=diag_p4.jpg
2026-08-02 13:47:52,528 | INFO | office_ticket_backend.ocr | google_vision_raw_text image=diag_p4.jpg chars=344 first_800=DATE | NOVA CONSTRUCTION COMPANY LTD | P.O. Box 1328 | Antigonish, NS | B2G 2L7 | Phone: 902-245-6386 Fax: 902-245-5132 | E May 8 2026 | LICENSE PLATE | JOB NO. | LONG POINT QUARRY | TRUCKER | SOLD TO/ | CHARGED TO | DELIVER TO | Chipman Trucking | MATERIAL | GROSS | TARE | NET | 07131 | 14 | COO | Tonne | RECEIVED BY | WHITE CUSTOMER COPY | •Mott Lloyd | CANARY TRUCKER'S COPY | PINK-OFFICE COPY
2026-08-02 13:47:52,536 | INFO | office_ticket_backend.ocr | google_vision_request_success image=diag_p4.jpg avg_conf=0.91 ticket_id=07131 date=2026-05-08 sold_to=Chipman Trucking plate= trucker=
2026-08-02 13:47:52,536 | INFO | office_ticket_backend.ocr | ocr_extract_provider_selected image=scratch\diag_work\diag_p4.jpg provider=google_vision confidence=0.91
2026-08-02 13:47:52,539 | INFO | office_ticket_backend.ocr | ocr_extract_start image=scratch\diag_work\diag_p5.jpg provider_env=google_vision
2026-08-02 13:47:52,540 | INFO | office_ticket_backend.ocr | google_vision_request_start image=scratch\diag_work\diag_p5.jpg
2026-08-02 13:47:54,168 | INFO | office_ticket_backend.ocr | auto_orient_keyword word=NOVA avg_x=0.80 avg_y=0.97 image=diag_p5.jpg
2026-08-02 13:47:54,168 | INFO | office_ticket_backend.ocr | auto_orient_applied image=diag_p5.jpg angle=180
2026-08-02 13:47:54,584 | INFO | office_ticket_backend.ocr | auto_orient_resent image=diag_p5.jpg
2026-08-02 13:47:54,585 | INFO | office_ticket_backend.ocr | google_vision_raw_text image=diag_p5.jpg chars=340 first_800=NOVA CONSTRUCTION COMPANY LTD | P.O. Box 1328 | Antigonish, NS | B2G 2L7 | Phone: 902-245-6386 Fax: 902-245-5132 | DATE May 11/26 | JOB NO. | LONG POINT QUARRY | LICENSE PLATE | TRUCKER | SOLD TO/ | CHARGED TO Potterty Lime HD | DELIVER TO | MATERIAL Serge | GROSS 26000 | TARE 1680 | NET 4320 | 07162 | WHITE CUSTOMER COPY | RECEIVED BY | - | CANARY TRUCKER'S COPY | PINK-OFFICE COPY
2026-08-02 13:47:54,593 | INFO | office_ticket_backend.ocr | google_vision_request_success image=diag_p5.jpg avg_conf=0.94 ticket_id=07162 date=2026-05-11 sold_to=Potterty Lime HD plate= trucker=
2026-08-02 13:47:54,593 | INFO | office_ticket_backend.ocr | ocr_extract_provider_selected image=scratch\diag_work\diag_p5.jpg provider=google_vision confidence=0.94
2026-08-02 13:47:54,596 | INFO | office_ticket_backend.ocr | ocr_extract_start image=scratch\diag_work\diag_p6.jpg provider_env=google_vision
2026-08-02 13:47:54,596 | INFO | office_ticket_backend.ocr | google_vision_request_start image=scratch\diag_work\diag_p6.jpg
2026-08-02 13:47:56,329 | INFO | office_ticket_backend.ocr | auto_orient_keyword word=NOVA avg_x=0.81 avg_y=0.97 image=diag_p6.jpg
2026-08-02 13:47:56,330 | INFO | office_ticket_backend.ocr | auto_orient_applied image=diag_p6.jpg angle=180
2026-08-02 13:47:56,749 | INFO | office_ticket_backend.ocr | auto_orient_resent image=diag_p6.jpg
2026-08-02 13:47:56,749 | INFO | office_ticket_backend.ocr | google_vision_raw_text image=diag_p6.jpg chars=318 first_800=NOVA CONSTRUCTION COMPANY LTD | P.O. Box 1328 | Antigonish, NS | B2G 2L7 | Phone: 902-245-6386 Fax: 902-245-5132 | DATE TI | June | 26 | JOB NO. | LICENSE PLATE | LONG POINT QUARRY | TRUCKER | SOLD TO/ | CHARGED TO RD | DELIVER TO | MATERIAL | GROSS | TARE | NET | Back Rack | 15 T | 00534 | WHITE CUSTOMER COPY | RECEIVED BY | CANARY TRUCKER'S COPY | PINK-OFFICE COPY
2026-08-02 13:47:56,756 | INFO | office_ticket_backend.ocr | google_vision_request_success image=diag_p6.jpg avg_conf=0.93 ticket_id=00534 date= sold_to=RD plate= trucker=
2026-08-02 13:47:56,757 | INFO | office_ticket_backend.ocr | ocr_extract_provider_selected image=scratch\diag_work\diag_p6.jpg provider=google_vision confidence=0.93
2026-08-02 13:47:56,760 | INFO | office_ticket_backend.ocr | ocr_extract_start image=scratch\diag_work\diag_p7.jpg provider_env=google_vision
2026-08-02 13:47:56,761 | INFO | office_ticket_backend.ocr | google_vision_request_start image=scratch\diag_work\diag_p7.jpg
2026-08-02 13:47:58,394 | INFO | office_ticket_backend.ocr | auto_orient_keyword word=NOVA avg_x=0.80 avg_y=0.97 image=diag_p7.jpg
2026-08-02 13:47:58,394 | INFO | office_ticket_backend.ocr | auto_orient_applied image=diag_p7.jpg angle=180
2026-08-02 13:47:58,774 | INFO | office_ticket_backend.ocr | auto_orient_resent image=diag_p7.jpg
2026-08-02 13:47:58,774 | INFO | office_ticket_backend.ocr | google_vision_raw_text image=diag_p7.jpg chars=295 first_800=DATE | NOVA CONSTRUCTION COMPANY LT | P.O. Box 1328 | Antigonish, NS | B2G 2L7 | Phone: 902-245-6386 Fax: 902-245-5132 | • | JOB NO. | LICENSE PLATE | LONG POINT QUARRY | TRUCKER | SOLD TO/ | CHARGED TO | DELIVER TO | MATERIAL | V | GROSS | 15 | TARE | NET | 06738 | RECEIVED BY | WHITE CUSTOMER COPY | CANARY TRUCKER'S COPY | PINK OFFICE COPY
2026-08-02 13:47:58,781 | INFO | office_ticket_backend.ocr | google_vision_request_success image=diag_p7.jpg avg_conf=0.97 ticket_id=06738 date= sold_to= plate= trucker=
2026-08-02 13:47:58,781 | INFO | office_ticket_backend.ocr | ocr_extract_provider_selected image=scratch\diag_work\diag_p7.jpg provider=google_vision confidence=0.97
2026-08-02 13:48:15,284 | INFO | office_ticket_backend.ocr | pytesseract_request_start image=E:\Projects\Nova Construction Ticket App\docs\client_research\Info provided\Images\Ticket example 1.jpg
2026-08-02 13:48:17,286 | INFO | office_ticket_backend.ocr | pytesseract_request_success image=E:\Projects\Nova Construction Ticket App\docs\client_research\Info provided\Images\Ticket example 1.jpg conf=0.56
2026-08-02 13:48:17,287 | INFO | office_ticket_backend.ocr | ocr_extract_start image=E:\Projects\Nova Construction Ticket App\docs\client_research\Info provided\Images\Ticket example 2.jpg provider_env=google_vision
2026-08-02 13:48:17,752 | INFO | office_ticket_backend.ocr | google_vision_request_start image=E:\Projects\Nova Construction Ticket App\docs\client_research\Info provided\Images\Ticket example 2.jpg
2026-08-02 13:48:19,351 | INFO | office_ticket_backend.ocr | auto_orient_keyword word=NOVA avg_x=0.25 avg_y=0.23 image=Ticket example 2.jpg
2026-08-02 13:48:19,352 | INFO | office_ticket_backend.ocr | google_vision_raw_text image=Ticket example 2.jpg chars=353 first_800=DATE | NOVA CONSTRUCTION COMPANY LT | P.O. Box 1328 | Antigonish, NS | B2G 2L7 | Phone: 902-245-6386 Fax: 902-245-5132 | May 13/26 | LICENSE PLATE | JOB NO. | LONG POINT QUARRY | TRUCKER | SOLD TO/ | CHARGED TO | DELIVER TO | MATERIAL | Gerry fulton | Long Point Rd.. | Type 1 | GROSS 25,000 | TARE | NET | 9800 | 15,200 | 07173 | WHITE CUSTOMER COPY | RECEIVED BY | CANARY TRUCKER'S COPY | PINK-OFFICE COPY
2026-08-02 13:48:19,360 | INFO | office_ticket_backend.ocr | google_vision_request_success image=Ticket example 2.jpg avg_conf=0.93 ticket_id=07173 date=2026-05-13 sold_to=Gerry fulton plate= trucker=
2026-08-02 13:48:19,362 | INFO | office_ticket_backend.ocr | ocr_extract_provider_selected image=E:\Projects\Nova Construction Ticket App\docs\client_research\Info provided\Images\Ticket example 2.jpg provider=google_vision confidence=0.93
2026-08-02 13:48:26,864 | INFO | office_ticket_backend.ocr | ocr_extract_start image=docs\client_research\Info provided\Images\Ticket example 1.jpg provider_env=google_vision
2026-08-02 13:48:27,371 | INFO | office_ticket_backend.ocr | google_vision_request_start image=docs\client_research\Info provided\Images\Ticket example 1.jpg
2026-08-02 13:48:29,477 | INFO | office_ticket_backend.ocr | auto_orient_keyword word=NOVA avg_x=0.22 avg_y=0.14 image=Ticket example 1.jpg
2026-08-02 13:48:29,480 | INFO | office_ticket_backend.ocr | google_vision_raw_text image=Ticket example 1.jpg chars=372 first_800=NOVA CONSTRUCTION COMPANY LTD | P.O. Box 1328 | Antigonish, NS | B2G 2L7 | Phone: 902-245-6386 Fax: 902-245-5132 | DATE | May 20126 | LICENSE PLATE | TRUCKER | SOLD TO/ | CHARGED TO | DELIVER TO | JOB NO. | PLEASANT VALLEY QUARRY | 59-39717 | Keith Obnion | 2578 RR #3 Maryvale | tapel | MATERIAL | GROSS | 26,100 | TARE | 10'300 | NET | 15.800 | 0355 | WHITE-CUSTOMER COPY | RECEIVED BY | CANARY-TRUCKER'S COPY | PINK-OFFICE COPY
2026-08-02 13:48:29,491 | INFO | office_ticket_backend.ocr | google_vision_request_success image=Ticket example 1.jpg avg_conf=0.93 ticket_id=2578 date= sold_to=Keith Obnion plate= trucker=
2026-08-02 13:48:29,492 | INFO | office_ticket_backend.ocr | ocr_extract_provider_selected image=docs\client_research\Info provided\Images\Ticket example 1.jpg provider=google_vision confidence=0.93
2026-08-02 13:49:42,223 | INFO | office_ticket_backend.ocr | ocr_extract_start image=scratch\diag_work\diag_p1.jpg provider_env=google_vision
2026-08-02 13:49:42,733 | INFO | office_ticket_backend.ocr | google_vision_request_start image=scratch\diag_work\diag_p1.jpg
2026-08-02 13:49:44,627 | INFO | office_ticket_backend.ocr | auto_orient_keyword word=NOVA avg_x=0.82 avg_y=0.97 image=diag_p1.jpg
2026-08-02 13:49:44,627 | INFO | office_ticket_backend.ocr | auto_orient_applied image=diag_p1.jpg angle=180
2026-08-02 13:49:45,019 | INFO | office_ticket_backend.ocr | auto_orient_resent image=diag_p1.jpg
2026-08-02 13:49:45,019 | INFO | office_ticket_backend.ocr | google_vision_raw_text image=diag_p1.jpg chars=322 first_800=DATE | NOVA CONSTRUCTION COMPANY LTD | P.O. Box 1328 | Antigonish, NS | B2G 2L7 | Phone: 902-245-6386 Fax: 902-245-5132 | JOB NO. | SEABROOK QUARRY | 5088 | LICENSE PLATE | TRUCKER | D | SOLD TO/ | CHARGED TO | DELIVER TO | MATERIAL | C | GROSS | TARE | NET | C | ENTERED MAY 3 2025 | 1310 | 26671 | RECEIVED BY | WHITE CUSTOMER COPY | CANARY TRUCKER'S COPY | PINK OFFICE COPY
2026-08-02 13:49:45,028 | INFO | office_ticket_backend.ocr | google_vision_request_success image=diag_p1.jpg avg_conf=0.96 ticket_id=26671 date=2025-05-03 sold_to= plate= trucker=
2026-08-02 13:49:45,028 | INFO | office_ticket_backend.ocr | ocr_extract_provider_selected image=scratch\diag_work\diag_p1.jpg provider=google_vision confidence=0.96
2026-08-02 13:49:45,031 | INFO | office_ticket_backend.ocr | ocr_extract_start image=scratch\diag_work\diag_p2.jpg provider_env=google_vision
2026-08-02 13:49:45,032 | INFO | office_ticket_backend.ocr | google_vision_request_start image=scratch\diag_work\diag_p2.jpg
2026-08-02 13:49:46,660 | INFO | office_ticket_backend.ocr | auto_orient_keyword word=NOVA avg_x=0.80 avg_y=0.98 image=diag_p2.jpg
2026-08-02 13:49:46,660 | INFO | office_ticket_backend.ocr | auto_orient_applied image=diag_p2.jpg angle=180
2026-08-02 13:49:47,069 | INFO | office_ticket_backend.ocr | auto_orient_resent image=diag_p2.jpg
2026-08-02 13:49:47,070 | INFO | office_ticket_backend.ocr | google_vision_raw_text image=diag_p2.jpg chars=381 first_800=DATE | NOVA CONSTRUCTION COMPANY LTD | P.O. Box 1328 | Antigonish, NS | B2G 2L7 | Phone: 902-245-6386 Fax: 902-245-5132 | Apri/16/26 JOB NO. 2412602 | LICENSE PLATE | TRUCKER | SOLD TO/ | DESMOND QUARRY | 58505 | Seremy Wood Blaint. | CHARGED TO Municipal Windmill | DELIVER TO | Weavers Mat | MATERIAL | GROSS | 34900 | TARE | 20610 | NET | 0561 | 14290 | RECEIVED BY | WHITE CUSTOMER COPY | - | CANARY TRUCKER'S COPY | PINK-OFFICE COPY
2026-08-02 13:49:47,079 | INFO | office_ticket_backend.ocr | google_vision_request_success image=diag_p2.jpg avg_conf=0.91 ticket_id=0561 date= sold_to=Wood Blaint plate= trucker=Seremy Wood
2026-08-02 13:49:47,079 | INFO | office_ticket_backend.ocr | ocr_extract_provider_selected image=scratch\diag_work\diag_p2.jpg provider=google_vision confidence=0.91
2026-08-02 13:49:47,083 | INFO | office_ticket_backend.ocr | ocr_extract_start image=scratch\diag_work\diag_p3.jpg provider_env=google_vision
2026-08-02 13:49:47,083 | INFO | office_ticket_backend.ocr | google_vision_request_start image=scratch\diag_work\diag_p3.jpg
2026-08-02 13:49:48,673 | INFO | office_ticket_backend.ocr | auto_orient_keyword word=NOVA avg_x=0.80 avg_y=0.97 image=diag_p3.jpg
2026-08-02 13:49:48,673 | INFO | office_ticket_backend.ocr | auto_orient_applied image=diag_p3.jpg angle=180
2026-08-02 13:49:49,064 | INFO | office_ticket_backend.ocr | auto_orient_resent image=diag_p3.jpg
2026-08-02 13:49:49,064 | INFO | office_ticket_backend.ocr | google_vision_raw_text image=diag_p3.jpg chars=376 first_800=DATE | NOVA CONSTRUCTION COMPANY LTD | LICENSE PLATE | TRUCKER | SOLD TO/ | CHARGED TO | DELIVER TO | MATERIAL | GROSS | TARE | NET | P.O. Box 1328 | Antigonish, NS | B2G 2L7 | Phone: 902-245-6386 Fax: 902-245-5132 | 19/26 | JOB NO. | LONG POINT QUARRY | Dohert | herty Lime | Dohorty Lime | Dotorty | Type 1 | 25.350 | 10900 | 14.450 | 07235 | RECEIVED BY | spd | hime spo | - | WHITE CUSTOMER COPY | CANARY TRUCKER'S COPY | PINK-OFFICE COPY
2026-08-02 13:49:49,072 | INFO | office_ticket_backend.ocr | google_vision_request_success image=diag_p3.jpg avg_conf=0.93 ticket_id=07235 date= sold_to=spd plate= trucker=Dohert
2026-08-02 13:49:49,073 | INFO | office_ticket_backend.ocr | ocr_extract_provider_selected image=scratch\diag_work\diag_p3.jpg provider=google_vision confidence=0.93
2026-08-02 13:49:49,075 | INFO | office_ticket_backend.ocr | ocr_extract_start image=scratch\diag_work\diag_p4.jpg provider_env=google_vision
2026-08-02 13:49:49,075 | INFO | office_ticket_backend.ocr | google_vision_request_start image=scratch\diag_work\diag_p4.jpg
2026-08-02 13:49:50,749 | INFO | office_ticket_backend.ocr | auto_orient_keyword word=NOVA avg_x=0.81 avg_y=0.97 image=diag_p4.jpg
2026-08-02 13:49:50,751 | INFO | office_ticket_backend.ocr | auto_orient_applied image=diag_p4.jpg angle=180
2026-08-02 13:49:51,141 | INFO | office_ticket_backend.ocr | auto_orient_resent image=diag_p4.jpg
2026-08-02 13:49:51,142 | INFO | office_ticket_backend.ocr | google_vision_raw_text image=diag_p4.jpg chars=344 first_800=DATE | NOVA CONSTRUCTION COMPANY LTD | P.O. Box 1328 | Antigonish, NS | B2G 2L7 | Phone: 902-245-6386 Fax: 902-245-5132 | E May 8 2026 | LICENSE PLATE | JOB NO. | LONG POINT QUARRY | TRUCKER | SOLD TO/ | CHARGED TO | DELIVER TO | Chipman Trucking | MATERIAL | GROSS | TARE | NET | 07131 | 14 | COO | Tonne | RECEIVED BY | WHITE CUSTOMER COPY | •Mott Lloyd | CANARY TRUCKER'S COPY | PINK-OFFICE COPY
2026-08-02 13:49:51,150 | INFO | office_ticket_backend.ocr | google_vision_request_success image=diag_p4.jpg avg_conf=0.91 ticket_id=07131 date=2026-05-08 sold_to=Chipman Trucking plate= trucker=
2026-08-02 13:49:51,150 | INFO | office_ticket_backend.ocr | ocr_extract_provider_selected image=scratch\diag_work\diag_p4.jpg provider=google_vision confidence=0.91
2026-08-02 13:49:51,153 | INFO | office_ticket_backend.ocr | ocr_extract_start image=scratch\diag_work\diag_p5.jpg provider_env=google_vision
2026-08-02 13:49:51,154 | INFO | office_ticket_backend.ocr | google_vision_request_start image=scratch\diag_work\diag_p5.jpg
2026-08-02 13:49:52,853 | INFO | office_ticket_backend.ocr | auto_orient_keyword word=NOVA avg_x=0.80 avg_y=0.97 image=diag_p5.jpg
2026-08-02 13:49:52,853 | INFO | office_ticket_backend.ocr | auto_orient_applied image=diag_p5.jpg angle=180
2026-08-02 13:49:53,245 | INFO | office_ticket_backend.ocr | auto_orient_resent image=diag_p5.jpg
2026-08-02 13:49:53,245 | INFO | office_ticket_backend.ocr | google_vision_raw_text image=diag_p5.jpg chars=340 first_800=NOVA CONSTRUCTION COMPANY LTD | P.O. Box 1328 | Antigonish, NS | B2G 2L7 | Phone: 902-245-6386 Fax: 902-245-5132 | DATE May 11/26 | JOB NO. | LONG POINT QUARRY | LICENSE PLATE | TRUCKER | SOLD TO/ | CHARGED TO Potterty Lime HD | DELIVER TO | MATERIAL Serge | GROSS 26000 | TARE 1680 | NET 4320 | 07162 | WHITE CUSTOMER COPY | RECEIVED BY | - | CANARY TRUCKER'S COPY | PINK-OFFICE COPY
2026-08-02 13:49:53,252 | INFO | office_ticket_backend.ocr | google_vision_request_success image=diag_p5.jpg avg_conf=0.94 ticket_id=07162 date=2026-05-11 sold_to=Potterty Lime HD plate= trucker=
2026-08-02 13:49:53,253 | INFO | office_ticket_backend.ocr | ocr_extract_provider_selected image=scratch\diag_work\diag_p5.jpg provider=google_vision confidence=0.94
2026-08-02 13:49:53,256 | INFO | office_ticket_backend.ocr | ocr_extract_start image=scratch\diag_work\diag_p6.jpg provider_env=google_vision
2026-08-02 13:49:53,257 | INFO | office_ticket_backend.ocr | google_vision_request_start image=scratch\diag_work\diag_p6.jpg
2026-08-02 13:49:54,977 | INFO | office_ticket_backend.ocr | auto_orient_keyword word=NOVA avg_x=0.81 avg_y=0.97 image=diag_p6.jpg
2026-08-02 13:49:54,978 | INFO | office_ticket_backend.ocr | auto_orient_applied image=diag_p6.jpg angle=180
2026-08-02 13:49:55,357 | INFO | office_ticket_backend.ocr | auto_orient_resent image=diag_p6.jpg
2026-08-02 13:49:55,358 | INFO | office_ticket_backend.ocr | google_vision_raw_text image=diag_p6.jpg chars=318 first_800=NOVA CONSTRUCTION COMPANY LTD | P.O. Box 1328 | Antigonish, NS | B2G 2L7 | Phone: 902-245-6386 Fax: 902-245-5132 | DATE TI | June | 26 | JOB NO. | LICENSE PLATE | LONG POINT QUARRY | TRUCKER | SOLD TO/ | CHARGED TO RD | DELIVER TO | MATERIAL | GROSS | TARE | NET | Back Rack | 15 T | 00534 | WHITE CUSTOMER COPY | RECEIVED BY | CANARY TRUCKER'S COPY | PINK-OFFICE COPY
2026-08-02 13:49:55,365 | INFO | office_ticket_backend.ocr | google_vision_request_success image=diag_p6.jpg avg_conf=0.93 ticket_id=00534 date= sold_to=RD plate= trucker=
2026-08-02 13:49:55,366 | INFO | office_ticket_backend.ocr | ocr_extract_provider_selected image=scratch\diag_work\diag_p6.jpg provider=google_vision confidence=0.93
2026-08-02 13:49:55,369 | INFO | office_ticket_backend.ocr | ocr_extract_start image=scratch\diag_work\diag_p7.jpg provider_env=google_vision
2026-08-02 13:49:55,369 | INFO | office_ticket_backend.ocr | google_vision_request_start image=scratch\diag_work\diag_p7.jpg
2026-08-02 13:49:56,946 | INFO | office_ticket_backend.ocr | auto_orient_keyword word=NOVA avg_x=0.80 avg_y=0.97 image=diag_p7.jpg
2026-08-02 13:49:56,946 | INFO | office_ticket_backend.ocr | auto_orient_applied image=diag_p7.jpg angle=180
2026-08-02 13:49:57,293 | INFO | office_ticket_backend.ocr | auto_orient_resent image=diag_p7.jpg
2026-08-02 13:49:57,294 | INFO | office_ticket_backend.ocr | google_vision_raw_text image=diag_p7.jpg chars=295 first_800=DATE | NOVA CONSTRUCTION COMPANY LT | P.O. Box 1328 | Antigonish, NS | B2G 2L7 | • | Phone: 902-245-6386 Fax: 902-245-5132 | JOB NO. | LICENSE PLATE | LONG POINT QUARRY | TRUCKER | SOLD TO/ | CHARGED TO | DELIVER TO | MATERIAL | V | GROSS | 15 | TARE | NET | 06738 | RECEIVED BY | WHITE CUSTOMER COPY | CANARY TRUCKER'S COPY | PINK OFFICE COPY
2026-08-02 13:49:57,300 | INFO | office_ticket_backend.ocr | google_vision_request_success image=diag_p7.jpg avg_conf=0.97 ticket_id=06738 date= sold_to= plate= trucker=
2026-08-02 13:49:57,301 | INFO | office_ticket_backend.ocr | ocr_extract_provider_selected image=scratch\diag_work\diag_p7.jpg provider=google_vision confidence=0.97
2026-08-02 13:49:58,006 | INFO | office_ticket_backend.ocr | pytesseract_request_start image=E:\Projects\Nova Construction Ticket App\docs\client_research\Info provided\Images\Ticket example 1.jpg
2026-08-02 13:49:59,472 | INFO | office_ticket_backend.ocr | pytesseract_request_success image=E:\Projects\Nova Construction Ticket App\docs\client_research\Info provided\Images\Ticket example 1.jpg conf=0.56
2026-08-02 13:49:59,473 | INFO | office_ticket_backend.ocr | ocr_extract_start image=E:\Projects\Nova Construction Ticket App\docs\client_research\Info provided\Images\Ticket example 2.jpg provider_env=google_vision
2026-08-02 13:49:59,935 | INFO | office_ticket_backend.ocr | google_vision_request_start image=E:\Projects\Nova Construction Ticket App\docs\client_research\Info provided\Images\Ticket example 2.jpg
2026-08-02 13:50:01,515 | INFO | office_ticket_backend.ocr | auto_orient_keyword word=NOVA avg_x=0.25 avg_y=0.23 image=Ticket example 2.jpg
2026-08-02 13:50:01,516 | INFO | office_ticket_backend.ocr | google_vision_raw_text image=Ticket example 2.jpg chars=353 first_800=DATE | NOVA CONSTRUCTION COMPANY LT | P.O. Box 1328 | Antigonish, NS | B2G 2L7 | Phone: 902-245-6386 Fax: 902-245-5132 | May 13/26 | LICENSE PLATE | JOB NO. | LONG POINT QUARRY | TRUCKER | SOLD TO/ | CHARGED TO | DELIVER TO | MATERIAL | Gerry fulton | Long Point Rd.. | Type 1 | GROSS 25,000 | TARE | NET | 9800 | 15,200 | 07173 | WHITE CUSTOMER COPY | RECEIVED BY | CANARY TRUCKER'S COPY | PINK-OFFICE COPY
2026-08-02 13:50:01,526 | INFO | office_ticket_backend.ocr | google_vision_request_success image=Ticket example 2.jpg avg_conf=0.93 ticket_id=07173 date=2026-05-13 sold_to=Gerry fulton plate= trucker=
2026-08-02 13:50:01,527 | INFO | office_ticket_backend.ocr | ocr_extract_provider_selected image=E:\Projects\Nova Construction Ticket App\docs\client_research\Info provided\Images\Ticket example 2.jpg provider=google_vision confidence=0.93
2026-08-02 13:50:01,750 | INFO | office_ticket_backend.ocr | ocr_extract_start image=docs\client_research\Info provided\Images\Ticket example 1.jpg provider_env=google_vision
2026-08-02 13:50:02,248 | INFO | office_ticket_backend.ocr | google_vision_request_start image=docs\client_research\Info provided\Images\Ticket example 1.jpg
2026-08-02 13:50:04,372 | INFO | office_ticket_backend.ocr | auto_orient_keyword word=NOVA avg_x=0.22 avg_y=0.14 image=Ticket example 1.jpg
2026-08-02 13:50:04,374 | INFO | office_ticket_backend.ocr | google_vision_raw_text image=Ticket example 1.jpg chars=372 first_800=NOVA CONSTRUCTION COMPANY LTD | P.O. Box 1328 | Antigonish, NS | B2G 2L7 | Phone: 902-245-6386 Fax: 902-245-5132 | DATE | May 20126 | LICENSE PLATE | TRUCKER | SOLD TO/ | CHARGED TO | DELIVER TO | JOB NO. | PLEASANT VALLEY QUARRY | 59-39717 | Keith Obnion | 2578 RR #3 Maryvale | tapel | MATERIAL | GROSS | 26,100 | TARE | 10'300 | NET | 15.800 | 0355 | WHITE-CUSTOMER COPY | RECEIVED BY | CANARY-TRUCKER'S COPY | PINK-OFFICE COPY
2026-08-02 13:50:04,386 | INFO | office_ticket_backend.ocr | google_vision_request_success image=Ticket example 1.jpg avg_conf=0.93 ticket_id=0355 date= sold_to=Keith Obnion plate= trucker=
2026-08-02 13:50:04,386 | INFO | office_ticket_backend.ocr | ocr_extract_provider_selected image=docs\client_research\Info provided\Images\Ticket example 1.jpg provider=google_vision confidence=0.93
2026-08-02 13:55:26,362 | INFO | office_ticket_backend.app | app_start provider_env=<empty> duplicate_check_enabled=True
2026-08-02 13:55:51,640 | INFO | office_ticket_backend.app | app_start provider_env=<empty> duplicate_check_enabled=True
2026-08-02 13:55:57,088 | INFO | office_ticket_backend.app | app_start provider_env=<empty> duplicate_check_enabled=True
2026-08-02 13:56:03,496 | INFO | office_ticket_backend.app | app_start provider_env=<empty> duplicate_check_enabled=True
2026-08-02 13:56:06,933 | INFO | office_ticket_backend.app | app_start provider_env=<empty> duplicate_check_enabled=True
2026-08-02 13:56:06,938 | INFO | office_ticket_backend.app | upload_saved file=20260717102354642.pdf size_bytes=1917952 path=E:\Projects\Nova Construction Ticket App\data\uploads\20260802_165606_937634_20260717102354642.pdf
2026-08-02 13:56:07,231 | INFO | office_ticket_backend.ocr | ocr_extract_start image=E:\Projects\Nova Construction Ticket App\data\uploads\20260802_165606_937634_p1_1_20260717102354642.jpg provider_env=google_vision
2026-08-02 13:56:07,469 | INFO | office_ticket_backend.ocr | google_vision_request_start image=E:\Projects\Nova Construction Ticket App\data\uploads\20260802_165606_937634_p1_1_20260717102354642.jpg
2026-08-02 13:56:09,247 | INFO | office_ticket_backend.ocr | auto_orient_keyword word=NOVA avg_x=0.97 avg_y=0.18 image=20260802_165606_937634_p1_1_20260717102354642.jpg
2026-08-02 13:56:09,247 | INFO | office_ticket_backend.ocr | auto_orient_applied image=20260802_165606_937634_p1_1_20260717102354642.jpg angle=270
2026-08-02 13:56:09,688 | INFO | office_ticket_backend.ocr | auto_orient_resent image=20260802_165606_937634_p1_1_20260717102354642.jpg
2026-08-02 13:56:09,688 | INFO | office_ticket_backend.ocr | google_vision_raw_text image=20260802_165606_937634_p1_1_20260717102354642.jpg chars=317 first_800=DATE | NOVA CONSTRUCTION COMPANY LTD | LICENSE PLATE | P.O. Box 1328 | Antigonish, NS | B2G 2L7 | Phone: 902-245-6386 • Fax: 902-245-5132 5088 | JOB NO. | SEABROOK QUARRY | TRUCKER | SOLD TO/ | CHARGED TO | DELIVER TO | MATERIAL | GROSS | TARE | NET | 310 | 26671 | ENTERED MAY 3 2075 | RECEIVED BY | WHITE CUSTOMER COPY | CANARY TRUCKER'S COPY | PINK-OFFICE COPY
2026-08-02 13:56:09,700 | INFO | office_ticket_backend.ocr | google_vision_request_success image=20260802_165606_937634_p1_1_20260717102354642.jpg avg_conf=0.95 ticket_id=2075 date=2075-05-03 sold_to= plate= trucker=
2026-08-02 13:56:09,701 | INFO | office_ticket_backend.ocr | ocr_extract_provider_selected image=E:\Projects\Nova Construction Ticket App\data\uploads\20260802_165606_937634_p1_1_20260717102354642.jpg provider=google_vision confidence=0.95
2026-08-02 13:56:09,708 | INFO | office_ticket_backend.app | ticket_inserted ticket_id=2075 provider=google_vision confidence=0.95 image=E:\Projects\Nova Construction Ticket App\data\uploads\20260802_165606_937634_p1_1_20260717102354642.jpg
2026-08-02 13:56:09,735 | INFO | office_ticket_backend.ocr | ocr_extract_start image=E:\Projects\Nova Construction Ticket App\data\uploads\20260802_165606_937634_p2_1_20260717102354642.jpg provider_env=google_vision
2026-08-02 13:56:09,735 | INFO | office_ticket_backend.ocr | google_vision_request_start image=E:\Projects\Nova Construction Ticket App\data\uploads\20260802_165606_937634_p2_1_20260717102354642.jpg
2026-08-02 13:56:11,352 | INFO | office_ticket_backend.ocr | auto_orient_keyword word=NOVA avg_x=0.98 avg_y=0.20 image=20260802_165606_937634_p2_1_20260717102354642.jpg
2026-08-02 13:56:11,353 | INFO | office_ticket_backend.ocr | auto_orient_applied image=20260802_165606_937634_p2_1_20260717102354642.jpg angle=270
2026-08-02 13:56:11,801 | INFO | office_ticket_backend.ocr | auto_orient_resent image=20260802_165606_937634_p2_1_20260717102354642.jpg
2026-08-02 13:56:11,801 | INFO | office_ticket_backend.ocr | google_vision_raw_text image=20260802_165606_937634_p2_1_20260717102354642.jpg chars=376 first_800=DATE | NOVA CONSTRUCTION COMPANY LTD | P.O. Box 1328 | Antigonish, NS | B2G 2L7 | Phone: 902-245-6386 Fax: 902-245-5132 | Apri/16/20 | JOB NO. | 241260 | DESMOND QUARRY | wood. Bla. % | LICENSE PLATE | 5850 | TRUCKER | SOLD TO/ | CHARGED TO M.. | Nicipa | DELIVER TO | Windwmilk | Weavers Mut | MATERIAL | GROSS | 34900 | TARE | 20610 | NET | 0561 | 14290 | RECEIVED BY | ✓ | - | WHITE CUSTOMER COPY | CANARY TRUCKER'S COPY | PINK-OFFICE COPY
2026-08-02 13:56:11,811 | INFO | office_ticket_backend.ocr | google_vision_request_success image=20260802_165606_937634_p2_1_20260717102354642.jpg avg_conf=0.90 ticket_id=241260 date= sold_to=Bla . wood plate= trucker=5850
2026-08-02 13:56:11,812 | INFO | office_ticket_backend.ocr | ocr_extract_provider_selected image=E:\Projects\Nova Construction Ticket App\data\uploads\20260802_165606_937634_p2_1_20260717102354642.jpg provider=google_vision confidence=0.90
2026-08-02 13:56:11,823 | INFO | office_ticket_backend.app | ticket_inserted ticket_id=241260 provider=google_vision confidence=0.90 image=E:\Projects\Nova Construction Ticket App\data\uploads\20260802_165606_937634_p2_1_20260717102354642.jpg
2026-08-02 13:56:11,852 | INFO | office_ticket_backend.ocr | ocr_extract_start image=E:\Projects\Nova Construction Ticket App\data\uploads\20260802_165606_937634_p3_1_20260717102354642.jpg provider_env=google_vision
2026-08-02 13:56:11,852 | INFO | office_ticket_backend.ocr | google_vision_request_start image=E:\Projects\Nova Construction Ticket App\data\uploads\20260802_165606_937634_p3_1_20260717102354642.jpg
2026-08-02 13:56:13,440 | INFO | office_ticket_backend.ocr | auto_orient_keyword word=NOVA avg_x=0.97 avg_y=0.20 image=20260802_165606_937634_p3_1_20260717102354642.jpg
2026-08-02 13:56:13,440 | INFO | office_ticket_backend.ocr | auto_orient_applied image=20260802_165606_937634_p3_1_20260717102354642.jpg angle=270
2026-08-02 13:56:13,827 | INFO | office_ticket_backend.ocr | auto_orient_resent image=20260802_165606_937634_p3_1_20260717102354642.jpg
2026-08-02 13:56:13,827 | INFO | office_ticket_backend.ocr | google_vision_raw_text image=20260802_165606_937634_p3_1_20260717102354642.jpg chars=358 first_800=DATE | NOVA CONSTRUCTION COMPANY LTD | LICENSE PLATE | TRUCKER | SOLD TO/ | CHARGED TO | DELIVER TO | MATERIAL | GROSS | TARE | NET | P.O. Box 1328 | Antigonish, NS | B2G 2L7 | Phone: 902-245-6386 Fax: 902-245-5132 | 19/26 | JOB NO. | LONG POINT QUARRY | Doherty Lime | Dohorty | Type 1 | 25.350 | 10900 | 14.450 | 07235 | WHITE - CUSTOMER COPY | RECEIVED BY | spd | Lime spo | CANARY TRUCKER'S COPY | PINK-OFFICE COPY
2026-08-02 13:56:13,835 | INFO | office_ticket_backend.ocr | google_vision_request_success image=20260802_165606_937634_p3_1_20260717102354642.jpg avg_conf=0.94 ticket_id=07235 date= sold_to=spd plate= trucker=
2026-08-02 13:56:13,836 | INFO | office_ticket_backend.ocr | ocr_extract_provider_selected image=E:\Projects\Nova Construction Ticket App\data\uploads\20260802_165606_937634_p3_1_20260717102354642.jpg provider=google_vision confidence=0.94
2026-08-02 13:56:13,843 | INFO | office_ticket_backend.app | ticket_inserted ticket_id=07235 provider=google_vision confidence=0.94 image=E:\Projects\Nova Construction Ticket App\data\uploads\20260802_165606_937634_p3_1_20260717102354642.jpg
2026-08-02 13:56:13,868 | INFO | office_ticket_backend.ocr | ocr_extract_start image=E:\Projects\Nova Construction Ticket App\data\uploads\20260802_165606_937634_p4_1_20260717102354642.jpg provider_env=google_vision
2026-08-02 13:56:13,869 | INFO | office_ticket_backend.ocr | google_vision_request_start image=E:\Projects\Nova Construction Ticket App\data\uploads\20260802_165606_937634_p4_1_20260717102354642.jpg
2026-08-02 13:56:15,418 | INFO | office_ticket_backend.ocr | auto_orient_keyword word=NOVA avg_x=0.97 avg_y=0.19 image=20260802_165606_937634_p4_1_20260717102354642.jpg
2026-08-02 13:56:15,418 | INFO | office_ticket_backend.ocr | auto_orient_applied image=20260802_165606_937634_p4_1_20260717102354642.jpg angle=270
2026-08-02 13:56:15,800 | INFO | office_ticket_backend.ocr | auto_orient_resent image=20260802_165606_937634_p4_1_20260717102354642.jpg
2026-08-02 13:56:15,802 | INFO | office_ticket_backend.ocr | google_vision_raw_text image=20260802_165606_937634_p4_1_20260717102354642.jpg chars=349 first_800=DATE | NOVA CONSTRUCTION COMPANY LTD | P.O. Box 1328 | Antigonish, NS | B2G 2L7 | Phone: 902-245-6386 Fax: 902-245-5132 | E May 8 2026 | LICENSE PLATE | JOB NO. | LONG POINT QUARRY | TRUCKER | SOLD TO/ | CHARGED TO | DELIVER TO | Chipman | Trucking | MATERIAL | GROSS | TARE leve 14, | NET | 07131 | WHITE CUSTOMER COPY | COO | lonne | RECEIVED BY | Matt Lloyd | CANARY TRUCKER'S COPY | PINK-OFFICE COPY
2026-08-02 13:56:15,811 | INFO | office_ticket_backend.ocr | google_vision_request_success image=20260802_165606_937634_p4_1_20260717102354642.jpg avg_conf=0.91 ticket_id=07131 date=2026-05-08 sold_to= plate= trucker=
2026-08-02 13:56:15,812 | INFO | office_ticket_backend.ocr | ocr_extract_provider_selected image=E:\Projects\Nova Construction Ticket App\data\uploads\20260802_165606_937634_p4_1_20260717102354642.jpg provider=google_vision confidence=0.91
2026-08-02 13:56:15,819 | INFO | office_ticket_backend.app | ticket_inserted ticket_id=07131 provider=google_vision confidence=0.91 image=E:\Projects\Nova Construction Ticket App\data\uploads\20260802_165606_937634_p4_1_20260717102354642.jpg
2026-08-02 13:56:15,844 | INFO | office_ticket_backend.ocr | ocr_extract_start image=E:\Projects\Nova Construction Ticket App\data\uploads\20260802_165606_937634_p5_1_20260717102354642.jpg provider_env=google_vision
2026-08-02 13:56:15,845 | INFO | office_ticket_backend.ocr | google_vision_request_start image=E:\Projects\Nova Construction Ticket App\data\uploads\20260802_165606_937634_p5_1_20260717102354642.jpg
2026-08-02 13:56:17,383 | INFO | office_ticket_backend.ocr | auto_orient_keyword word=NOVA avg_x=0.97 avg_y=0.19 image=20260802_165606_937634_p5_1_20260717102354642.jpg
2026-08-02 13:56:17,383 | INFO | office_ticket_backend.ocr | auto_orient_applied image=20260802_165606_937634_p5_1_20260717102354642.jpg angle=270
2026-08-02 13:56:17,924 | INFO | office_ticket_backend.ocr | auto_orient_resent image=20260802_165606_937634_p5_1_20260717102354642.jpg
2026-08-02 13:56:17,925 | INFO | office_ticket_backend.ocr | google_vision_raw_text image=20260802_165606_937634_p5_1_20260717102354642.jpg chars=339 first_800=NOVA CONSTRUCTION COMPANY LTD | P.O. Box 1328 | Antigonish, NS | B2G 2L7 | Phone: 902-245-6386 Fax: 902-245-5132 | DATE May 11/26 | LICENSE PLATE | JOB NO. | LONG POINT QUARRY | TRUCKER | SOLD TO/ | CHARGED TO Potterty Lime HD | DELIVER TO | MATERIAL Serge | GROSS 26000 | TARE | 11680 | NET 4320 | 07162 | WHITE CUSTOMER COPY | RECEIVED BY | CANARY TRUCKER'S COPY | PINK-OFFICE COPY
2026-08-02 13:56:17,933 | INFO | office_ticket_backend.ocr | google_vision_request_success image=20260802_165606_937634_p5_1_20260717102354642.jpg avg_conf=0.93 ticket_id=07162 date=2026-05-11 sold_to= plate= trucker=
2026-08-02 13:56:17,934 | INFO | office_ticket_backend.ocr | ocr_extract_provider_selected image=E:\Projects\Nova Construction Ticket App\data\uploads\20260802_165606_937634_p5_1_20260717102354642.jpg provider=google_vision confidence=0.93
2026-08-02 13:56:17,941 | INFO | office_ticket_backend.app | ticket_inserted ticket_id=07162 provider=google_vision confidence=0.93 image=E:\Projects\Nova Construction Ticket App\data\uploads\20260802_165606_937634_p5_1_20260717102354642.jpg
2026-08-02 13:56:17,968 | INFO | office_ticket_backend.ocr | ocr_extract_start image=E:\Projects\Nova Construction Ticket App\data\uploads\20260802_165606_937634_p6_1_20260717102354642.jpg provider_env=google_vision
2026-08-02 13:56:17,969 | INFO | office_ticket_backend.ocr | google_vision_request_start image=E:\Projects\Nova Construction Ticket App\data\uploads\20260802_165606_937634_p6_1_20260717102354642.jpg
2026-08-02 13:56:19,543 | INFO | office_ticket_backend.ocr | auto_orient_keyword word=NOVA avg_x=0.97 avg_y=0.19 image=20260802_165606_937634_p6_1_20260717102354642.jpg
2026-08-02 13:56:19,543 | INFO | office_ticket_backend.ocr | auto_orient_applied image=20260802_165606_937634_p6_1_20260717102354642.jpg angle=270
2026-08-02 13:56:19,958 | INFO | office_ticket_backend.ocr | auto_orient_resent image=20260802_165606_937634_p6_1_20260717102354642.jpg
2026-08-02 13:56:19,958 | INFO | office_ticket_backend.ocr | google_vision_raw_text image=20260802_165606_937634_p6_1_20260717102354642.jpg chars=316 first_800=NOVA CONSTRUCTION COMPANY LTD | P.O. Box 1328 | Antigonish, NS | B2G 2L7 | Phone: 902-245-6386 Fax: 902-245-5132 | DATE | June | 26 | JOB NO. | LICENSE PLATE | LONG POINT QUARRY | TRUCKER | SOLD TO/ | CHARGED TO CRD | DELIVER TO | MATERIAL | Bank Rock | GROSS | TARE | 15 T | NET | 00534 | RECEIVED BY | WHITE-CUSTOMER COPY | CANARY TRUCKER'S COPY | PINK-OFFICE COPY
2026-08-02 13:56:19,967 | INFO | office_ticket_backend.ocr | google_vision_request_success image=20260802_165606_937634_p6_1_20260717102354642.jpg avg_conf=0.94 ticket_id=00534 date= sold_to= plate= trucker=
2026-08-02 13:56:19,967 | INFO | office_ticket_backend.ocr | ocr_extract_provider_selected image=E:\Projects\Nova Construction Ticket App\data\uploads\20260802_165606_937634_p6_1_20260717102354642.jpg provider=google_vision confidence=0.94
2026-08-02 13:56:19,975 | INFO | office_ticket_backend.app | ticket_inserted ticket_id=00534 provider=google_vision confidence=0.94 image=E:\Projects\Nova Construction Ticket App\data\uploads\20260802_165606_937634_p6_1_20260717102354642.jpg
2026-08-02 13:56:20,003 | INFO | office_ticket_backend.ocr | ocr_extract_start image=E:\Projects\Nova Construction Ticket App\data\uploads\20260802_165606_937634_p7_1_20260717102354642.jpg provider_env=google_vision
2026-08-02 13:56:20,003 | INFO | office_ticket_backend.ocr | google_vision_request_start image=E:\Projects\Nova Construction Ticket App\data\uploads\20260802_165606_937634_p7_1_20260717102354642.jpg
2026-08-02 13:56:21,589 | INFO | office_ticket_backend.ocr | auto_orient_keyword word=NOVA avg_x=0.97 avg_y=0.20 image=20260802_165606_937634_p7_1_20260717102354642.jpg
2026-08-02 13:56:21,589 | INFO | office_ticket_backend.ocr | auto_orient_applied image=20260802_165606_937634_p7_1_20260717102354642.jpg angle=270
2026-08-02 13:56:21,961 | INFO | office_ticket_backend.ocr | auto_orient_resent image=20260802_165606_937634_p7_1_20260717102354642.jpg
2026-08-02 13:56:21,961 | INFO | office_ticket_backend.ocr | google_vision_raw_text image=20260802_165606_937634_p7_1_20260717102354642.jpg chars=293 first_800=DATE | NOVA CONSTRUCTION COMPANY LT | P.O. Box 1328 | Antigonish, NS | B2G 2L7 | Phone: 902-245-6386 Fax: 902-245-5132 | JOB NO. | LICENSE PLATE | LONG POINT QUARRY | TRUCKER | SOLD TO/ | CHARGED TO | DELIVER TO | MATERIAL | GROSS | 15 + | TARE | NET | 06738 | RECEIVED BY | WHITE CUSTOMER COPY | CANARY TRUCKER'S COPY | PINK OFFICE COPY
2026-08-02 13:56:21,968 | INFO | office_ticket_backend.ocr | google_vision_request_success image=20260802_165606_937634_p7_1_20260717102354642.jpg avg_conf=0.97 ticket_id=06738 date= sold_to= plate= trucker=
2026-08-02 13:56:21,969 | INFO | office_ticket_backend.ocr | ocr_extract_provider_selected image=E:\Projects\Nova Construction Ticket App\data\uploads\20260802_165606_937634_p7_1_20260717102354642.jpg provider=google_vision confidence=0.97
2026-08-02 13:56:21,976 | INFO | office_ticket_backend.app | ticket_inserted ticket_id=06738 provider=google_vision confidence=0.97 image=E:\Projects\Nova Construction Ticket App\data\uploads\20260802_165606_937634_p7_1_20260717102354642.jpg
2026-08-02 13:56:33,698 | INFO | office_ticket_backend.app | app_start provider_env=<empty> duplicate_check_enabled=True
2026-08-02 13:56:36,819 | INFO | office_ticket_backend.app | app_start provider_env=<empty> duplicate_check_enabled=True
2026-08-02 13:56:46,862 | INFO | office_ticket_backend.app | app_start provider_env=<empty> duplicate_check_enabled=True
2026-08-02 13:56:54,172 | INFO | office_ticket_backend.app | app_start provider_env=<empty> duplicate_check_enabled=True
2026-08-02 14:00:19,013 | INFO | office_ticket_backend.ocr | ocr_extract_start image=scratch\retest_p7.jpg provider_env=google_vision
2026-08-02 14:00:19,514 | INFO | office_ticket_backend.ocr | google_vision_request_start image=scratch\retest_p7.jpg
2026-08-02 14:00:21,535 | INFO | office_ticket_backend.ocr | auto_orient_keyword word=NOVA avg_x=0.97 avg_y=0.20 image=retest_p7.jpg
2026-08-02 14:00:21,535 | INFO | office_ticket_backend.ocr | auto_orient_applied image=retest_p7.jpg angle=90
2026-08-02 14:00:21,942 | INFO | office_ticket_backend.ocr | auto_orient_resent image=retest_p7.jpg
2026-08-02 14:00:21,942 | INFO | office_ticket_backend.ocr | google_vision_raw_text image=retest_p7.jpg chars=293 first_800=DATE | NOVA CONSTRUCTION COMPANY LT | P.O. Box 1328 | Antigonish, NS | B2G 2L7 | Phone: 902-245-6386 Fax: 902-245-5132 | • | JOB NO. | LICENSE PLATE | LONG POINT QUARRY | TRUCKER | SOLD TO/ | CHARGED TO | DELIVER TO | MATERIAL | GROSS | 15 | TARE | NET | 06738 | RECEIVED BY | WHITE CUSTOMER COPY | CANARY TRUCKER'S COPY | PINK-OFFICE COPY
2026-08-02 14:00:21,954 | INFO | office_ticket_backend.ocr | google_vision_request_success image=retest_p7.jpg avg_conf=0.96 ticket_id=06738 date= sold_to= plate= trucker=
2026-08-02 14:00:21,955 | INFO | office_ticket_backend.ocr | ocr_extract_provider_selected image=scratch\retest_p7.jpg provider=google_vision confidence=0.96
2026-08-02 14:00:31,894 | INFO | office_ticket_backend.ocr | pytesseract_request_start image=E:\Projects\Nova Construction Ticket App\docs\client_research\Info provided\Images\Ticket example 1.jpg
2026-08-02 14:00:33,361 | INFO | office_ticket_backend.ocr | pytesseract_request_success image=E:\Projects\Nova Construction Ticket App\docs\client_research\Info provided\Images\Ticket example 1.jpg conf=0.56
2026-08-02 14:00:33,362 | INFO | office_ticket_backend.ocr | ocr_extract_start image=E:\Projects\Nova Construction Ticket App\docs\client_research\Info provided\Images\Ticket example 2.jpg provider_env=google_vision
2026-08-02 14:00:33,843 | INFO | office_ticket_backend.ocr | google_vision_request_start image=E:\Projects\Nova Construction Ticket App\docs\client_research\Info provided\Images\Ticket example 2.jpg
2026-08-02 14:00:35,448 | INFO | office_ticket_backend.ocr | auto_orient_keyword word=NOVA avg_x=0.25 avg_y=0.23 image=Ticket example 2.jpg
2026-08-02 14:00:35,448 | INFO | office_ticket_backend.ocr | google_vision_raw_text image=Ticket example 2.jpg chars=353 first_800=DATE | NOVA CONSTRUCTION COMPANY LT | P.O. Box 1328 | Antigonish, NS | B2G 2L7 | Phone: 902-245-6386 Fax: 902-245-5132 | May 13/26 | LICENSE PLATE | JOB NO. | LONG POINT QUARRY | TRUCKER | SOLD TO/ | CHARGED TO | DELIVER TO | MATERIAL | Gerry fulton | Long Point Rd.. | Type 1 | GROSS 25,000 | TARE | NET | 9800 | 15,200 | 07173 | WHITE CUSTOMER COPY | RECEIVED BY | CANARY TRUCKER'S COPY | PINK-OFFICE COPY
2026-08-02 14:00:35,460 | INFO | office_ticket_backend.ocr | google_vision_request_success image=Ticket example 2.jpg avg_conf=0.93 ticket_id=07173 date=2026-05-13 sold_to=Gerry fulton plate= trucker=
2026-08-02 14:00:35,460 | INFO | office_ticket_backend.ocr | ocr_extract_provider_selected image=E:\Projects\Nova Construction Ticket App\docs\client_research\Info provided\Images\Ticket example 2.jpg provider=google_vision confidence=0.93
2026-08-02 14:00:57,864 | INFO | office_ticket_backend.app | app_start provider_env=<empty> duplicate_check_enabled=True
2026-08-02 14:00:57,864 | INFO | office_ticket_backend.app | app_start provider_env=<empty> duplicate_check_enabled=True
2026-08-02 14:00:57,871 | INFO | office_ticket_backend.app | app_start provider_env=<empty> duplicate_check_enabled=True
2026-08-02 14:00:58,304 | INFO | office_ticket_backend.app | app_start provider_env=<empty> duplicate_check_enabled=True
2026-08-02 14:01:25,181 | INFO | office_ticket_backend.app | app_start provider_env=<empty> duplicate_check_enabled=True
2026-08-02 14:01:33,471 | INFO | office_ticket_backend.app | app_start provider_env=<empty> duplicate_check_enabled=True
2026-08-02 14:01:40,702 | INFO | office_ticket_backend.app | app_start provider_env=<empty> duplicate_check_enabled=True
2026-08-02 14:01:41,619 | INFO | office_ticket_backend.app | app_start provider_env=<empty> duplicate_check_enabled=True
2026-08-02 14:01:41,626 | INFO | office_ticket_backend.app | upload_saved file=20260717102354642.pdf size_bytes=1917952 path=E:\Projects\Nova Construction Ticket App\data\uploads\20260802_170141_624082_20260717102354642.pdf
2026-08-02 14:01:41,801 | INFO | office_ticket_backend.ocr | ocr_extract_start image=E:\Projects\Nova Construction Ticket App\data\uploads\20260802_170141_624082_p1_1_20260717102354642.jpg provider_env=google_vision
2026-08-02 14:01:42,051 | INFO | office_ticket_backend.ocr | google_vision_request_start image=E:\Projects\Nova Construction Ticket App\data\uploads\20260802_170141_624082_p1_1_20260717102354642.jpg
2026-08-02 14:01:43,783 | INFO | office_ticket_backend.ocr | auto_orient_keyword word=NOVA avg_x=0.97 avg_y=0.18 image=20260802_170141_624082_p1_1_20260717102354642.jpg
2026-08-02 14:01:43,783 | INFO | office_ticket_backend.ocr | auto_orient_applied image=20260802_170141_624082_p1_1_20260717102354642.jpg angle=90
2026-08-02 14:01:44,237 | INFO | office_ticket_backend.ocr | auto_orient_resent image=20260802_170141_624082_p1_1_20260717102354642.jpg
2026-08-02 14:01:44,238 | INFO | office_ticket_backend.ocr | google_vision_raw_text image=20260802_170141_624082_p1_1_20260717102354642.jpg chars=326 first_800=NOVA CONSTRUCTION COMPANY LTD | DATE | Y | P.O. Box 1328 | Antigonish, NS | B2G 2L7 | Phone: 902-245-6386 Fax: 902-245-5132 5088 | JOB NO. | SEABROOK QUARRY | LICENSE PLATE | TRUCKER | D | SOLD TO/ | CHARGED TO | DELIVER TO | MATERIAL | C | GROSS | TARE | C | C | ENTERED MAY 3 2025 | NET | 1310 | 26671 | RECEIVED BY | WHITE CUSTOMER COPY | CANARY TRUCKER'S COPY | PINK OFFICE COPY
2026-08-02 14:01:44,247 | INFO | office_ticket_backend.ocr | google_vision_request_success image=20260802_170141_624082_p1_1_20260717102354642.jpg avg_conf=0.95 ticket_id=26671 date=2025-05-03 sold_to= plate= trucker=
2026-08-02 14:01:44,248 | INFO | office_ticket_backend.ocr | ocr_extract_provider_selected image=E:\Projects\Nova Construction Ticket App\data\uploads\20260802_170141_624082_p1_1_20260717102354642.jpg provider=google_vision confidence=0.95
2026-08-02 14:01:44,259 | INFO | office_ticket_backend.app | ticket_inserted ticket_id=26671 provider=google_vision confidence=0.95 image=E:\Projects\Nova Construction Ticket App\data\uploads\20260802_170141_624082_p1_1_20260717102354642.jpg
2026-08-02 14:01:44,285 | INFO | office_ticket_backend.ocr | ocr_extract_start image=E:\Projects\Nova Construction Ticket App\data\uploads\20260802_170141_624082_p2_1_20260717102354642.jpg provider_env=google_vision
2026-08-02 14:01:44,286 | INFO | office_ticket_backend.ocr | google_vision_request_start image=E:\Projects\Nova Construction Ticket App\data\uploads\20260802_170141_624082_p2_1_20260717102354642.jpg
2026-08-02 14:01:45,963 | INFO | office_ticket_backend.ocr | auto_orient_keyword word=NOVA avg_x=0.98 avg_y=0.20 image=20260802_170141_624082_p2_1_20260717102354642.jpg
2026-08-02 14:01:45,963 | INFO | office_ticket_backend.ocr | auto_orient_applied image=20260802_170141_624082_p2_1_20260717102354642.jpg angle=90
2026-08-02 14:01:46,370 | INFO | office_ticket_backend.ocr | auto_orient_resent image=20260802_170141_624082_p2_1_20260717102354642.jpg
2026-08-02 14:01:46,370 | INFO | office_ticket_backend.ocr | google_vision_raw_text image=20260802_170141_624082_p2_1_20260717102354642.jpg chars=384 first_800=DATE | NOVA CONSTRUCTION COMPANY LTD | P.O. Box 1328 | Antigonish, NS | B2G 2L7 | Phone: 902-245-6386 Fax: 902-245-5132 | Apri/16/261 JOB NO. 2412602 | LICENSE PLATE | TRUCKER | SOLD TO/ | DESMOND QUARRY | 58505 | Seremy Wood Blain. | CHARGED TO Municipal Windemitt | DELIVER TO | MATERIAL | Weavers Mat | GROSS 34900 | TARE | 20610 | NET | 0561 | 14290 | RECEIVED BY | - | WHITE CUSTOMER COPY | - | CANARY TRUCKER'S COPY | PINK-OFFICE COPY
2026-08-02 14:01:46,380 | INFO | office_ticket_backend.ocr | google_vision_request_success image=20260802_170141_624082_p2_1_20260717102354642.jpg avg_conf=0.91 ticket_id=0561 date= sold_to=Wood Blain plate= trucker=Seremy Wood Blain
2026-08-02 14:01:46,380 | INFO | office_ticket_backend.ocr | ocr_extract_provider_selected image=E:\Projects\Nova Construction Ticket App\data\uploads\20260802_170141_624082_p2_1_20260717102354642.jpg provider=google_vision confidence=0.91
2026-08-02 14:01:46,388 | INFO | office_ticket_backend.app | ticket_inserted ticket_id=0561 provider=google_vision confidence=0.91 image=E:\Projects\Nova Construction Ticket App\data\uploads\20260802_170141_624082_p2_1_20260717102354642.jpg
2026-08-02 14:01:46,415 | INFO | office_ticket_backend.ocr | ocr_extract_start image=E:\Projects\Nova Construction Ticket App\data\uploads\20260802_170141_624082_p3_1_20260717102354642.jpg provider_env=google_vision
2026-08-02 14:01:46,415 | INFO | office_ticket_backend.ocr | google_vision_request_start image=E:\Projects\Nova Construction Ticket App\data\uploads\20260802_170141_624082_p3_1_20260717102354642.jpg
2026-08-02 14:01:48,010 | INFO | office_ticket_backend.ocr | auto_orient_keyword word=NOVA avg_x=0.97 avg_y=0.20 image=20260802_170141_624082_p3_1_20260717102354642.jpg
2026-08-02 14:01:48,011 | INFO | office_ticket_backend.ocr | auto_orient_applied image=20260802_170141_624082_p3_1_20260717102354642.jpg angle=90
2026-08-02 14:01:48,417 | INFO | office_ticket_backend.ocr | auto_orient_resent image=20260802_170141_624082_p3_1_20260717102354642.jpg
2026-08-02 14:01:48,417 | INFO | office_ticket_backend.ocr | google_vision_raw_text image=20260802_170141_624082_p3_1_20260717102354642.jpg chars=378 first_800=DATE | NOVA CONSTRUCTION COMPANY LTD | P.O. Box 1328 | Antigonish, NS | B2G 2L7 | Phone: 902-245-6386 Fax: 902-245-5132 | 19/26 | O | JOB NO. | LONG POINT QUARRY | LICENSE PLATE | TRUCKER | SOLD TO/ | CHARGED TO | DELIVER TO | MATERIAL | GROSS | TARE | NET | Dohert | herty Lime | Dotorty Lime | Dotorty | Type 1 | 25.350 | 10900 | 14.450 | 07235 | RECEIVED BY | spe | Lime spe | - | WHITE CUSTOMER COPY | CANARY TRUCKER'S COPY | PINK-OFFICE COPY
2026-08-02 14:01:48,426 | INFO | office_ticket_backend.ocr | google_vision_request_success image=20260802_170141_624082_p3_1_20260717102354642.jpg avg_conf=0.93 ticket_id=07235 date= sold_to=spe plate= trucker=Dohert
2026-08-02 14:01:48,427 | INFO | office_ticket_backend.ocr | ocr_extract_provider_selected image=E:\Projects\Nova Construction Ticket App\data\uploads\20260802_170141_624082_p3_1_20260717102354642.jpg provider=google_vision confidence=0.93
2026-08-02 14:01:48,438 | INFO | office_ticket_backend.app | ticket_inserted ticket_id=07235 provider=google_vision confidence=0.93 image=E:\Projects\Nova Construction Ticket App\data\uploads\20260802_170141_624082_p3_1_20260717102354642.jpg
2026-08-02 14:01:48,465 | INFO | office_ticket_backend.ocr | ocr_extract_start image=E:\Projects\Nova Construction Ticket App\data\uploads\20260802_170141_624082_p4_1_20260717102354642.jpg provider_env=google_vision
2026-08-02 14:01:48,466 | INFO | office_ticket_backend.ocr | google_vision_request_start image=E:\Projects\Nova Construction Ticket App\data\uploads\20260802_170141_624082_p4_1_20260717102354642.jpg
2026-08-02 14:01:50,298 | INFO | office_ticket_backend.ocr | auto_orient_keyword word=NOVA avg_x=0.97 avg_y=0.19 image=20260802_170141_624082_p4_1_20260717102354642.jpg
2026-08-02 14:01:50,298 | INFO | office_ticket_backend.ocr | auto_orient_applied image=20260802_170141_624082_p4_1_20260717102354642.jpg angle=90
2026-08-02 14:01:50,878 | INFO | office_ticket_backend.ocr | auto_orient_resent image=20260802_170141_624082_p4_1_20260717102354642.jpg
2026-08-02 14:01:50,878 | INFO | office_ticket_backend.ocr | google_vision_raw_text image=20260802_170141_624082_p4_1_20260717102354642.jpg chars=340 first_800=DATE | NOVA CONSTRUCTION COMPANY LTD | P.O. Box 1328 | Antigonish, NS | B2G 2L7 | Phone: 902-245-6386 Fax: 902-245-5132 | E May 8 2026 | LICENSE PLATE | JOB NO. | LONG POINT QUARRY | TRUCKER | SOLD TO/ | CHARGED TO | DELIVER TO | MATERIAL | GROSS | Chipman | Trucking | TARE | 14 | NET | Tonne | •Mott Lloyd | CANARY TRUCKER'S COPY | 07131 | RECEIVED BY | WHITE CUSTOMER COPY | PINK-OFFICE COPY
2026-08-02 14:01:50,887 | INFO | office_ticket_backend.ocr | google_vision_request_success image=20260802_170141_624082_p4_1_20260717102354642.jpg avg_conf=0.92 ticket_id=07131 date=2026-05-08 sold_to=Chipman Trucking plate= trucker=
2026-08-02 14:01:50,887 | INFO | office_ticket_backend.ocr | ocr_extract_provider_selected image=E:\Projects\Nova Construction Ticket App\data\uploads\20260802_170141_624082_p4_1_20260717102354642.jpg provider=google_vision confidence=0.92
2026-08-02 14:01:50,899 | INFO | office_ticket_backend.app | ticket_inserted ticket_id=07131 provider=google_vision confidence=0.92 image=E:\Projects\Nova Construction Ticket App\data\uploads\20260802_170141_624082_p4_1_20260717102354642.jpg
2026-08-02 14:01:50,924 | INFO | office_ticket_backend.ocr | ocr_extract_start image=E:\Projects\Nova Construction Ticket App\data\uploads\20260802_170141_624082_p5_1_20260717102354642.jpg provider_env=google_vision
2026-08-02 14:01:50,924 | INFO | office_ticket_backend.ocr | google_vision_request_start image=E:\Projects\Nova Construction Ticket App\data\uploads\20260802_170141_624082_p5_1_20260717102354642.jpg
2026-08-02 14:01:52,549 | INFO | office_ticket_backend.ocr | auto_orient_keyword word=NOVA avg_x=0.97 avg_y=0.19 image=20260802_170141_624082_p5_1_20260717102354642.jpg
2026-08-02 14:01:52,549 | INFO | office_ticket_backend.ocr | auto_orient_applied image=20260802_170141_624082_p5_1_20260717102354642.jpg angle=90
2026-08-02 14:01:52,951 | INFO | office_ticket_backend.ocr | auto_orient_resent image=20260802_170141_624082_p5_1_20260717102354642.jpg
2026-08-02 14:01:52,952 | INFO | office_ticket_backend.ocr | google_vision_raw_text image=20260802_170141_624082_p5_1_20260717102354642.jpg chars=340 first_800=NOVA CONSTRUCTION COMPANY LTD | P.O. Box 1328 | Antigonish, NS | B2G 2L7 | Phone: 902-245-6386 Fax: 902-245-5132 | DATE May 11/26 | LICENSE PLATE | JOB NO. | LONG POINT QUARRY | TRUCKER | SOLD TO/ | CHARGED TO Potterty Lime HD | DELIVER TO | MATERIAL Serge | GROSS 26000 | TARE 1680 | NET 4320 | 07162 | WHITE CUSTOMER COPY | RECEIVED BY | - | CANARY TRUCKER'S COPY | PINK-OFFICE COPY
2026-08-02 14:01:52,960 | INFO | office_ticket_backend.ocr | google_vision_request_success image=20260802_170141_624082_p5_1_20260717102354642.jpg avg_conf=0.93 ticket_id=07162 date=2026-05-11 sold_to=Potterty Lime HD plate= trucker=
2026-08-02 14:01:52,962 | INFO | office_ticket_backend.ocr | ocr_extract_provider_selected image=E:\Projects\Nova Construction Ticket App\data\uploads\20260802_170141_624082_p5_1_20260717102354642.jpg provider=google_vision confidence=0.93
2026-08-02 14:01:52,968 | INFO | office_ticket_backend.app | ticket_inserted ticket_id=07162 provider=google_vision confidence=0.93 image=E:\Projects\Nova Construction Ticket App\data\uploads\20260802_170141_624082_p5_1_20260717102354642.jpg
2026-08-02 14:01:52,998 | INFO | office_ticket_backend.ocr | ocr_extract_start image=E:\Projects\Nova Construction Ticket App\data\uploads\20260802_170141_624082_p6_1_20260717102354642.jpg provider_env=google_vision
2026-08-02 14:01:52,998 | INFO | office_ticket_backend.ocr | google_vision_request_start image=E:\Projects\Nova Construction Ticket App\data\uploads\20260802_170141_624082_p6_1_20260717102354642.jpg
2026-08-02 14:01:54,578 | INFO | office_ticket_backend.ocr | auto_orient_keyword word=NOVA avg_x=0.97 avg_y=0.19 image=20260802_170141_624082_p6_1_20260717102354642.jpg
2026-08-02 14:01:54,580 | INFO | office_ticket_backend.ocr | auto_orient_applied image=20260802_170141_624082_p6_1_20260717102354642.jpg angle=90
2026-08-02 14:01:54,976 | INFO | office_ticket_backend.ocr | auto_orient_resent image=20260802_170141_624082_p6_1_20260717102354642.jpg
2026-08-02 14:01:54,976 | INFO | office_ticket_backend.ocr | google_vision_raw_text image=20260802_170141_624082_p6_1_20260717102354642.jpg chars=319 first_800=NOVA CONSTRUCTION COMPANY LTD | P.O. Box 1328 | Antigonish, NS | B2G 2L7 | Phone: 902-245-6386 Fax: 902-245-5132 | DATE TI | June | 26 | JOB NO. | LICENSE PLATE | LONG POINT QUARRY | TRUCKER | SOLD TO/ | CHARGED TO RD | DELIVER TO | MATERIAL | GROSS | TARE | NET | Back shock | 15 T | 00534 | WHITE CUSTOMER COPY | RECEIVED BY | CANARY TRUCKER'S COPY | PINK-OFFICE COPY
2026-08-02 14:01:54,984 | INFO | office_ticket_backend.ocr | google_vision_request_success image=20260802_170141_624082_p6_1_20260717102354642.jpg avg_conf=0.93 ticket_id=00534 date= sold_to=RD plate= trucker=
2026-08-02 14:01:54,985 | INFO | office_ticket_backend.ocr | ocr_extract_provider_selected image=E:\Projects\Nova Construction Ticket App\data\uploads\20260802_170141_624082_p6_1_20260717102354642.jpg provider=google_vision confidence=0.93
2026-08-02 14:01:54,992 | INFO | office_ticket_backend.app | ticket_inserted ticket_id=00534 provider=google_vision confidence=0.93 image=E:\Projects\Nova Construction Ticket App\data\uploads\20260802_170141_624082_p6_1_20260717102354642.jpg
2026-08-02 14:01:55,020 | INFO | office_ticket_backend.ocr | ocr_extract_start image=E:\Projects\Nova Construction Ticket App\data\uploads\20260802_170141_624082_p7_1_20260717102354642.jpg provider_env=google_vision
2026-08-02 14:01:55,020 | INFO | office_ticket_backend.ocr | google_vision_request_start image=E:\Projects\Nova Construction Ticket App\data\uploads\20260802_170141_624082_p7_1_20260717102354642.jpg
2026-08-02 14:01:56,585 | INFO | office_ticket_backend.ocr | auto_orient_keyword word=NOVA avg_x=0.97 avg_y=0.20 image=20260802_170141_624082_p7_1_20260717102354642.jpg
2026-08-02 14:01:56,585 | INFO | office_ticket_backend.ocr | auto_orient_applied image=20260802_170141_624082_p7_1_20260717102354642.jpg angle=90
2026-08-02 14:01:56,964 | INFO | office_ticket_backend.ocr | auto_orient_resent image=20260802_170141_624082_p7_1_20260717102354642.jpg
2026-08-02 14:01:56,965 | INFO | office_ticket_backend.ocr | google_vision_raw_text image=20260802_170141_624082_p7_1_20260717102354642.jpg chars=293 first_800=DATE | NOVA CONSTRUCTION COMPANY LT | P.O. Box 1328 | Antigonish, NS | B2G 2L7 | Phone: 902-245-6386 Fax: 902-245-5132 | • | JOB NO. | LICENSE PLATE | LONG POINT QUARRY | TRUCKER | SOLD TO/ | CHARGED TO | DELIVER TO | MATERIAL | GROSS | 15 | TARE | NET | 06738 | RECEIVED BY | WHITE CUSTOMER COPY | CANARY TRUCKER'S COPY | PINK-OFFICE COPY
2026-08-02 14:01:56,972 | INFO | office_ticket_backend.ocr | google_vision_request_success image=20260802_170141_624082_p7_1_20260717102354642.jpg avg_conf=0.96 ticket_id=06738 date= sold_to= plate= trucker=
2026-08-02 14:01:56,972 | INFO | office_ticket_backend.ocr | ocr_extract_provider_selected image=E:\Projects\Nova Construction Ticket App\data\uploads\20260802_170141_624082_p7_1_20260717102354642.jpg provider=google_vision confidence=0.96
2026-08-02 14:01:56,980 | INFO | office_ticket_backend.app | ticket_inserted ticket_id=06738 provider=google_vision confidence=0.96 image=E:\Projects\Nova Construction Ticket App\data\uploads\20260802_170141_624082_p7_1_20260717102354642.jpg
2026-08-02 14:05:03,125 | INFO | office_ticket_backend.app | app_start provider_env=<empty> duplicate_check_enabled=True
2026-08-02 14:05:03,127 | INFO | office_ticket_backend.app | app_start provider_env=<empty> duplicate_check_enabled=True
2026-08-02 14:05:03,127 | INFO | office_ticket_backend.app | app_start provider_env=<empty> duplicate_check_enabled=True
2026-08-02 14:05:03,127 | INFO | office_ticket_backend.app | app_start provider_env=<empty> duplicate_check_enabled=True
2026-08-02 14:05:03,140 | INFO | office_ticket_backend.app | app_start provider_env=<empty> duplicate_check_enabled=True
2026-08-02 14:05:54,347 | INFO | office_ticket_backend.app | app_start provider_env=<empty> duplicate_check_enabled=True
2026-08-02 14:05:59,197 | INFO | office_ticket_backend.app | app_start provider_env=<empty> duplicate_check_enabled=True
2026-08-02 14:06:08,234 | INFO | office_ticket_backend.app | app_start provider_env=<empty> duplicate_check_enabled=True
2026-08-02 14:06:08,330 | INFO | office_ticket_backend.app | ticket_rejected row_id=7 reviewer=office
2026-08-02 14:06:08,372 | INFO | office_ticket_backend.app | app_start provider_env=<empty> duplicate_check_enabled=True
2026-08-02 14:06:09,034 | INFO | office_ticket_backend.app | app_start provider_env=<empty> duplicate_check_enabled=True
2026-08-02 14:06:09,125 | INFO | office_ticket_backend.app | ticket_rejected row_id=21 reviewer=office
2026-08-02 14:06:09,163 | INFO | office_ticket_backend.app | app_start provider_env=<empty> duplicate_check_enabled=True
2026-08-02 14:06:13,278 | INFO | office_ticket_backend.app | app_start provider_env=<empty> duplicate_check_enabled=True
2026-08-02 14:06:13,370 | INFO | office_ticket_backend.app | ticket_rejected row_id=20 reviewer=office
2026-08-02 14:06:13,404 | INFO | office_ticket_backend.app | app_start provider_env=<empty> duplicate_check_enabled=True
2026-08-02 14:06:14,589 | INFO | office_ticket_backend.app | app_start provider_env=<empty> duplicate_check_enabled=True
2026-08-02 14:06:14,679 | INFO | office_ticket_backend.app | ticket_rejected row_id=19 reviewer=office
2026-08-02 14:06:14,716 | INFO | office_ticket_backend.app | app_start provider_env=<empty> duplicate_check_enabled=True
2026-08-02 14:06:15,547 | INFO | office_ticket_backend.app | app_start provider_env=<empty> duplicate_check_enabled=True
2026-08-02 14:06:15,634 | INFO | office_ticket_backend.app | ticket_rejected row_id=18 reviewer=office
2026-08-02 14:06:15,669 | INFO | office_ticket_backend.app | app_start provider_env=<empty> duplicate_check_enabled=True
2026-08-02 14:06:16,297 | INFO | office_ticket_backend.app | app_start provider_env=<empty> duplicate_check_enabled=True
2026-08-02 14:06:16,386 | INFO | office_ticket_backend.app | ticket_rejected row_id=17 reviewer=office
2026-08-02 14:06:16,424 | INFO | office_ticket_backend.app | app_start provider_env=<empty> duplicate_check_enabled=True
2026-08-02 14:06:17,725 | INFO | office_ticket_backend.app | app_start provider_env=<empty> duplicate_check_enabled=True
2026-08-02 14:06:17,815 | INFO | office_ticket_backend.app | ticket_rejected row_id=16 reviewer=office
2026-08-02 14:06:17,849 | INFO | office_ticket_backend.app | app_start provider_env=<empty> duplicate_check_enabled=True
2026-08-02 14:06:18,420 | INFO | office_ticket_backend.app | app_start provider_env=<empty> duplicate_check_enabled=True
2026-08-02 14:06:18,511 | INFO | office_ticket_backend.app | ticket_rejected row_id=15 reviewer=office
2026-08-02 14:06:18,545 | INFO | office_ticket_backend.app | app_start provider_env=<empty> duplicate_check_enabled=True
2026-08-02 14:06:19,367 | INFO | office_ticket_backend.app | app_start provider_env=<empty> duplicate_check_enabled=True
2026-08-02 14:06:19,460 | INFO | office_ticket_backend.app | ticket_rejected row_id=14 reviewer=office
2026-08-02 14:06:19,501 | INFO | office_ticket_backend.app | app_start provider_env=<empty> duplicate_check_enabled=True
2026-08-02 14:06:19,972 | INFO | office_ticket_backend.app | app_start provider_env=<empty> duplicate_check_enabled=True
2026-08-02 14:06:20,064 | INFO | office_ticket_backend.app | ticket_rejected row_id=13 reviewer=office
2026-08-02 14:06:20,100 | INFO | office_ticket_backend.app | app_start provider_env=<empty> duplicate_check_enabled=True
2026-08-02 14:06:20,931 | INFO | office_ticket_backend.app | app_start provider_env=<empty> duplicate_check_enabled=True
2026-08-02 14:06:21,018 | INFO | office_ticket_backend.app | ticket_rejected row_id=5 reviewer=office
2026-08-02 14:06:21,055 | INFO | office_ticket_backend.app | app_start provider_env=<empty> duplicate_check_enabled=True
2026-08-02 14:06:21,552 | INFO | office_ticket_backend.app | app_start provider_env=<empty> duplicate_check_enabled=True
2026-08-02 14:06:21,639 | INFO | office_ticket_backend.app | ticket_rejected row_id=12 reviewer=office
2026-08-02 14:06:21,674 | INFO | office_ticket_backend.app | app_start provider_env=<empty> duplicate_check_enabled=True
2026-08-02 14:06:22,663 | INFO | office_ticket_backend.app | app_start provider_env=<empty> duplicate_check_enabled=True
2026-08-02 14:06:22,751 | INFO | office_ticket_backend.app | ticket_rejected row_id=4 reviewer=office
2026-08-02 14:06:22,786 | INFO | office_ticket_backend.app | app_start provider_env=<empty> duplicate_check_enabled=True
2026-08-02 14:06:23,195 | INFO | office_ticket_backend.app | app_start provider_env=<empty> duplicate_check_enabled=True
2026-08-02 14:06:23,285 | INFO | office_ticket_backend.app | ticket_rejected row_id=11 reviewer=office
2026-08-02 14:06:23,321 | INFO | office_ticket_backend.app | app_start provider_env=<empty> duplicate_check_enabled=True
2026-08-02 14:06:24,053 | INFO | office_ticket_backend.app | app_start provider_env=<empty> duplicate_check_enabled=True
2026-08-02 14:06:24,142 | INFO | office_ticket_backend.app | ticket_rejected row_id=3 reviewer=office
2026-08-02 14:06:24,178 | INFO | office_ticket_backend.app | app_start provider_env=<empty> duplicate_check_enabled=True
2026-08-02 14:06:24,958 | INFO | office_ticket_backend.app | app_start provider_env=<empty> duplicate_check_enabled=True
2026-08-02 14:06:25,046 | INFO | office_ticket_backend.app | ticket_rejected row_id=10 reviewer=office
2026-08-02 14:06:25,082 | INFO | office_ticket_backend.app | app_start provider_env=<empty> duplicate_check_enabled=True
2026-08-02 14:06:25,596 | INFO | office_ticket_backend.app | app_start provider_env=<empty> duplicate_check_enabled=True
2026-08-02 14:06:25,687 | INFO | office_ticket_backend.app | ticket_rejected row_id=9 reviewer=office
2026-08-02 14:06:25,725 | INFO | office_ticket_backend.app | app_start provider_env=<empty> duplicate_check_enabled=True
2026-08-02 14:06:26,353 | INFO | office_ticket_backend.app | app_start provider_env=<empty> duplicate_check_enabled=True
2026-08-02 14:06:26,442 | INFO | office_ticket_backend.app | ticket_rejected row_id=1 reviewer=office
2026-08-02 14:06:26,480 | INFO | office_ticket_backend.app | app_start provider_env=<empty> duplicate_check_enabled=True
2026-08-02 14:06:27,126 | INFO | office_ticket_backend.app | app_start provider_env=<empty> duplicate_check_enabled=True
2026-08-02 14:06:27,213 | INFO | office_ticket_backend.app | ticket_rejected row_id=8 reviewer=office
2026-08-02 14:06:27,249 | INFO | office_ticket_backend.app | app_start provider_env=<empty> duplicate_check_enabled=True
2026-08-02 14:06:27,767 | INFO | office_ticket_backend.app | app_start provider_env=<empty> duplicate_check_enabled=True
2026-08-02 14:06:27,859 | INFO | office_ticket_backend.app | ticket_rejected row_id=6 reviewer=office
2026-08-02 14:06:27,892 | INFO | office_ticket_backend.app | app_start provider_env=<empty> duplicate_check_enabled=True
2026-08-02 14:06:28,698 | INFO | office_ticket_backend.app | app_start provider_env=<empty> duplicate_check_enabled=True
2026-08-02 14:06:28,783 | INFO | office_ticket_backend.app | ticket_rejected row_id=2 reviewer=office
2026-08-02 14:06:28,818 | INFO | office_ticket_backend.app | app_start provider_env=<empty> duplicate_check_enabled=True
2026-08-02 14:06:45,539 | INFO | office_ticket_backend.app | app_start provider_env=<empty> duplicate_check_enabled=True
2026-08-02 14:06:49,036 | INFO | office_ticket_backend.app | app_start provider_env=<empty> duplicate_check_enabled=True
2026-08-02 14:06:51,811 | INFO | office_ticket_backend.app | app_start provider_env=<empty> duplicate_check_enabled=True
2026-08-02 14:06:51,817 | INFO | office_ticket_backend.app | upload_saved file=20260717102354642.pdf size_bytes=1917952 path=E:\Projects\Nova Construction Ticket App\data\uploads\20260802_170651_814925_20260717102354642.pdf
2026-08-02 14:06:51,976 | INFO | office_ticket_backend.ocr | ocr_extract_start image=E:\Projects\Nova Construction Ticket App\data\uploads\20260802_170651_814925_p1_1_20260717102354642.jpg provider_env=google_vision
2026-08-02 14:06:52,198 | INFO | office_ticket_backend.ocr | google_vision_request_start image=E:\Projects\Nova Construction Ticket App\data\uploads\20260802_170651_814925_p1_1_20260717102354642.jpg
2026-08-02 14:06:53,869 | INFO | office_ticket_backend.ocr | auto_orient_keyword word=NOVA avg_x=0.97 avg_y=0.18 image=20260802_170651_814925_p1_1_20260717102354642.jpg
2026-08-02 14:06:53,869 | INFO | office_ticket_backend.ocr | auto_orient_applied image=20260802_170651_814925_p1_1_20260717102354642.jpg angle=90
2026-08-02 14:06:54,276 | INFO | office_ticket_backend.ocr | auto_orient_resent image=20260802_170651_814925_p1_1_20260717102354642.jpg
2026-08-02 14:06:54,277 | INFO | office_ticket_backend.ocr | google_vision_raw_text image=20260802_170651_814925_p1_1_20260717102354642.jpg chars=326 first_800=NOVA CONSTRUCTION COMPANY LTD | DATE | Y | P.O. Box 1328 | Antigonish, NS | B2G 2L7 | Phone: 902-245-6386 Fax: 902-245-5132 5088 | JOB NO. | SEABROOK QUARRY | LICENSE PLATE | TRUCKER | D | SOLD TO/ | CHARGED TO | DELIVER TO | MATERIAL | C | GROSS | TARE | C | C | ENTERED MAY 3 2025 | NET | 1310 | 26671 | RECEIVED BY | WHITE CUSTOMER COPY | CANARY TRUCKER'S COPY | PINK OFFICE COPY
2026-08-02 14:06:54,286 | INFO | office_ticket_backend.ocr | google_vision_request_success image=20260802_170651_814925_p1_1_20260717102354642.jpg avg_conf=0.95 ticket_id=26671 date=2025-05-03 sold_to= plate= trucker=
2026-08-02 14:06:54,288 | INFO | office_ticket_backend.ocr | ocr_extract_provider_selected image=E:\Projects\Nova Construction Ticket App\data\uploads\20260802_170651_814925_p1_1_20260717102354642.jpg provider=google_vision confidence=0.95
2026-08-02 14:06:54,294 | INFO | office_ticket_backend.app | ticket_inserted ticket_id=26671 provider=google_vision confidence=0.95 image=E:\Projects\Nova Construction Ticket App\data\uploads\20260802_170651_814925_p1_1_20260717102354642.jpg
2026-08-02 14:06:54,321 | INFO | office_ticket_backend.ocr | ocr_extract_start image=E:\Projects\Nova Construction Ticket App\data\uploads\20260802_170651_814925_p2_1_20260717102354642.jpg provider_env=google_vision
2026-08-02 14:06:54,321 | INFO | office_ticket_backend.ocr | google_vision_request_start image=E:\Projects\Nova Construction Ticket App\data\uploads\20260802_170651_814925_p2_1_20260717102354642.jpg
2026-08-02 14:06:55,934 | INFO | office_ticket_backend.ocr | auto_orient_keyword word=NOVA avg_x=0.98 avg_y=0.20 image=20260802_170651_814925_p2_1_20260717102354642.jpg
2026-08-02 14:06:55,934 | INFO | office_ticket_backend.ocr | auto_orient_applied image=20260802_170651_814925_p2_1_20260717102354642.jpg angle=90
2026-08-02 14:06:56,370 | INFO | office_ticket_backend.ocr | auto_orient_resent image=20260802_170651_814925_p2_1_20260717102354642.jpg
2026-08-02 14:06:56,370 | INFO | office_ticket_backend.ocr | google_vision_raw_text image=20260802_170651_814925_p2_1_20260717102354642.jpg chars=384 first_800=DATE | NOVA CONSTRUCTION COMPANY LTD | P.O. Box 1328 | Antigonish, NS | B2G 2L7 | Phone: 902-245-6386 Fax: 902-245-5132 | Apri/16/261 JOB NO. 2412602 | LICENSE PLATE | TRUCKER | SOLD TO/ | DESMOND QUARRY | 58505 | Seremy Wood Blain. | CHARGED TO Municipal Windemitt | DELIVER TO | MATERIAL | Weavers Mat | GROSS 34900 | TARE | 20610 | NET | 0561 | 14290 | RECEIVED BY | - | WHITE CUSTOMER COPY | - | CANARY TRUCKER'S COPY | PINK-OFFICE COPY
2026-08-02 14:06:56,380 | INFO | office_ticket_backend.ocr | google_vision_request_success image=20260802_170651_814925_p2_1_20260717102354642.jpg avg_conf=0.91 ticket_id=0561 date= sold_to=Wood Blain plate= trucker=Seremy Wood Blain
2026-08-02 14:06:56,380 | INFO | office_ticket_backend.ocr | ocr_extract_provider_selected image=E:\Projects\Nova Construction Ticket App\data\uploads\20260802_170651_814925_p2_1_20260717102354642.jpg provider=google_vision confidence=0.91
2026-08-02 14:06:56,388 | INFO | office_ticket_backend.app | ticket_inserted ticket_id=0561 provider=google_vision confidence=0.91 image=E:\Projects\Nova Construction Ticket App\data\uploads\20260802_170651_814925_p2_1_20260717102354642.jpg
2026-08-02 14:06:56,416 | INFO | office_ticket_backend.ocr | ocr_extract_start image=E:\Projects\Nova Construction Ticket App\data\uploads\20260802_170651_814925_p3_1_20260717102354642.jpg provider_env=google_vision
2026-08-02 14:06:56,416 | INFO | office_ticket_backend.ocr | google_vision_request_start image=E:\Projects\Nova Construction Ticket App\data\uploads\20260802_170651_814925_p3_1_20260717102354642.jpg
2026-08-02 14:06:58,002 | INFO | office_ticket_backend.ocr | auto_orient_keyword word=NOVA avg_x=0.97 avg_y=0.20 image=20260802_170651_814925_p3_1_20260717102354642.jpg
2026-08-02 14:06:58,003 | INFO | office_ticket_backend.ocr | auto_orient_applied image=20260802_170651_814925_p3_1_20260717102354642.jpg angle=90
2026-08-02 14:06:58,396 | INFO | office_ticket_backend.ocr | auto_orient_resent image=20260802_170651_814925_p3_1_20260717102354642.jpg
2026-08-02 14:06:58,396 | INFO | office_ticket_backend.ocr | google_vision_raw_text image=20260802_170651_814925_p3_1_20260717102354642.jpg chars=378 first_800=DATE | NOVA CONSTRUCTION COMPANY LTD | P.O. Box 1328 | Antigonish, NS | B2G 2L7 | Phone: 902-245-6386 Fax: 902-245-5132 | 19/26 | O | JOB NO. | LONG POINT QUARRY | LICENSE PLATE | TRUCKER | SOLD TO/ | CHARGED TO | DELIVER TO | MATERIAL | GROSS | TARE | NET | Dohert | herty Lime | Dotorty Lime | Dotorty | Type 1 | 25.350 | 10900 | 14.450 | 07235 | RECEIVED BY | spe | Lime spe | - | WHITE CUSTOMER COPY | CANARY TRUCKER'S COPY | PINK-OFFICE COPY
2026-08-02 14:06:58,406 | INFO | office_ticket_backend.ocr | google_vision_request_success image=20260802_170651_814925_p3_1_20260717102354642.jpg avg_conf=0.93 ticket_id=07235 date= sold_to=spe plate= trucker=Dohert
2026-08-02 14:06:58,406 | INFO | office_ticket_backend.ocr | ocr_extract_provider_selected image=E:\Projects\Nova Construction Ticket App\data\uploads\20260802_170651_814925_p3_1_20260717102354642.jpg provider=google_vision confidence=0.93
2026-08-02 14:06:58,415 | INFO | office_ticket_backend.app | ticket_inserted ticket_id=07235 provider=google_vision confidence=0.93 image=E:\Projects\Nova Construction Ticket App\data\uploads\20260802_170651_814925_p3_1_20260717102354642.jpg
2026-08-02 14:06:58,440 | INFO | office_ticket_backend.ocr | ocr_extract_start image=E:\Projects\Nova Construction Ticket App\data\uploads\20260802_170651_814925_p4_1_20260717102354642.jpg provider_env=google_vision
2026-08-02 14:06:58,440 | INFO | office_ticket_backend.ocr | google_vision_request_start image=E:\Projects\Nova Construction Ticket App\data\uploads\20260802_170651_814925_p4_1_20260717102354642.jpg
2026-08-02 14:06:59,992 | INFO | office_ticket_backend.ocr | auto_orient_keyword word=NOVA avg_x=0.97 avg_y=0.19 image=20260802_170651_814925_p4_1_20260717102354642.jpg
2026-08-02 14:06:59,992 | INFO | office_ticket_backend.ocr | auto_orient_applied image=20260802_170651_814925_p4_1_20260717102354642.jpg angle=90
2026-08-02 14:07:00,419 | INFO | office_ticket_backend.ocr | auto_orient_resent image=20260802_170651_814925_p4_1_20260717102354642.jpg
2026-08-02 14:07:00,421 | INFO | office_ticket_backend.ocr | google_vision_raw_text image=20260802_170651_814925_p4_1_20260717102354642.jpg chars=340 first_800=DATE | NOVA CONSTRUCTION COMPANY LTD | P.O. Box 1328 | Antigonish, NS | B2G 2L7 | Phone: 902-245-6386 Fax: 902-245-5132 | E May 8 2026 | LICENSE PLATE | JOB NO. | LONG POINT QUARRY | TRUCKER | SOLD TO/ | CHARGED TO | DELIVER TO | MATERIAL | GROSS | Chipman | Trucking | TARE | 14 | NET | Tonne | •Mott Lloyd | CANARY TRUCKER'S COPY | 07131 | RECEIVED BY | WHITE CUSTOMER COPY | PINK-OFFICE COPY
2026-08-02 14:07:00,429 | INFO | office_ticket_backend.ocr | google_vision_request_success image=20260802_170651_814925_p4_1_20260717102354642.jpg avg_conf=0.92 ticket_id=07131 date=2026-05-08 sold_to=Chipman Trucking plate= trucker=
2026-08-02 14:07:00,430 | INFO | office_ticket_backend.ocr | ocr_extract_provider_selected image=E:\Projects\Nova Construction Ticket App\data\uploads\20260802_170651_814925_p4_1_20260717102354642.jpg provider=google_vision confidence=0.92
2026-08-02 14:07:00,437 | INFO | office_ticket_backend.app | ticket_inserted ticket_id=07131 provider=google_vision confidence=0.92 image=E:\Projects\Nova Construction Ticket App\data\uploads\20260802_170651_814925_p4_1_20260717102354642.jpg
2026-08-02 14:07:00,463 | INFO | office_ticket_backend.ocr | ocr_extract_start image=E:\Projects\Nova Construction Ticket App\data\uploads\20260802_170651_814925_p5_1_20260717102354642.jpg provider_env=google_vision
2026-08-02 14:07:00,464 | INFO | office_ticket_backend.ocr | google_vision_request_start image=E:\Projects\Nova Construction Ticket App\data\uploads\20260802_170651_814925_p5_1_20260717102354642.jpg
2026-08-02 14:07:02,086 | INFO | office_ticket_backend.ocr | auto_orient_keyword word=NOVA avg_x=0.97 avg_y=0.19 image=20260802_170651_814925_p5_1_20260717102354642.jpg
2026-08-02 14:07:02,086 | INFO | office_ticket_backend.ocr | auto_orient_applied image=20260802_170651_814925_p5_1_20260717102354642.jpg angle=90
2026-08-02 14:07:02,471 | INFO | office_ticket_backend.ocr | auto_orient_resent image=20260802_170651_814925_p5_1_20260717102354642.jpg
2026-08-02 14:07:02,473 | INFO | office_ticket_backend.ocr | google_vision_raw_text image=20260802_170651_814925_p5_1_20260717102354642.jpg chars=340 first_800=NOVA CONSTRUCTION COMPANY LTD | P.O. Box 1328 | Antigonish, NS | B2G 2L7 | Phone: 902-245-6386 Fax: 902-245-5132 | DATE May 11/26 | LICENSE PLATE | JOB NO. | LONG POINT QUARRY | TRUCKER | SOLD TO/ | CHARGED TO Potterty Lime HD | DELIVER TO | MATERIAL Serge | GROSS 26000 | TARE 1680 | NET 4320 | 07162 | WHITE CUSTOMER COPY | RECEIVED BY | - | CANARY TRUCKER'S COPY | PINK-OFFICE COPY
2026-08-02 14:07:02,479 | INFO | office_ticket_backend.ocr | google_vision_request_success image=20260802_170651_814925_p5_1_20260717102354642.jpg avg_conf=0.93 ticket_id=07162 date=2026-05-11 sold_to=Potterty Lime HD plate= trucker=
2026-08-02 14:07:02,481 | INFO | office_ticket_backend.ocr | ocr_extract_provider_selected image=E:\Projects\Nova Construction Ticket App\data\uploads\20260802_170651_814925_p5_1_20260717102354642.jpg provider=google_vision confidence=0.93
2026-08-02 14:07:02,488 | INFO | office_ticket_backend.app | ticket_inserted ticket_id=07162 provider=google_vision confidence=0.93 image=E:\Projects\Nova Construction Ticket App\data\uploads\20260802_170651_814925_p5_1_20260717102354642.jpg
2026-08-02 14:07:02,515 | INFO | office_ticket_backend.ocr | ocr_extract_start image=E:\Projects\Nova Construction Ticket App\data\uploads\20260802_170651_814925_p6_1_20260717102354642.jpg provider_env=google_vision
2026-08-02 14:07:02,515 | INFO | office_ticket_backend.ocr | google_vision_request_start image=E:\Projects\Nova Construction Ticket App\data\uploads\20260802_170651_814925_p6_1_20260717102354642.jpg
2026-08-02 14:07:04,093 | INFO | office_ticket_backend.ocr | auto_orient_keyword word=NOVA avg_x=0.97 avg_y=0.19 image=20260802_170651_814925_p6_1_20260717102354642.jpg
2026-08-02 14:07:04,093 | INFO | office_ticket_backend.ocr | auto_orient_applied image=20260802_170651_814925_p6_1_20260717102354642.jpg angle=90
2026-08-02 14:07:04,532 | INFO | office_ticket_backend.ocr | auto_orient_resent image=20260802_170651_814925_p6_1_20260717102354642.jpg
2026-08-02 14:07:04,532 | INFO | office_ticket_backend.ocr | google_vision_raw_text image=20260802_170651_814925_p6_1_20260717102354642.jpg chars=319 first_800=NOVA CONSTRUCTION COMPANY LTD | P.O. Box 1328 | Antigonish, NS | B2G 2L7 | Phone: 902-245-6386 Fax: 902-245-5132 | DATE TI | June | 26 | JOB NO. | LICENSE PLATE | LONG POINT QUARRY | TRUCKER | SOLD TO/ | CHARGED TO RD | DELIVER TO | MATERIAL | GROSS | TARE | NET | Back shock | 15 T | 00534 | WHITE CUSTOMER COPY | RECEIVED BY | CANARY TRUCKER'S COPY | PINK-OFFICE COPY
2026-08-02 14:07:04,540 | INFO | office_ticket_backend.ocr | google_vision_request_success image=20260802_170651_814925_p6_1_20260717102354642.jpg avg_conf=0.94 ticket_id=00534 date= sold_to=RD plate= trucker=
2026-08-02 14:07:04,541 | INFO | office_ticket_backend.ocr | ocr_extract_provider_selected image=E:\Projects\Nova Construction Ticket App\data\uploads\20260802_170651_814925_p6_1_20260717102354642.jpg provider=google_vision confidence=0.94
2026-08-02 14:07:04,548 | INFO | office_ticket_backend.app | ticket_inserted ticket_id=00534 provider=google_vision confidence=0.94 image=E:\Projects\Nova Construction Ticket App\data\uploads\20260802_170651_814925_p6_1_20260717102354642.jpg
2026-08-02 14:07:04,574 | INFO | office_ticket_backend.ocr | ocr_extract_start image=E:\Projects\Nova Construction Ticket App\data\uploads\20260802_170651_814925_p7_1_20260717102354642.jpg provider_env=google_vision
2026-08-02 14:07:04,574 | INFO | office_ticket_backend.ocr | google_vision_request_start image=E:\Projects\Nova Construction Ticket App\data\uploads\20260802_170651_814925_p7_1_20260717102354642.jpg
2026-08-02 14:07:06,200 | INFO | office_ticket_backend.ocr | auto_orient_keyword word=NOVA avg_x=0.97 avg_y=0.20 image=20260802_170651_814925_p7_1_20260717102354642.jpg
2026-08-02 14:07:06,200 | INFO | office_ticket_backend.ocr | auto_orient_applied image=20260802_170651_814925_p7_1_20260717102354642.jpg angle=90
2026-08-02 14:07:06,580 | INFO | office_ticket_backend.ocr | auto_orient_resent image=20260802_170651_814925_p7_1_20260717102354642.jpg
2026-08-02 14:07:06,580 | INFO | office_ticket_backend.ocr | google_vision_raw_text image=20260802_170651_814925_p7_1_20260717102354642.jpg chars=293 first_800=DATE | NOVA CONSTRUCTION COMPANY LT | P.O. Box 1328 | Antigonish, NS | B2G 2L7 | Phone: 902-245-6386 Fax: 902-245-5132 | • | JOB NO. | LICENSE PLATE | LONG POINT QUARRY | TRUCKER | SOLD TO/ | CHARGED TO | DELIVER TO | MATERIAL | GROSS | 15 | TARE | NET | 06738 | RECEIVED BY | WHITE CUSTOMER COPY | CANARY TRUCKER'S COPY | PINK-OFFICE COPY
2026-08-02 14:07:06,588 | INFO | office_ticket_backend.ocr | google_vision_request_success image=20260802_170651_814925_p7_1_20260717102354642.jpg avg_conf=0.96 ticket_id=06738 date= sold_to= plate= trucker=
2026-08-02 14:07:06,589 | INFO | office_ticket_backend.ocr | ocr_extract_provider_selected image=E:\Projects\Nova Construction Ticket App\data\uploads\20260802_170651_814925_p7_1_20260717102354642.jpg provider=google_vision confidence=0.96
2026-08-02 14:07:06,597 | INFO | office_ticket_backend.app | ticket_inserted ticket_id=06738 provider=google_vision confidence=0.96 image=E:\Projects\Nova Construction Ticket App\data\uploads\20260802_170651_814925_p7_1_20260717102354642.jpg
2026-08-02 14:09:39,268 | INFO | office_ticket_backend.app | app_start provider_env=<empty> duplicate_check_enabled=True
2026-08-02 14:11:22,016 | INFO | office_ticket_backend.app | app_start provider_env=<empty> duplicate_check_enabled=True
2026-08-02 14:12:43,460 | INFO | office_ticket_backend.app | app_start provider_env=<empty> duplicate_check_enabled=True
2026-08-02 14:12:43,575 | INFO | office_ticket_backend.app | ticket_rejected row_id=26 reviewer=office
2026-08-02 14:12:43,633 | INFO | office_ticket_backend.app | app_start provider_env=<empty> duplicate_check_enabled=True
2026-08-02 14:13:23,088 | INFO | office_ticket_backend.app | app_start provider_env=<empty> duplicate_check_enabled=True
2026-08-02 14:13:23,207 | INFO | office_ticket_backend.app | ticket_rejected row_id=28 reviewer=office
2026-08-02 14:13:23,263 | INFO | office_ticket_backend.app | app_start provider_env=<empty> duplicate_check_enabled=True
2026-08-02 14:13:28,178 | INFO | office_ticket_backend.app | app_start provider_env=<empty> duplicate_check_enabled=True
2026-08-02 14:13:28,270 | INFO | office_ticket_backend.app | ticket_rejected row_id=27 reviewer=office
2026-08-02 14:13:28,314 | INFO | office_ticket_backend.app | app_start provider_env=<empty> duplicate_check_enabled=True
2026-08-02 14:14:45,573 | INFO | office_ticket_backend.app | app_start provider_env=<empty> duplicate_check_enabled=True
2026-08-02 14:14:45,684 | INFO | office_ticket_backend.app | ticket_rejected row_id=25 reviewer=office
2026-08-02 14:14:45,738 | INFO | office_ticket_backend.app | app_start provider_env=<empty> duplicate_check_enabled=True
2026-08-02 14:15:36,591 | INFO | office_ticket_backend.app | app_start provider_env=<empty> duplicate_check_enabled=True
2026-08-02 14:15:36,699 | INFO | office_ticket_backend.app | ticket_rejected row_id=24 reviewer=office
2026-08-02 14:15:36,753 | INFO | office_ticket_backend.app | app_start provider_env=<empty> duplicate_check_enabled=True
2026-08-02 14:18:39,792 | INFO | office_ticket_backend.app | app_start provider_env=<empty> duplicate_check_enabled=True
2026-08-02 14:18:39,907 | INFO | office_ticket_backend.app | ticket_rejected row_id=23 reviewer=office
2026-08-02 14:18:39,961 | INFO | office_ticket_backend.app | app_start provider_env=<empty> duplicate_check_enabled=True
2026-08-02 14:18:43,996 | INFO | office_ticket_backend.app | app_start provider_env=<empty> duplicate_check_enabled=True
2026-08-02 14:18:44,080 | INFO | office_ticket_backend.app | ticket_rejected row_id=22 reviewer=office
2026-08-02 14:18:44,125 | INFO | office_ticket_backend.app | app_start provider_env=<empty> duplicate_check_enabled=True
2026-08-02 14:21:47,759 | INFO | office_ticket_backend.ocr | ocr_extract_start image=scratch\retest_p2.jpg provider_env=google_vision
2026-08-02 14:21:48,256 | INFO | office_ticket_backend.ocr | google_vision_request_start image=scratch\retest_p2.jpg
2026-08-02 14:21:50,334 | INFO | office_ticket_backend.ocr | auto_orient_keyword word=NOVA avg_x=0.98 avg_y=0.20 image=retest_p2.jpg
2026-08-02 14:21:50,334 | INFO | office_ticket_backend.ocr | auto_orient_applied image=retest_p2.jpg angle=90
2026-08-02 14:21:50,797 | INFO | office_ticket_backend.ocr | auto_orient_resent image=retest_p2.jpg
2026-08-02 14:21:50,797 | INFO | office_ticket_backend.ocr | google_vision_raw_text image=retest_p2.jpg chars=384 first_800=DATE | NOVA CONSTRUCTION COMPANY LTD | P.O. Box 1328 | Antigonish, NS | B2G 2L7 | Phone: 902-245-6386 Fax: 902-245-5132 | Apri/16/261 JOB NO. 2412602 | LICENSE PLATE | TRUCKER | SOLD TO/ | DESMOND QUARRY | 58505 | Seremy Wood Blain. | CHARGED TO Municipal Windemitt | DELIVER TO | MATERIAL | Weavers Mat | GROSS 34900 | TARE | 20610 | NET | 0561 | 14290 | RECEIVED BY | - | WHITE CUSTOMER COPY | - | CANARY TRUCKER'S COPY | PINK-OFFICE COPY
2026-08-02 14:21:50,810 | INFO | office_ticket_backend.ocr | google_vision_request_success image=retest_p2.jpg avg_conf=0.91 ticket_id=0561 date= sold_to=Wood Blain plate= trucker=Seremy Wood Blain
2026-08-02 14:21:50,811 | INFO | office_ticket_backend.ocr | ocr_extract_provider_selected image=scratch\retest_p2.jpg provider=google_vision confidence=0.91
2026-08-02 14:21:50,814 | INFO | office_ticket_backend.ocr | ocr_extract_start image=scratch\retest_p3.jpg provider_env=google_vision
2026-08-02 14:21:50,814 | INFO | office_ticket_backend.ocr | google_vision_request_start image=scratch\retest_p3.jpg
2026-08-02 14:21:52,591 | INFO | office_ticket_backend.ocr | auto_orient_keyword word=NOVA avg_x=0.97 avg_y=0.20 image=retest_p3.jpg
2026-08-02 14:21:52,591 | INFO | office_ticket_backend.ocr | auto_orient_applied image=retest_p3.jpg angle=90
2026-08-02 14:21:53,016 | INFO | office_ticket_backend.ocr | auto_orient_resent image=retest_p3.jpg
2026-08-02 14:21:53,016 | INFO | office_ticket_backend.ocr | google_vision_raw_text image=retest_p3.jpg chars=378 first_800=DATE | NOVA CONSTRUCTION COMPANY LTD | P.O. Box 1328 | Antigonish, NS | B2G 2L7 | Phone: 902-245-6386 Fax: 902-245-5132 | 19/26 | O | JOB NO. | LONG POINT QUARRY | LICENSE PLATE | TRUCKER | SOLD TO/ | CHARGED TO | DELIVER TO | MATERIAL | GROSS | TARE | NET | Dohert | herty Lime | Dotorty Lime | Dotorty | Type 1 | 25.350 | 10900 | 14.450 | 07235 | RECEIVED BY | spe | Lime spe | - | WHITE CUSTOMER COPY | CANARY TRUCKER'S COPY | PINK-OFFICE COPY
2026-08-02 14:21:53,026 | INFO | office_ticket_backend.ocr | google_vision_request_success image=retest_p3.jpg avg_conf=0.93 ticket_id=07235 date= sold_to=spe plate= trucker=Dohert
2026-08-02 14:21:53,027 | INFO | office_ticket_backend.ocr | ocr_extract_provider_selected image=scratch\retest_p3.jpg provider=google_vision confidence=0.93
2026-08-02 14:21:53,030 | INFO | office_ticket_backend.ocr | ocr_extract_start image=scratch\retest_p6.jpg provider_env=google_vision
2026-08-02 14:21:53,030 | INFO | office_ticket_backend.ocr | google_vision_request_start image=scratch\retest_p6.jpg
2026-08-02 14:21:54,709 | INFO | office_ticket_backend.ocr | auto_orient_keyword word=NOVA avg_x=0.97 avg_y=0.19 image=retest_p6.jpg
2026-08-02 14:21:54,710 | INFO | office_ticket_backend.ocr | auto_orient_applied image=retest_p6.jpg angle=90
2026-08-02 14:21:55,149 | INFO | office_ticket_backend.ocr | auto_orient_resent image=retest_p6.jpg
2026-08-02 14:21:55,149 | INFO | office_ticket_backend.ocr | google_vision_raw_text image=retest_p6.jpg chars=319 first_800=NOVA CONSTRUCTION COMPANY LTD | P.O. Box 1328 | Antigonish, NS | B2G 2L7 | Phone: 902-245-6386 Fax: 902-245-5132 | DATE TI | June | 26 | JOB NO. | LICENSE PLATE | LONG POINT QUARRY | TRUCKER | SOLD TO/ | CHARGED TO RD | DELIVER TO | MATERIAL | GROSS | TARE | NET | Back shock | 15 T | 00534 | WHITE CUSTOMER COPY | RECEIVED BY | CANARY TRUCKER'S COPY | PINK-OFFICE COPY
2026-08-02 14:21:55,157 | INFO | office_ticket_backend.ocr | google_vision_request_success image=retest_p6.jpg avg_conf=0.94 ticket_id=00534 date= sold_to=RD plate= trucker=
2026-08-02 14:21:55,157 | INFO | office_ticket_backend.ocr | ocr_extract_provider_selected image=scratch\retest_p6.jpg provider=google_vision confidence=0.94
2026-08-02 14:25:41,089 | INFO | office_ticket_backend.ocr | ocr_extract_start image=scratch\retest_p2.jpg provider_env=google_vision
2026-08-02 14:25:41,595 | INFO | office_ticket_backend.ocr | google_vision_request_start image=scratch\retest_p2.jpg
2026-08-02 14:25:43,419 | INFO | office_ticket_backend.ocr | auto_orient_keyword word=NOVA avg_x=0.20 avg_y=0.02 image=retest_p2.jpg
2026-08-02 14:25:43,420 | INFO | office_ticket_backend.ocr | google_vision_raw_text image=retest_p2.jpg chars=384 first_800=DATE | NOVA CONSTRUCTION COMPANY LTD | P.O. Box 1328 | Antigonish, NS | B2G 2L7 | Phone: 902-245-6386 Fax: 902-245-5132 | Apri/16/261 JOB NO. 2412602 | LICENSE PLATE | TRUCKER | SOLD TO/ | DESMOND QUARRY | 58505 | Seremy Wood Blain. | CHARGED TO Municipal Windemitt | DELIVER TO | MATERIAL | Weavers Mat | GROSS 34900 | TARE | 20610 | NET | 0561 | 14290 | RECEIVED BY | - | WHITE CUSTOMER COPY | - | CANARY TRUCKER'S COPY | PINK-OFFICE COPY
2026-08-02 14:25:43,433 | INFO | office_ticket_backend.ocr | google_vision_request_success image=retest_p2.jpg avg_conf=0.91 ticket_id=0561 date= sold_to=Windemitt plate=58505 trucker=Seremy Wood Blain
2026-08-02 14:25:43,433 | INFO | office_ticket_backend.ocr | ocr_extract_provider_selected image=scratch\retest_p2.jpg provider=google_vision confidence=0.91
2026-08-02 14:25:43,435 | INFO | office_ticket_backend.ocr | ocr_extract_start image=scratch\retest_p3.jpg provider_env=google_vision
2026-08-02 14:25:43,436 | INFO | office_ticket_backend.ocr | google_vision_request_start image=scratch\retest_p3.jpg
2026-08-02 14:25:45,098 | INFO | office_ticket_backend.ocr | auto_orient_keyword word=NOVA avg_x=0.20 avg_y=0.03 image=retest_p3.jpg
2026-08-02 14:25:45,098 | INFO | office_ticket_backend.ocr | google_vision_raw_text image=retest_p3.jpg chars=378 first_800=DATE | NOVA CONSTRUCTION COMPANY LTD | P.O. Box 1328 | Antigonish, NS | B2G 2L7 | Phone: 902-245-6386 Fax: 902-245-5132 | 19/26 | O | JOB NO. | LONG POINT QUARRY | LICENSE PLATE | TRUCKER | SOLD TO/ | CHARGED TO | DELIVER TO | MATERIAL | GROSS | TARE | NET | Dohert | herty Lime | Dotorty Lime | Dotorty | Type 1 | 25.350 | 10900 | 14.450 | 07235 | RECEIVED BY | spe | Lime spo | - | WHITE CUSTOMER COPY | CANARY TRUCKER'S COPY | PINK-OFFICE COPY
2026-08-02 14:25:45,107 | INFO | office_ticket_backend.ocr | google_vision_request_success image=retest_p3.jpg avg_conf=0.93 ticket_id=07235 date= sold_to=spe plate= trucker=Dohert
2026-08-02 14:25:45,107 | INFO | office_ticket_backend.ocr | ocr_extract_provider_selected image=scratch\retest_p3.jpg provider=google_vision confidence=0.93
2026-08-02 14:25:45,110 | INFO | office_ticket_backend.ocr | ocr_extract_start image=scratch\retest_p6.jpg provider_env=google_vision
2026-08-02 14:25:45,110 | INFO | office_ticket_backend.ocr | google_vision_request_start image=scratch\retest_p6.jpg
2026-08-02 14:25:46,803 | INFO | office_ticket_backend.ocr | auto_orient_keyword word=NOVA avg_x=0.19 avg_y=0.03 image=retest_p6.jpg
2026-08-02 14:25:46,804 | INFO | office_ticket_backend.ocr | google_vision_raw_text image=retest_p6.jpg chars=319 first_800=NOVA CONSTRUCTION COMPANY LTD | P.O. Box 1328 | Antigonish, NS | B2G 2L7 | Phone: 902-245-6386 Fax: 902-245-5132 | DATE TI | June | 26 | JOB NO. | LICENSE PLATE | LONG POINT QUARRY | TRUCKER | SOLD TO/ | CHARGED TO RD | DELIVER TO | MATERIAL | GROSS | TARE | NET | Back shock | 15 T | 00534 | WHITE CUSTOMER COPY | RECEIVED BY | CANARY TRUCKER'S COPY | PINK-OFFICE COPY
2026-08-02 14:25:46,812 | INFO | office_ticket_backend.ocr | google_vision_request_success image=retest_p6.jpg avg_conf=0.94 ticket_id=00534 date= sold_to=RD plate= trucker=
2026-08-02 14:25:46,812 | INFO | office_ticket_backend.ocr | ocr_extract_provider_selected image=scratch\retest_p6.jpg provider=google_vision confidence=0.94
2026-08-02 14:28:07,210 | INFO | office_ticket_backend.ocr | ocr_extract_start image=scratch\retest_p2.jpg provider_env=google_vision
2026-08-02 14:28:07,756 | INFO | office_ticket_backend.ocr | google_vision_request_start image=scratch\retest_p2.jpg
2026-08-02 14:28:09,862 | INFO | office_ticket_backend.ocr | auto_orient_keyword word=NOVA avg_x=0.20 avg_y=0.02 image=retest_p2.jpg
2026-08-02 14:28:09,863 | INFO | office_ticket_backend.ocr | google_vision_raw_text image=retest_p2.jpg chars=384 first_800=DATE | NOVA CONSTRUCTION COMPANY LTD | P.O. Box 1328 | Antigonish, NS | B2G 2L7 | Phone: 902-245-6386 Fax: 902-245-5132 | Apri/16/261 JOB NO. 2412602 | LICENSE PLATE | TRUCKER | SOLD TO/ | DESMOND QUARRY | 58505 | Seremy Wood Blain. | CHARGED TO Municipal Windemitt | DELIVER TO | MATERIAL | Weavers Mat | GROSS 34900 | TARE | 20610 | NET | 0561 | 14290 | RECEIVED BY | - | WHITE CUSTOMER COPY | - | CANARY TRUCKER'S COPY | PINK-OFFICE COPY
2026-08-02 14:28:09,875 | INFO | office_ticket_backend.ocr | google_vision_request_success image=retest_p2.jpg avg_conf=0.91 ticket_id=0561 date= sold_to=Municipal Windemitt plate=58505 trucker=Seremy Wood Blain
2026-08-02 14:28:09,876 | INFO | office_ticket_backend.ocr | ocr_extract_provider_selected image=scratch\retest_p2.jpg provider=google_vision confidence=0.91
2026-08-02 14:28:09,878 | INFO | office_ticket_backend.ocr | ocr_extract_start image=scratch\retest_p3.jpg provider_env=google_vision
2026-08-02 14:28:09,878 | INFO | office_ticket_backend.ocr | google_vision_request_start image=scratch\retest_p3.jpg
2026-08-02 14:28:11,564 | INFO | office_ticket_backend.ocr | auto_orient_keyword word=NOVA avg_x=0.20 avg_y=0.03 image=retest_p3.jpg
2026-08-02 14:28:11,565 | INFO | office_ticket_backend.ocr | google_vision_raw_text image=retest_p3.jpg chars=378 first_800=DATE | NOVA CONSTRUCTION COMPANY LTD | P.O. Box 1328 | Antigonish, NS | B2G 2L7 | Phone: 902-245-6386 Fax: 902-245-5132 | 19/26 | O | JOB NO. | LONG POINT QUARRY | LICENSE PLATE | TRUCKER | SOLD TO/ | CHARGED TO | DELIVER TO | MATERIAL | GROSS | TARE | NET | Dohert | herty Lime | Dotorty Lime | Dotorty | Type 1 | 25.350 | 10900 | 14.450 | 07235 | RECEIVED BY | spe | Lime spo | - | WHITE CUSTOMER COPY | CANARY TRUCKER'S COPY | PINK-OFFICE COPY
2026-08-02 14:28:11,574 | INFO | office_ticket_backend.ocr | google_vision_request_success image=retest_p3.jpg avg_conf=0.93 ticket_id=07235 date= sold_to=spe plate= trucker=Dohert
2026-08-02 14:28:11,575 | INFO | office_ticket_backend.ocr | ocr_extract_provider_selected image=scratch\retest_p3.jpg provider=google_vision confidence=0.93
2026-08-02 14:28:11,576 | INFO | office_ticket_backend.ocr | ocr_extract_start image=scratch\retest_p6.jpg provider_env=google_vision
2026-08-02 14:28:11,577 | INFO | office_ticket_backend.ocr | google_vision_request_start image=scratch\retest_p6.jpg
2026-08-02 14:28:13,302 | INFO | office_ticket_backend.ocr | auto_orient_keyword word=NOVA avg_x=0.19 avg_y=0.03 image=retest_p6.jpg
2026-08-02 14:28:13,303 | INFO | office_ticket_backend.ocr | google_vision_raw_text image=retest_p6.jpg chars=319 first_800=NOVA CONSTRUCTION COMPANY LTD | P.O. Box 1328 | Antigonish, NS | B2G 2L7 | Phone: 902-245-6386 Fax: 902-245-5132 | DATE TI | June | 26 | JOB NO. | LICENSE PLATE | LONG POINT QUARRY | TRUCKER | SOLD TO/ | CHARGED TO RD | DELIVER TO | MATERIAL | GROSS | TARE | NET | Back shock | 15 T | 00534 | WHITE CUSTOMER COPY | RECEIVED BY | CANARY TRUCKER'S COPY | PINK-OFFICE COPY
2026-08-02 14:28:13,310 | INFO | office_ticket_backend.ocr | google_vision_request_success image=retest_p6.jpg avg_conf=0.93 ticket_id=00534 date= sold_to=RD plate= trucker=
2026-08-02 14:28:13,311 | INFO | office_ticket_backend.ocr | ocr_extract_provider_selected image=scratch\retest_p6.jpg provider=google_vision confidence=0.93
2026-08-02 14:28:33,490 | INFO | office_ticket_backend.ocr | ocr_extract_start image=scratch\retest_p1.jpg provider_env=google_vision
2026-08-02 14:28:34,002 | INFO | office_ticket_backend.ocr | google_vision_request_start image=scratch\retest_p1.jpg
2026-08-02 14:28:35,052 | ERROR | office_ticket_backend.ocr | ocr_extract_google_failed image=scratch\retest_p1.jpg error=FileNotFoundError: [Errno 2] No such file or directory: 'scratch\\retest_p1.jpg'
Traceback (most recent call last):
  File "E:\Projects\Nova Construction Ticket App\ocr.py", line 1001, in extract_ticket_data
    parsed, confidence = _extract_with_google_vision(image_path)
  File "E:\Projects\Nova Construction Ticket App\ocr.py", line 607, in _extract_with_google_vision
    content = image_path.read_bytes()
  File "C:\Program Files\Python310\lib\pathlib.py", line 1126, in read_bytes
    with self.open(mode='rb') as f:
  File "C:\Program Files\Python310\lib\pathlib.py", line 1119, in open
    return self._accessor.open(self, mode, buffering, encoding, errors,
FileNotFoundError: [Errno 2] No such file or directory: 'scratch\\retest_p1.jpg'
2026-08-02 14:28:35,560 | INFO | office_ticket_backend.ocr | pytesseract_request_start image=scratch\retest_p1.jpg
2026-08-02 14:28:35,561 | ERROR | office_ticket_backend.ocr | ocr_extract_pytesseract_failed image=scratch\retest_p1.jpg error=[Errno 2] No such file or directory: 'E:\\Projects\\Nova Construction Ticket App\\scratch\\retest_p1.jpg'
Traceback (most recent call last):
  File "E:\Projects\Nova Construction Ticket App\ocr.py", line 1009, in extract_ticket_data
    parsed, confidence = _extract_with_pytesseract(image_path)
  File "E:\Projects\Nova Construction Ticket App\ocr.py", line 964, in _extract_with_pytesseract
    img = _preprocess_for_ocr(PilImage.open(image_path))
  File "E:\Projects\Nova Construction Ticket App\.venv\lib\site-packages\PIL\Image.py", line 3431, in open
    fp = builtins.open(filename, "rb")
FileNotFoundError: [Errno 2] No such file or directory: 'E:\\Projects\\Nova Construction Ticket App\\scratch\\retest_p1.jpg'
2026-08-02 14:28:35,562 | ERROR | office_ticket_backend.ocr | ocr_extract_failed image=scratch\retest_p1.jpg returning_empty=true
2026-08-02 14:28:35,563 | INFO | office_ticket_backend.ocr | ocr_extract_start image=scratch\retest_p2.jpg provider_env=google_vision
2026-08-02 14:28:35,564 | INFO | office_ticket_backend.ocr | google_vision_request_start image=scratch\retest_p2.jpg
2026-08-02 14:28:37,300 | INFO | office_ticket_backend.ocr | auto_orient_keyword word=NOVA avg_x=0.20 avg_y=0.02 image=retest_p2.jpg
2026-08-02 14:28:37,300 | INFO | office_ticket_backend.ocr | google_vision_raw_text image=retest_p2.jpg chars=384 first_800=DATE | NOVA CONSTRUCTION COMPANY LTD | P.O. Box 1328 | Antigonish, NS | B2G 2L7 | Phone: 902-245-6386 Fax: 902-245-5132 | Apri/16/261 JOB NO. 2412602 | LICENSE PLATE | TRUCKER | SOLD TO/ | DESMOND QUARRY | 58505 | Seremy Wood Blain. | CHARGED TO Municipal Windemitt | DELIVER TO | MATERIAL | Weavers Mat | GROSS 34900 | TARE | 20610 | NET | 0561 | 14290 | RECEIVED BY | - | WHITE CUSTOMER COPY | - | CANARY TRUCKER'S COPY | PINK-OFFICE COPY
2026-08-02 14:28:37,312 | INFO | office_ticket_backend.ocr | google_vision_request_success image=retest_p2.jpg avg_conf=0.91 ticket_id=0561 date= sold_to=Municipal Windemitt plate=58505 trucker=Seremy Wood Blain
2026-08-02 14:28:37,313 | INFO | office_ticket_backend.ocr | ocr_extract_provider_selected image=scratch\retest_p2.jpg provider=google_vision confidence=0.91
2026-08-02 14:28:37,315 | INFO | office_ticket_backend.ocr | ocr_extract_start image=scratch\retest_p3.jpg provider_env=google_vision
2026-08-02 14:28:37,315 | INFO | office_ticket_backend.ocr | google_vision_request_start image=scratch\retest_p3.jpg
2026-08-02 14:28:38,920 | INFO | office_ticket_backend.ocr | auto_orient_keyword word=NOVA avg_x=0.20 avg_y=0.03 image=retest_p3.jpg
2026-08-02 14:28:38,921 | INFO | office_ticket_backend.ocr | google_vision_raw_text image=retest_p3.jpg chars=378 first_800=DATE | NOVA CONSTRUCTION COMPANY LTD | P.O. Box 1328 | Antigonish, NS | B2G 2L7 | Phone: 902-245-6386 Fax: 902-245-5132 | 19/26 | O | JOB NO. | LONG POINT QUARRY | LICENSE PLATE | TRUCKER | SOLD TO/ | CHARGED TO | DELIVER TO | MATERIAL | GROSS | TARE | NET | Dohert | herty Lime | Dotorty Lime | Dotorty | Type 1 | 25.350 | 10900 | 14.450 | 07235 | RECEIVED BY | spe | Lime spe | - | WHITE CUSTOMER COPY | CANARY TRUCKER'S COPY | PINK-OFFICE COPY
2026-08-02 14:28:38,929 | INFO | office_ticket_backend.ocr | google_vision_request_success image=retest_p3.jpg avg_conf=0.93 ticket_id=07235 date= sold_to=spe plate= trucker=Dohert
2026-08-02 14:28:38,930 | INFO | office_ticket_backend.ocr | ocr_extract_provider_selected image=scratch\retest_p3.jpg provider=google_vision confidence=0.93
2026-08-02 14:28:38,932 | INFO | office_ticket_backend.ocr | ocr_extract_start image=scratch\retest_p4.jpg provider_env=google_vision
2026-08-02 14:28:38,932 | INFO | office_ticket_backend.ocr | google_vision_request_start image=scratch\retest_p4.jpg
2026-08-02 14:28:40,588 | INFO | office_ticket_backend.ocr | auto_orient_keyword word=NOVA avg_x=0.97 avg_y=0.19 image=retest_p4.jpg
2026-08-02 14:28:40,588 | INFO | office_ticket_backend.ocr | auto_orient_applied image=retest_p4.jpg angle=90
2026-08-02 14:28:41,022 | INFO | office_ticket_backend.ocr | auto_orient_resent image=retest_p4.jpg
2026-08-02 14:28:41,022 | INFO | office_ticket_backend.ocr | google_vision_raw_text image=retest_p4.jpg chars=340 first_800=DATE | NOVA CONSTRUCTION COMPANY LTD | P.O. Box 1328 | Antigonish, NS | B2G 2L7 | Phone: 902-245-6386 Fax: 902-245-5132 | E May 8 2026 | LICENSE PLATE | JOB NO. | LONG POINT QUARRY | TRUCKER | SOLD TO/ | CHARGED TO | DELIVER TO | MATERIAL | GROSS | Chipman | Trucking | TARE | 14 | NET | Tonne | •Mott Lloyd | CANARY TRUCKER'S COPY | 07131 | RECEIVED BY | WHITE CUSTOMER COPY | PINK-OFFICE COPY
2026-08-02 14:28:41,029 | INFO | office_ticket_backend.ocr | google_vision_request_success image=retest_p4.jpg avg_conf=0.92 ticket_id=07131 date=2026-05-08 sold_to=Chipman Trucking plate= trucker=
2026-08-02 14:28:41,030 | INFO | office_ticket_backend.ocr | ocr_extract_provider_selected image=scratch\retest_p4.jpg provider=google_vision confidence=0.92
2026-08-02 14:28:41,032 | INFO | office_ticket_backend.ocr | ocr_extract_start image=scratch\retest_p5.jpg provider_env=google_vision
2026-08-02 14:28:41,032 | INFO | office_ticket_backend.ocr | google_vision_request_start image=scratch\retest_p5.jpg
2026-08-02 14:28:42,660 | INFO | office_ticket_backend.ocr | auto_orient_keyword word=NOVA avg_x=0.97 avg_y=0.19 image=retest_p5.jpg
2026-08-02 14:28:42,660 | INFO | office_ticket_backend.ocr | auto_orient_applied image=retest_p5.jpg angle=90
2026-08-02 14:28:43,103 | INFO | office_ticket_backend.ocr | auto_orient_resent image=retest_p5.jpg
2026-08-02 14:28:43,103 | INFO | office_ticket_backend.ocr | google_vision_raw_text image=retest_p5.jpg chars=340 first_800=NOVA CONSTRUCTION COMPANY LTD | P.O. Box 1328 | Antigonish, NS | B2G 2L7 | Phone: 902-245-6386 Fax: 902-245-5132 | DATE May 11/26 | LICENSE PLATE | JOB NO. | LONG POINT QUARRY | TRUCKER | SOLD TO/ | CHARGED TO Potterty Lime HD | DELIVER TO | MATERIAL Serge | GROSS 26000 | TARE 1680 | NET 4320 | 07162 | WHITE CUSTOMER COPY | RECEIVED BY | - | CANARY TRUCKER'S COPY | PINK-OFFICE COPY
2026-08-02 14:28:43,110 | INFO | office_ticket_backend.ocr | google_vision_request_success image=retest_p5.jpg avg_conf=0.93 ticket_id=07162 date=2026-05-11 sold_to=Potterty Lime HD plate= trucker=
2026-08-02 14:28:43,110 | INFO | office_ticket_backend.ocr | ocr_extract_provider_selected image=scratch\retest_p5.jpg provider=google_vision confidence=0.93
2026-08-02 14:28:43,112 | INFO | office_ticket_backend.ocr | ocr_extract_start image=scratch\retest_p6.jpg provider_env=google_vision
2026-08-02 14:28:43,113 | INFO | office_ticket_backend.ocr | google_vision_request_start image=scratch\retest_p6.jpg
2026-08-02 14:28:44,765 | INFO | office_ticket_backend.ocr | auto_orient_keyword word=NOVA avg_x=0.19 avg_y=0.03 image=retest_p6.jpg
2026-08-02 14:28:44,767 | INFO | office_ticket_backend.ocr | google_vision_raw_text image=retest_p6.jpg chars=319 first_800=NOVA CONSTRUCTION COMPANY LTD | P.O. Box 1328 | Antigonish, NS | B2G 2L7 | Phone: 902-245-6386 Fax: 902-245-5132 | DATE TI | June | 26 | JOB NO. | LICENSE PLATE | LONG POINT QUARRY | TRUCKER | SOLD TO/ | CHARGED TO RD | DELIVER TO | MATERIAL | GROSS | TARE | NET | Back shock | 15 T | 00534 | WHITE CUSTOMER COPY | RECEIVED BY | CANARY TRUCKER'S COPY | PINK-OFFICE COPY
2026-08-02 14:28:44,775 | INFO | office_ticket_backend.ocr | google_vision_request_success image=retest_p6.jpg avg_conf=0.94 ticket_id=00534 date= sold_to=RD plate= trucker=
2026-08-02 14:28:44,776 | INFO | office_ticket_backend.ocr | ocr_extract_provider_selected image=scratch\retest_p6.jpg provider=google_vision confidence=0.94
2026-08-02 14:28:44,778 | INFO | office_ticket_backend.ocr | ocr_extract_start image=scratch\retest_p7.jpg provider_env=google_vision
2026-08-02 14:28:44,778 | INFO | office_ticket_backend.ocr | google_vision_request_start image=scratch\retest_p7.jpg
2026-08-02 14:28:46,475 | INFO | office_ticket_backend.ocr | auto_orient_keyword word=NOVA avg_x=0.97 avg_y=0.20 image=retest_p7.jpg
2026-08-02 14:28:46,475 | INFO | office_ticket_backend.ocr | auto_orient_applied image=retest_p7.jpg angle=90
2026-08-02 14:28:46,831 | INFO | office_ticket_backend.ocr | auto_orient_resent image=retest_p7.jpg
2026-08-02 14:28:46,831 | INFO | office_ticket_backend.ocr | google_vision_raw_text image=retest_p7.jpg chars=293 first_800=DATE | NOVA CONSTRUCTION COMPANY LT | P.O. Box 1328 | Antigonish, NS | B2G 2L7 | Phone: 902-245-6386 Fax: 902-245-5132 | • | JOB NO. | LICENSE PLATE | LONG POINT QUARRY | TRUCKER | SOLD TO/ | CHARGED TO | DELIVER TO | MATERIAL | GROSS | 15 | TARE | NET | 06738 | RECEIVED BY | WHITE CUSTOMER COPY | CANARY TRUCKER'S COPY | PINK-OFFICE COPY
2026-08-02 14:28:46,837 | INFO | office_ticket_backend.ocr | google_vision_request_success image=retest_p7.jpg avg_conf=0.96 ticket_id=06738 date= sold_to= plate= trucker=
2026-08-02 14:28:46,838 | INFO | office_ticket_backend.ocr | ocr_extract_provider_selected image=scratch\retest_p7.jpg provider=google_vision confidence=0.96
2026-08-02 14:28:47,628 | INFO | office_ticket_backend.ocr | pytesseract_request_start image=E:\Projects\Nova Construction Ticket App\docs\client_research\Info provided\Images\Ticket example 1.jpg
2026-08-02 14:28:49,121 | INFO | office_ticket_backend.ocr | pytesseract_request_success image=E:\Projects\Nova Construction Ticket App\docs\client_research\Info provided\Images\Ticket example 1.jpg conf=0.56
2026-08-02 14:28:49,122 | INFO | office_ticket_backend.ocr | ocr_extract_start image=E:\Projects\Nova Construction Ticket App\docs\client_research\Info provided\Images\Ticket example 2.jpg provider_env=google_vision
2026-08-02 14:28:49,580 | INFO | office_ticket_backend.ocr | google_vision_request_start image=E:\Projects\Nova Construction Ticket App\docs\client_research\Info provided\Images\Ticket example 2.jpg
2026-08-02 14:28:51,103 | INFO | office_ticket_backend.ocr | auto_orient_keyword word=NOVA avg_x=0.25 avg_y=0.23 image=Ticket example 2.jpg
2026-08-02 14:28:51,103 | INFO | office_ticket_backend.ocr | google_vision_raw_text image=Ticket example 2.jpg chars=353 first_800=DATE | NOVA CONSTRUCTION COMPANY LT | P.O. Box 1328 | Antigonish, NS | B2G 2L7 | Phone: 902-245-6386 Fax: 902-245-5132 | May 13/26 | LICENSE PLATE | JOB NO. | LONG POINT QUARRY | TRUCKER | SOLD TO/ | CHARGED TO | DELIVER TO | MATERIAL | Gerry fulton | Long Point Rd.. | Type 1 | GROSS 25,000 | TARE | NET | 9800 | 15,200 | 07173 | WHITE CUSTOMER COPY | RECEIVED BY | CANARY TRUCKER'S COPY | PINK-OFFICE COPY
2026-08-02 14:28:51,113 | INFO | office_ticket_backend.ocr | google_vision_request_success image=Ticket example 2.jpg avg_conf=0.93 ticket_id=07173 date=2026-05-13 sold_to=Gerry fulton plate= trucker=fulton
2026-08-02 14:28:51,113 | INFO | office_ticket_backend.ocr | ocr_extract_provider_selected image=E:\Projects\Nova Construction Ticket App\docs\client_research\Info provided\Images\Ticket example 2.jpg provider=google_vision confidence=0.93
2026-08-02 14:29:02,823 | INFO | office_ticket_backend.ocr | ocr_extract_start image=scratch\retest_p1.jpg provider_env=google_vision
2026-08-02 14:29:03,345 | INFO | office_ticket_backend.ocr | google_vision_request_start image=scratch\retest_p1.jpg
2026-08-02 14:29:05,199 | INFO | office_ticket_backend.ocr | auto_orient_keyword word=NOVA avg_x=0.97 avg_y=0.18 image=retest_p1.jpg
2026-08-02 14:29:05,200 | INFO | office_ticket_backend.ocr | auto_orient_applied image=retest_p1.jpg angle=90
2026-08-02 14:29:05,607 | INFO | office_ticket_backend.ocr | auto_orient_resent image=retest_p1.jpg
2026-08-02 14:29:05,607 | INFO | office_ticket_backend.ocr | google_vision_raw_text image=retest_p1.jpg chars=326 first_800=NOVA CONSTRUCTION COMPANY LTD | DATE | Y | P.O. Box 1328 | Antigonish, NS | B2G 2L7 | Phone: 902-245-6386 Fax: 902-245-5132 5088 | JOB NO. | SEABROOK QUARRY | LICENSE PLATE | TRUCKER | D | SOLD TO/ | CHARGED TO | DELIVER TO | MATERIAL | C | GROSS | TARE | C | C | ENTERED MAY 3 2025 | NET | 1310 | 26671 | RECEIVED BY | WHITE CUSTOMER COPY | CANARY TRUCKER'S COPY | PINK OFFICE COPY
2026-08-02 14:29:05,617 | INFO | office_ticket_backend.ocr | google_vision_request_success image=retest_p1.jpg avg_conf=0.95 ticket_id=26671 date=2025-05-03 sold_to= plate= trucker=
2026-08-02 14:29:05,618 | INFO | office_ticket_backend.ocr | ocr_extract_provider_selected image=scratch\retest_p1.jpg provider=google_vision confidence=0.95
2026-08-02 14:29:08,255 | INFO | office_ticket_backend.ocr | ocr_extract_start image=scratch\retest_p1.jpg provider_env=google_vision
2026-08-02 14:29:08,741 | INFO | office_ticket_backend.ocr | google_vision_request_start image=scratch\retest_p1.jpg
2026-08-02 14:29:10,486 | INFO | office_ticket_backend.ocr | auto_orient_keyword word=NOVA avg_x=0.18 avg_y=0.03 image=retest_p1.jpg
2026-08-02 14:29:10,487 | INFO | office_ticket_backend.ocr | google_vision_raw_text image=retest_p1.jpg chars=326 first_800=NOVA CONSTRUCTION COMPANY LTD | DATE | Y | P.O. Box 1328 | Antigonish, NS | B2G 2L7 | Phone: 902-245-6386 Fax: 902-245-5132 5088 | JOB NO. | SEABROOK QUARRY | LICENSE PLATE | TRUCKER | D | SOLD TO/ | CHARGED TO | DELIVER TO | MATERIAL | C | GROSS | TARE | C | C | ENTERED MAY 3 2025 | NET | 1310 | 26671 | RECEIVED BY | WHITE CUSTOMER COPY | CANARY TRUCKER'S COPY | PINK OFFICE COPY
2026-08-02 14:29:10,497 | INFO | office_ticket_backend.ocr | google_vision_request_success image=retest_p1.jpg avg_conf=0.95 ticket_id=26671 date=2025-05-03 sold_to= plate= trucker=
2026-08-02 14:29:10,498 | INFO | office_ticket_backend.ocr | ocr_extract_provider_selected image=scratch\retest_p1.jpg provider=google_vision confidence=0.95
2026-08-02 14:30:31,850 | INFO | office_ticket_backend.ocr | pytesseract_request_start image=E:\Projects\Nova Construction Ticket App\docs\client_research\Info provided\Images\Ticket example 1.jpg
2026-08-02 14:30:33,321 | INFO | office_ticket_backend.ocr | pytesseract_request_success image=E:\Projects\Nova Construction Ticket App\docs\client_research\Info provided\Images\Ticket example 1.jpg conf=0.56
2026-08-02 14:30:33,322 | INFO | office_ticket_backend.ocr | ocr_extract_start image=E:\Projects\Nova Construction Ticket App\docs\client_research\Info provided\Images\Ticket example 2.jpg provider_env=google_vision
2026-08-02 14:30:33,795 | INFO | office_ticket_backend.ocr | google_vision_request_start image=E:\Projects\Nova Construction Ticket App\docs\client_research\Info provided\Images\Ticket example 2.jpg
2026-08-02 14:30:35,406 | INFO | office_ticket_backend.ocr | auto_orient_keyword word=NOVA avg_x=0.25 avg_y=0.23 image=Ticket example 2.jpg
2026-08-02 14:30:35,407 | INFO | office_ticket_backend.ocr | google_vision_raw_text image=Ticket example 2.jpg chars=353 first_800=DATE | NOVA CONSTRUCTION COMPANY LT | P.O. Box 1328 | Antigonish, NS | B2G 2L7 | Phone: 902-245-6386 Fax: 902-245-5132 | May 13/26 | LICENSE PLATE | JOB NO. | LONG POINT QUARRY | TRUCKER | SOLD TO/ | CHARGED TO | DELIVER TO | MATERIAL | Gerry fulton | Long Point Rd.. | Type 1 | GROSS 25,000 | TARE | NET | 9800 | 15,200 | 07173 | WHITE CUSTOMER COPY | RECEIVED BY | CANARY TRUCKER'S COPY | PINK-OFFICE COPY
2026-08-02 14:30:35,417 | INFO | office_ticket_backend.ocr | google_vision_request_success image=Ticket example 2.jpg avg_conf=0.93 ticket_id=07173 date=2026-05-13 sold_to=Gerry fulton plate= trucker=fulton
2026-08-02 14:30:35,417 | INFO | office_ticket_backend.ocr | ocr_extract_provider_selected image=E:\Projects\Nova Construction Ticket App\docs\client_research\Info provided\Images\Ticket example 2.jpg provider=google_vision confidence=0.93
2026-08-02 14:30:51,782 | INFO | office_ticket_backend.app | app_start provider_env=<empty> duplicate_check_enabled=True
2026-08-02 14:30:51,784 | INFO | office_ticket_backend.app | app_start provider_env=<empty> duplicate_check_enabled=True
2026-08-02 14:30:51,794 | INFO | office_ticket_backend.app | app_start provider_env=<empty> duplicate_check_enabled=True
2026-08-02 14:30:51,822 | INFO | office_ticket_backend.app | app_start provider_env=<empty> duplicate_check_enabled=True
2026-08-02 14:30:52,265 | INFO | office_ticket_backend.app | app_start provider_env=<empty> duplicate_check_enabled=True
2026-08-02 14:30:52,300 | INFO | office_ticket_backend.app | app_start provider_env=<empty> duplicate_check_enabled=True
2026-08-02 14:32:11,644 | INFO | office_ticket_backend.app | app_start provider_env=<empty> duplicate_check_enabled=True
2026-08-02 14:32:25,321 | INFO | office_ticket_backend.app | app_start provider_env=<empty> duplicate_check_enabled=True
2026-08-02 14:32:27,433 | INFO | office_ticket_backend.app | app_start provider_env=<empty> duplicate_check_enabled=True
2026-08-02 14:32:27,438 | INFO | office_ticket_backend.app | upload_saved file=Ticket example 2.jpg size_bytes=131724 path=E:\Projects\Nova Construction Ticket App\data\uploads\20260802_173227_437280_Ticket example 2.jpg
2026-08-02 14:32:27,439 | INFO | office_ticket_backend.ocr | ocr_extract_start image=E:\Projects\Nova Construction Ticket App\data\uploads\20260802_173227_437280_Ticket example 2.jpg provider_env=google_vision
2026-08-02 14:32:27,700 | INFO | office_ticket_backend.ocr | google_vision_request_start image=E:\Projects\Nova Construction Ticket App\data\uploads\20260802_173227_437280_Ticket example 2.jpg
2026-08-02 14:32:29,252 | INFO | office_ticket_backend.ocr | auto_orient_keyword word=NOVA avg_x=0.25 avg_y=0.23 image=20260802_173227_437280_Ticket example 2.jpg
2026-08-02 14:32:29,252 | INFO | office_ticket_backend.ocr | google_vision_raw_text image=20260802_173227_437280_Ticket example 2.jpg chars=353 first_800=DATE | NOVA CONSTRUCTION COMPANY LT | P.O. Box 1328 | Antigonish, NS | B2G 2L7 | Phone: 902-245-6386 Fax: 902-245-5132 | May 13/26 | LICENSE PLATE | JOB NO. | LONG POINT QUARRY | TRUCKER | SOLD TO/ | CHARGED TO | DELIVER TO | MATERIAL | Gerry fulton | Long Point Rd.. | Type 1 | GROSS 25,000 | TARE | NET | 9800 | 15,200 | 07173 | WHITE CUSTOMER COPY | RECEIVED BY | CANARY TRUCKER'S COPY | PINK-OFFICE COPY
2026-08-02 14:32:29,264 | INFO | office_ticket_backend.ocr | google_vision_request_success image=20260802_173227_437280_Ticket example 2.jpg avg_conf=0.93 ticket_id=07173 date=2026-05-13 sold_to=Gerry fulton plate= trucker=fulton
2026-08-02 14:32:29,264 | INFO | office_ticket_backend.ocr | ocr_extract_provider_selected image=E:\Projects\Nova Construction Ticket App\data\uploads\20260802_173227_437280_Ticket example 2.jpg provider=google_vision confidence=0.93
2026-08-02 14:32:29,265 | INFO | office_ticket_backend.app | upload_processed file=Ticket example 2.jpg provider=google_vision confidence=0.93 ticket_id=07173
2026-08-02 14:32:29,276 | INFO | office_ticket_backend.app | ticket_inserted ticket_id=07173 provider=google_vision confidence=0.93 image=E:\Projects\Nova Construction Ticket App\data\uploads\20260802_173227_437280_Ticket example 2.jpg
2026-08-02 14:41:27,488 | INFO | office_ticket_backend.ocr | pytesseract_request_start image=E:\Projects\Nova Construction Ticket App\docs\client_research\Info provided\Images\Ticket example 1.jpg
2026-08-02 14:41:28,974 | INFO | office_ticket_backend.ocr | pytesseract_request_success image=E:\Projects\Nova Construction Ticket App\docs\client_research\Info provided\Images\Ticket example 1.jpg conf=0.56
2026-08-02 14:41:28,976 | INFO | office_ticket_backend.ocr | ocr_extract_start image=E:\Projects\Nova Construction Ticket App\docs\client_research\Info provided\Images\Ticket example 2.jpg provider_env=google_vision
2026-08-02 14:41:29,483 | INFO | office_ticket_backend.ocr | google_vision_request_start image=E:\Projects\Nova Construction Ticket App\docs\client_research\Info provided\Images\Ticket example 2.jpg
2026-08-02 14:41:31,081 | INFO | office_ticket_backend.ocr | auto_orient_keyword word=NOVA avg_x=0.25 avg_y=0.23 image=Ticket example 2.jpg
2026-08-02 14:41:31,081 | INFO | office_ticket_backend.ocr | google_vision_raw_text image=Ticket example 2.jpg chars=353 first_800=DATE | NOVA CONSTRUCTION COMPANY LT | P.O. Box 1328 | Antigonish, NS | B2G 2L7 | Phone: 902-245-6386 Fax: 902-245-5132 | May 13/26 | LICENSE PLATE | JOB NO. | LONG POINT QUARRY | TRUCKER | SOLD TO/ | CHARGED TO | DELIVER TO | MATERIAL | Gerry fulton | Long Point Rd.. | Type 1 | GROSS 25,000 | TARE | NET | 9800 | 15,200 | 07173 | WHITE CUSTOMER COPY | RECEIVED BY | CANARY TRUCKER'S COPY | PINK-OFFICE COPY
2026-08-02 14:41:31,094 | INFO | office_ticket_backend.ocr | google_vision_request_success image=Ticket example 2.jpg avg_conf=0.93 ticket_id=07173 date=2026-05-13 sold_to=Gerry fulton plate= trucker=
2026-08-02 14:41:31,095 | INFO | office_ticket_backend.ocr | ocr_extract_provider_selected image=E:\Projects\Nova Construction Ticket App\docs\client_research\Info provided\Images\Ticket example 2.jpg provider=google_vision confidence=0.93
2026-08-02 14:41:45,991 | INFO | office_ticket_backend.ocr | ocr_extract_start image=E:\Projects\Nova Construction Ticket App\data\uploads\20260802_170651_814925_p1_1_20260717102354642.jpg provider_env=google_vision
2026-08-02 14:41:46,519 | INFO | office_ticket_backend.ocr | google_vision_request_start image=E:\Projects\Nova Construction Ticket App\data\uploads\20260802_170651_814925_p1_1_20260717102354642.jpg
2026-08-02 14:41:47,684 | ERROR | office_ticket_backend.ocr | ocr_extract_google_failed image=E:\Projects\Nova Construction Ticket App\data\uploads\20260802_170651_814925_p1_1_20260717102354642.jpg error=AttributeError: 'str' object has no attribute 'read_bytes'
Traceback (most recent call last):
  File "E:\Projects\Nova Construction Ticket App\ocr.py", line 1027, in extract_ticket_data
    parsed, confidence = _extract_with_google_vision(image_path)
  File "E:\Projects\Nova Construction Ticket App\ocr.py", line 633, in _extract_with_google_vision
    content = image_path.read_bytes()
AttributeError: 'str' object has no attribute 'read_bytes'
2026-08-02 14:41:48,184 | INFO | office_ticket_backend.ocr | pytesseract_request_start image=E:\Projects\Nova Construction Ticket App\data\uploads\20260802_170651_814925_p1_1_20260717102354642.jpg
2026-08-02 14:41:49,792 | INFO | office_ticket_backend.ocr | pytesseract_request_success image=E:\Projects\Nova Construction Ticket App\data\uploads\20260802_170651_814925_p1_1_20260717102354642.jpg conf=0.59
2026-08-02 14:41:49,792 | WARNING | office_ticket_backend.ocr | ocr_extract_fallback image=E:\Projects\Nova Construction Ticket App\data\uploads\20260802_170651_814925_p1_1_20260717102354642.jpg provider=pytesseract reason=AttributeError: 'str' object has no attribute 'read_bytes'
2026-08-02 14:41:49,793 | INFO | office_ticket_backend.ocr | ocr_extract_provider_selected image=E:\Projects\Nova Construction Ticket App\data\uploads\20260802_170651_814925_p1_1_20260717102354642.jpg provider=pytesseract confidence=0.59
2026-08-02 14:41:53,853 | INFO | office_ticket_backend.ocr | ocr_extract_start image=E:\Projects\Nova Construction Ticket App\data\uploads\20260802_170651_814925_p1_1_20260717102354642.jpg provider_env=google_vision
2026-08-02 14:41:54,354 | INFO | office_ticket_backend.ocr | google_vision_request_start image=E:\Projects\Nova Construction Ticket App\data\uploads\20260802_170651_814925_p1_1_20260717102354642.jpg
2026-08-02 14:41:55,392 | ERROR | office_ticket_backend.ocr | ocr_extract_google_failed image=E:\Projects\Nova Construction Ticket App\data\uploads\20260802_170651_814925_p1_1_20260717102354642.jpg error=AttributeError: 'str' object has no attribute 'read_bytes'
Traceback (most recent call last):
  File "E:\Projects\Nova Construction Ticket App\ocr.py", line 1027, in extract_ticket_data
    parsed, confidence = _extract_with_google_vision(image_path)
  File "E:\Projects\Nova Construction Ticket App\ocr.py", line 633, in _extract_with_google_vision
    content = image_path.read_bytes()
AttributeError: 'str' object has no attribute 'read_bytes'
2026-08-02 14:41:55,904 | INFO | office_ticket_backend.ocr | pytesseract_request_start image=E:\Projects\Nova Construction Ticket App\data\uploads\20260802_170651_814925_p1_1_20260717102354642.jpg
2026-08-02 14:41:57,504 | INFO | office_ticket_backend.ocr | pytesseract_request_success image=E:\Projects\Nova Construction Ticket App\data\uploads\20260802_170651_814925_p1_1_20260717102354642.jpg conf=0.59
2026-08-02 14:41:57,504 | WARNING | office_ticket_backend.ocr | ocr_extract_fallback image=E:\Projects\Nova Construction Ticket App\data\uploads\20260802_170651_814925_p1_1_20260717102354642.jpg provider=pytesseract reason=AttributeError: 'str' object has no attribute 'read_bytes'
2026-08-02 14:41:57,504 | INFO | office_ticket_backend.ocr | ocr_extract_provider_selected image=E:\Projects\Nova Construction Ticket App\data\uploads\20260802_170651_814925_p1_1_20260717102354642.jpg provider=pytesseract confidence=0.59
2026-08-02 14:42:07,586 | INFO | office_ticket_backend.ocr | ocr_extract_start image=E:\Projects\Nova Construction Ticket App\data\uploads\20260802_170651_814925_p1_1_20260717102354642.jpg provider_env=google_vision
2026-08-02 14:42:08,087 | INFO | office_ticket_backend.ocr | google_vision_request_start image=E:\Projects\Nova Construction Ticket App\data\uploads\20260802_170651_814925_p1_1_20260717102354642.jpg
2026-08-02 14:42:09,867 | INFO | office_ticket_backend.ocr | auto_orient_keyword word=NOVA avg_x=0.18 avg_y=0.03 image=20260802_170651_814925_p1_1_20260717102354642.jpg
2026-08-02 14:42:09,868 | INFO | office_ticket_backend.ocr | google_vision_raw_text image=20260802_170651_814925_p1_1_20260717102354642.jpg chars=326 first_800=NOVA CONSTRUCTION COMPANY LTD | DATE | Y | P.O. Box 1328 | Antigonish, NS | B2G 2L7 | Phone: 902-245-6386 Fax: 902-245-5132 5088 | JOB NO. | SEABROOK QUARRY | LICENSE PLATE | TRUCKER | D | SOLD TO/ | CHARGED TO | DELIVER TO | MATERIAL | C | GROSS | TARE | C | C | ENTERED MAY 3 2025 | NET | 1310 | 26671 | RECEIVED BY | WHITE CUSTOMER COPY | CANARY TRUCKER'S COPY | PINK OFFICE COPY
2026-08-02 14:42:09,878 | INFO | office_ticket_backend.ocr | google_vision_request_success image=20260802_170651_814925_p1_1_20260717102354642.jpg avg_conf=0.95 ticket_id=26671 date=2025-05-03 sold_to= plate= trucker=
2026-08-02 14:42:09,879 | INFO | office_ticket_backend.ocr | ocr_extract_provider_selected image=E:\Projects\Nova Construction Ticket App\data\uploads\20260802_170651_814925_p1_1_20260717102354642.jpg provider=google_vision confidence=0.95
2026-08-02 14:42:09,881 | INFO | office_ticket_backend.ocr | ocr_extract_start image=E:\Projects\Nova Construction Ticket App\data\uploads\20260802_170651_814925_p2_1_20260717102354642.jpg provider_env=google_vision
2026-08-02 14:42:09,881 | INFO | office_ticket_backend.ocr | google_vision_request_start image=E:\Projects\Nova Construction Ticket App\data\uploads\20260802_170651_814925_p2_1_20260717102354642.jpg
2026-08-02 14:42:11,556 | INFO | office_ticket_backend.ocr | auto_orient_keyword word=NOVA avg_x=0.20 avg_y=0.02 image=20260802_170651_814925_p2_1_20260717102354642.jpg
2026-08-02 14:42:11,557 | INFO | office_ticket_backend.ocr | google_vision_raw_text image=20260802_170651_814925_p2_1_20260717102354642.jpg chars=384 first_800=DATE | NOVA CONSTRUCTION COMPANY LTD | P.O. Box 1328 | Antigonish, NS | B2G 2L7 | Phone: 902-245-6386 Fax: 902-245-5132 | Apri/16/261 JOB NO. 2412602 | LICENSE PLATE | TRUCKER | SOLD TO/ | DESMOND QUARRY | 58505 | Seremy Wood Blain. | CHARGED TO Municipal Windemitt | DELIVER TO | MATERIAL | Weavers Mat | GROSS 34900 | TARE | 20610 | NET | 0561 | 14290 | RECEIVED BY | - | WHITE CUSTOMER COPY | - | CANARY TRUCKER'S COPY | PINK-OFFICE COPY
2026-08-02 14:42:11,571 | INFO | office_ticket_backend.ocr | google_vision_request_success image=20260802_170651_814925_p2_1_20260717102354642.jpg avg_conf=0.91 ticket_id=0561 date= sold_to=Seremy Wood Blain plate=58505 trucker=Seremy Wood Wood Blain Blain
2026-08-02 14:42:11,572 | INFO | office_ticket_backend.ocr | ocr_extract_provider_selected image=E:\Projects\Nova Construction Ticket App\data\uploads\20260802_170651_814925_p2_1_20260717102354642.jpg provider=google_vision confidence=0.91
2026-08-02 14:42:11,574 | INFO | office_ticket_backend.ocr | ocr_extract_start image=E:\Projects\Nova Construction Ticket App\data\uploads\20260802_170651_814925_p3_1_20260717102354642.jpg provider_env=google_vision
2026-08-02 14:42:11,574 | INFO | office_ticket_backend.ocr | google_vision_request_start image=E:\Projects\Nova Construction Ticket App\data\uploads\20260802_170651_814925_p3_1_20260717102354642.jpg
2026-08-02 14:42:13,188 | INFO | office_ticket_backend.ocr | auto_orient_keyword word=NOVA avg_x=0.20 avg_y=0.03 image=20260802_170651_814925_p3_1_20260717102354642.jpg
2026-08-02 14:42:13,189 | INFO | office_ticket_backend.ocr | google_vision_raw_text image=20260802_170651_814925_p3_1_20260717102354642.jpg chars=378 first_800=DATE | NOVA CONSTRUCTION COMPANY LTD | P.O. Box 1328 | Antigonish, NS | B2G 2L7 | Phone: 902-245-6386 Fax: 902-245-5132 | 19/26 | O | JOB NO. | LONG POINT QUARRY | LICENSE PLATE | TRUCKER | SOLD TO/ | CHARGED TO | DELIVER TO | MATERIAL | GROSS | TARE | NET | Dohert | herty Lime | Dotorty Lime | Dotorty | Type 1 | 25.350 | 10900 | 14.450 | 07235 | RECEIVED BY | spe | Lime spe | - | WHITE CUSTOMER COPY | CANARY TRUCKER'S COPY | PINK-OFFICE COPY
2026-08-02 14:42:13,201 | INFO | office_ticket_backend.ocr | google_vision_request_success image=20260802_170651_814925_p3_1_20260717102354642.jpg avg_conf=0.93 ticket_id=07235 date= sold_to=spe plate= trucker=Dohert
2026-08-02 14:42:13,203 | INFO | office_ticket_backend.ocr | ocr_extract_provider_selected image=E:\Projects\Nova Construction Ticket App\data\uploads\20260802_170651_814925_p3_1_20260717102354642.jpg provider=google_vision confidence=0.93
2026-08-02 14:42:13,205 | INFO | office_ticket_backend.ocr | ocr_extract_start image=E:\Projects\Nova Construction Ticket App\data\uploads\20260802_170651_814925_p4_1_20260717102354642.jpg provider_env=google_vision
2026-08-02 14:42:13,205 | INFO | office_ticket_backend.ocr | google_vision_request_start image=E:\Projects\Nova Construction Ticket App\data\uploads\20260802_170651_814925_p4_1_20260717102354642.jpg
2026-08-02 14:42:14,866 | INFO | office_ticket_backend.ocr | auto_orient_keyword word=NOVA avg_x=0.19 avg_y=0.03 image=20260802_170651_814925_p4_1_20260717102354642.jpg
2026-08-02 14:42:14,867 | INFO | office_ticket_backend.ocr | google_vision_raw_text image=20260802_170651_814925_p4_1_20260717102354642.jpg chars=340 first_800=DATE | NOVA CONSTRUCTION COMPANY LTD | P.O. Box 1328 | Antigonish, NS | B2G 2L7 | Phone: 902-245-6386 Fax: 902-245-5132 | E May 8 2026 | LICENSE PLATE | JOB NO. | LONG POINT QUARRY | TRUCKER | SOLD TO/ | CHARGED TO | DELIVER TO | MATERIAL | GROSS | Chipman | Trucking | TARE | 14 | NET | Tonne | •Mott Lloyd | CANARY TRUCKER'S COPY | 07131 | RECEIVED BY | WHITE CUSTOMER COPY | PINK-OFFICE COPY
2026-08-02 14:42:14,877 | INFO | office_ticket_backend.ocr | google_vision_request_success image=20260802_170651_814925_p4_1_20260717102354642.jpg avg_conf=0.92 ticket_id=07131 date=2026-05-08 sold_to=Chipman Trucking plate= trucker=
2026-08-02 14:42:14,877 | INFO | office_ticket_backend.ocr | ocr_extract_provider_selected image=E:\Projects\Nova Construction Ticket App\data\uploads\20260802_170651_814925_p4_1_20260717102354642.jpg provider=google_vision confidence=0.92
2026-08-02 14:42:14,879 | INFO | office_ticket_backend.ocr | ocr_extract_start image=E:\Projects\Nova Construction Ticket App\data\uploads\20260802_170651_814925_p5_1_20260717102354642.jpg provider_env=google_vision
2026-08-02 14:42:14,880 | INFO | office_ticket_backend.ocr | google_vision_request_start image=E:\Projects\Nova Construction Ticket App\data\uploads\20260802_170651_814925_p5_1_20260717102354642.jpg
2026-08-02 14:42:16,533 | INFO | office_ticket_backend.ocr | auto_orient_keyword word=NOVA avg_x=0.19 avg_y=0.03 image=20260802_170651_814925_p5_1_20260717102354642.jpg
2026-08-02 14:42:16,534 | INFO | office_ticket_backend.ocr | google_vision_raw_text image=20260802_170651_814925_p5_1_20260717102354642.jpg chars=340 first_800=NOVA CONSTRUCTION COMPANY LTD | P.O. Box 1328 | Antigonish, NS | B2G 2L7 | Phone: 902-245-6386 Fax: 902-245-5132 | DATE May 11/26 | LICENSE PLATE | JOB NO. | LONG POINT QUARRY | TRUCKER | SOLD TO/ | CHARGED TO Potterty Lime HD | DELIVER TO | MATERIAL Serge | GROSS 26000 | TARE 1680 | NET 4320 | 07162 | WHITE CUSTOMER COPY | RECEIVED BY | - | CANARY TRUCKER'S COPY | PINK-OFFICE COPY
2026-08-02 14:42:16,544 | INFO | office_ticket_backend.ocr | google_vision_request_success image=20260802_170651_814925_p5_1_20260717102354642.jpg avg_conf=0.93 ticket_id=07162 date=2026-05-11 sold_to=Potterty Lime HD plate= trucker=
2026-08-02 14:42:16,544 | INFO | office_ticket_backend.ocr | ocr_extract_provider_selected image=E:\Projects\Nova Construction Ticket App\data\uploads\20260802_170651_814925_p5_1_20260717102354642.jpg provider=google_vision confidence=0.93
2026-08-02 14:42:16,547 | INFO | office_ticket_backend.ocr | ocr_extract_start image=E:\Projects\Nova Construction Ticket App\data\uploads\20260802_170651_814925_p6_1_20260717102354642.jpg provider_env=google_vision
2026-08-02 14:42:16,547 | INFO | office_ticket_backend.ocr | google_vision_request_start image=E:\Projects\Nova Construction Ticket App\data\uploads\20260802_170651_814925_p6_1_20260717102354642.jpg
2026-08-02 14:42:18,150 | INFO | office_ticket_backend.ocr | auto_orient_keyword word=NOVA avg_x=0.19 avg_y=0.03 image=20260802_170651_814925_p6_1_20260717102354642.jpg
2026-08-02 14:42:18,151 | INFO | office_ticket_backend.ocr | google_vision_raw_text image=20260802_170651_814925_p6_1_20260717102354642.jpg chars=319 first_800=NOVA CONSTRUCTION COMPANY LTD | P.O. Box 1328 | Antigonish, NS | B2G 2L7 | Phone: 902-245-6386 Fax: 902-245-5132 | DATE TI | June | 26 | JOB NO. | LICENSE PLATE | LONG POINT QUARRY | TRUCKER | SOLD TO/ | CHARGED TO RD | DELIVER TO | MATERIAL | GROSS | TARE | NET | Back shock | 15 T | 00534 | WHITE CUSTOMER COPY | RECEIVED BY | CANARY TRUCKER'S COPY | PINK-OFFICE COPY
2026-08-02 14:42:18,161 | INFO | office_ticket_backend.ocr | google_vision_request_success image=20260802_170651_814925_p6_1_20260717102354642.jpg avg_conf=0.93 ticket_id=00534 date= sold_to=RD plate= trucker=
2026-08-02 14:42:18,162 | INFO | office_ticket_backend.ocr | ocr_extract_provider_selected image=E:\Projects\Nova Construction Ticket App\data\uploads\20260802_170651_814925_p6_1_20260717102354642.jpg provider=google_vision confidence=0.93
2026-08-02 14:42:18,164 | INFO | office_ticket_backend.ocr | ocr_extract_start image=E:\Projects\Nova Construction Ticket App\data\uploads\20260802_170651_814925_p7_1_20260717102354642.jpg provider_env=google_vision
2026-08-02 14:42:18,165 | INFO | office_ticket_backend.ocr | google_vision_request_start image=E:\Projects\Nova Construction Ticket App\data\uploads\20260802_170651_814925_p7_1_20260717102354642.jpg
2026-08-02 14:42:19,895 | INFO | office_ticket_backend.ocr | auto_orient_keyword word=NOVA avg_x=0.20 avg_y=0.03 image=20260802_170651_814925_p7_1_20260717102354642.jpg
2026-08-02 14:42:19,896 | INFO | office_ticket_backend.ocr | google_vision_raw_text image=20260802_170651_814925_p7_1_20260717102354642.jpg chars=293 first_800=DATE | NOVA CONSTRUCTION COMPANY LT | P.O. Box 1328 | Antigonish, NS | B2G 2L7 | Phone: 902-245-6386 Fax: 902-245-5132 | • | JOB NO. | LICENSE PLATE | LONG POINT QUARRY | TRUCKER | SOLD TO/ | CHARGED TO | DELIVER TO | MATERIAL | GROSS | 15 | TARE | NET | 06738 | RECEIVED BY | WHITE CUSTOMER COPY | CANARY TRUCKER'S COPY | PINK-OFFICE COPY
2026-08-02 14:42:19,903 | INFO | office_ticket_backend.ocr | google_vision_request_success image=20260802_170651_814925_p7_1_20260717102354642.jpg avg_conf=0.96 ticket_id=06738 date= sold_to= plate= trucker=
2026-08-02 14:42:19,905 | INFO | office_ticket_backend.ocr | ocr_extract_provider_selected image=E:\Projects\Nova Construction Ticket App\data\uploads\20260802_170651_814925_p7_1_20260717102354642.jpg provider=google_vision confidence=0.96
2026-08-02 14:46:21,055 | INFO | office_ticket_backend.ocr | ocr_extract_start image=E:\Projects\Nova Construction Ticket App\data\uploads\20260802_170651_814925_p1_1_20260717102354642.jpg provider_env=google_vision
2026-08-02 14:46:21,584 | INFO | office_ticket_backend.ocr | google_vision_request_start image=E:\Projects\Nova Construction Ticket App\data\uploads\20260802_170651_814925_p1_1_20260717102354642.jpg
2026-08-02 14:46:23,482 | INFO | office_ticket_backend.ocr | auto_orient_keyword word=NOVA avg_x=0.18 avg_y=0.03 image=20260802_170651_814925_p1_1_20260717102354642.jpg
2026-08-02 14:46:23,483 | INFO | office_ticket_backend.ocr | google_vision_raw_text image=20260802_170651_814925_p1_1_20260717102354642.jpg chars=326 first_800=NOVA CONSTRUCTION COMPANY LTD | DATE | Y | P.O. Box 1328 | Antigonish, NS | B2G 2L7 | Phone: 902-245-6386 Fax: 902-245-5132 5088 | JOB NO. | SEABROOK QUARRY | LICENSE PLATE | TRUCKER | D | SOLD TO/ | CHARGED TO | DELIVER TO | MATERIAL | C | GROSS | TARE | C | C | ENTERED MAY 3 2025 | NET | 1310 | 26671 | RECEIVED BY | WHITE CUSTOMER COPY | CANARY TRUCKER'S COPY | PINK OFFICE COPY
2026-08-02 14:46:23,493 | INFO | office_ticket_backend.ocr | google_vision_request_success image=20260802_170651_814925_p1_1_20260717102354642.jpg avg_conf=0.95 ticket_id=26671 date=2025-05-03 sold_to= plate= trucker=
2026-08-02 14:46:23,493 | INFO | office_ticket_backend.ocr | ocr_extract_provider_selected image=E:\Projects\Nova Construction Ticket App\data\uploads\20260802_170651_814925_p1_1_20260717102354642.jpg provider=google_vision confidence=0.95
2026-08-02 14:46:23,496 | INFO | office_ticket_backend.ocr | ocr_extract_start image=E:\Projects\Nova Construction Ticket App\data\uploads\20260802_170651_814925_p2_1_20260717102354642.jpg provider_env=google_vision
2026-08-02 14:46:23,496 | INFO | office_ticket_backend.ocr | google_vision_request_start image=E:\Projects\Nova Construction Ticket App\data\uploads\20260802_170651_814925_p2_1_20260717102354642.jpg
2026-08-02 14:46:25,232 | INFO | office_ticket_backend.ocr | auto_orient_keyword word=NOVA avg_x=0.20 avg_y=0.02 image=20260802_170651_814925_p2_1_20260717102354642.jpg
2026-08-02 14:46:25,233 | INFO | office_ticket_backend.ocr | google_vision_raw_text image=20260802_170651_814925_p2_1_20260717102354642.jpg chars=384 first_800=DATE | NOVA CONSTRUCTION COMPANY LTD | P.O. Box 1328 | Antigonish, NS | B2G 2L7 | Phone: 902-245-6386 Fax: 902-245-5132 | Apri/16/261 JOB NO. 2412602 | LICENSE PLATE | TRUCKER | SOLD TO/ | DESMOND QUARRY | 58505 | Seremy Wood Blain. | CHARGED TO Municipal Windemitt | DELIVER TO | MATERIAL | Weavers Mat | GROSS 34900 | TARE | 20610 | NET | 0561 | 14290 | RECEIVED BY | - | WHITE CUSTOMER COPY | - | CANARY TRUCKER'S COPY | PINK-OFFICE COPY
2026-08-02 14:46:25,245 | INFO | office_ticket_backend.ocr | google_vision_request_success image=20260802_170651_814925_p2_1_20260717102354642.jpg avg_conf=0.91 ticket_id=0561 date= sold_to=Municipal Windemitt plate=58505 trucker=Seremy Wood Blain
2026-08-02 14:46:25,245 | INFO | office_ticket_backend.ocr | ocr_extract_provider_selected image=E:\Projects\Nova Construction Ticket App\data\uploads\20260802_170651_814925_p2_1_20260717102354642.jpg provider=google_vision confidence=0.91
2026-08-02 14:46:25,247 | INFO | office_ticket_backend.ocr | ocr_extract_start image=E:\Projects\Nova Construction Ticket App\data\uploads\20260802_170651_814925_p3_1_20260717102354642.jpg provider_env=google_vision
2026-08-02 14:46:25,248 | INFO | office_ticket_backend.ocr | google_vision_request_start image=E:\Projects\Nova Construction Ticket App\data\uploads\20260802_170651_814925_p3_1_20260717102354642.jpg
2026-08-02 14:46:26,894 | INFO | office_ticket_backend.ocr | auto_orient_keyword word=NOVA avg_x=0.20 avg_y=0.03 image=20260802_170651_814925_p3_1_20260717102354642.jpg
2026-08-02 14:46:26,895 | INFO | office_ticket_backend.ocr | google_vision_raw_text image=20260802_170651_814925_p3_1_20260717102354642.jpg chars=378 first_800=DATE | NOVA CONSTRUCTION COMPANY LTD | P.O. Box 1328 | Antigonish, NS | B2G 2L7 | Phone: 902-245-6386 Fax: 902-245-5132 | 19/26 | O | JOB NO. | LONG POINT QUARRY | LICENSE PLATE | TRUCKER | SOLD TO/ | CHARGED TO | DELIVER TO | MATERIAL | GROSS | TARE | NET | Dohert | herty Lime | Dotorty Lime | Dotorty | Type 1 | 25.350 | 10900 | 14.450 | 07235 | RECEIVED BY | spe | Lime spe | - | WHITE CUSTOMER COPY | CANARY TRUCKER'S COPY | PINK-OFFICE COPY
2026-08-02 14:46:26,906 | INFO | office_ticket_backend.ocr | google_vision_request_success image=20260802_170651_814925_p3_1_20260717102354642.jpg avg_conf=0.93 ticket_id=07235 date= sold_to=spe plate= trucker=Dohert
2026-08-02 14:46:26,906 | INFO | office_ticket_backend.ocr | ocr_extract_provider_selected image=E:\Projects\Nova Construction Ticket App\data\uploads\20260802_170651_814925_p3_1_20260717102354642.jpg provider=google_vision confidence=0.93
2026-08-02 14:46:26,909 | INFO | office_ticket_backend.ocr | ocr_extract_start image=E:\Projects\Nova Construction Ticket App\data\uploads\20260802_170651_814925_p4_1_20260717102354642.jpg provider_env=google_vision
2026-08-02 14:46:26,909 | INFO | office_ticket_backend.ocr | google_vision_request_start image=E:\Projects\Nova Construction Ticket App\data\uploads\20260802_170651_814925_p4_1_20260717102354642.jpg
2026-08-02 14:46:28,577 | INFO | office_ticket_backend.ocr | auto_orient_keyword word=NOVA avg_x=0.19 avg_y=0.03 image=20260802_170651_814925_p4_1_20260717102354642.jpg
2026-08-02 14:46:28,578 | INFO | office_ticket_backend.ocr | google_vision_raw_text image=20260802_170651_814925_p4_1_20260717102354642.jpg chars=340 first_800=DATE | NOVA CONSTRUCTION COMPANY LTD | P.O. Box 1328 | Antigonish, NS | B2G 2L7 | Phone: 902-245-6386 Fax: 902-245-5132 | E May 8 2026 | LICENSE PLATE | JOB NO. | LONG POINT QUARRY | TRUCKER | SOLD TO/ | CHARGED TO | DELIVER TO | MATERIAL | GROSS | Chipman | Trucking | TARE | 14 | NET | Tonne | •Mott Lloyd | CANARY TRUCKER'S COPY | 07131 | RECEIVED BY | WHITE CUSTOMER COPY | PINK-OFFICE COPY
2026-08-02 14:46:28,587 | INFO | office_ticket_backend.ocr | google_vision_request_success image=20260802_170651_814925_p4_1_20260717102354642.jpg avg_conf=0.92 ticket_id=07131 date=2026-05-08 sold_to=Chipman Trucking plate= trucker=
2026-08-02 14:46:28,588 | INFO | office_ticket_backend.ocr | ocr_extract_provider_selected image=E:\Projects\Nova Construction Ticket App\data\uploads\20260802_170651_814925_p4_1_20260717102354642.jpg provider=google_vision confidence=0.92
2026-08-02 14:46:28,590 | INFO | office_ticket_backend.ocr | ocr_extract_start image=E:\Projects\Nova Construction Ticket App\data\uploads\20260802_170651_814925_p5_1_20260717102354642.jpg provider_env=google_vision
2026-08-02 14:46:28,592 | INFO | office_ticket_backend.ocr | google_vision_request_start image=E:\Projects\Nova Construction Ticket App\data\uploads\20260802_170651_814925_p5_1_20260717102354642.jpg
2026-08-02 14:46:30,258 | INFO | office_ticket_backend.ocr | auto_orient_keyword word=NOVA avg_x=0.19 avg_y=0.03 image=20260802_170651_814925_p5_1_20260717102354642.jpg
2026-08-02 14:46:30,259 | INFO | office_ticket_backend.ocr | google_vision_raw_text image=20260802_170651_814925_p5_1_20260717102354642.jpg chars=340 first_800=NOVA CONSTRUCTION COMPANY LTD | P.O. Box 1328 | Antigonish, NS | B2G 2L7 | Phone: 902-245-6386 Fax: 902-245-5132 | DATE May 11/26 | LICENSE PLATE | JOB NO. | LONG POINT QUARRY | TRUCKER | SOLD TO/ | CHARGED TO Potterty Lime HD | DELIVER TO | MATERIAL Serge | GROSS 26000 | TARE 1680 | NET 4320 | 07162 | WHITE CUSTOMER COPY | RECEIVED BY | - | CANARY TRUCKER'S COPY | PINK-OFFICE COPY
2026-08-02 14:46:30,269 | INFO | office_ticket_backend.ocr | google_vision_request_success image=20260802_170651_814925_p5_1_20260717102354642.jpg avg_conf=0.93 ticket_id=07162 date=2026-05-11 sold_to=Potterty Lime HD plate= trucker=
2026-08-02 14:46:30,270 | INFO | office_ticket_backend.ocr | ocr_extract_provider_selected image=E:\Projects\Nova Construction Ticket App\data\uploads\20260802_170651_814925_p5_1_20260717102354642.jpg provider=google_vision confidence=0.93
2026-08-02 14:46:30,273 | INFO | office_ticket_backend.ocr | ocr_extract_start image=E:\Projects\Nova Construction Ticket App\data\uploads\20260802_170651_814925_p6_1_20260717102354642.jpg provider_env=google_vision
2026-08-02 14:46:30,273 | INFO | office_ticket_backend.ocr | google_vision_request_start image=E:\Projects\Nova Construction Ticket App\data\uploads\20260802_170651_814925_p6_1_20260717102354642.jpg
2026-08-02 14:46:31,947 | INFO | office_ticket_backend.ocr | auto_orient_keyword word=NOVA avg_x=0.19 avg_y=0.03 image=20260802_170651_814925_p6_1_20260717102354642.jpg
2026-08-02 14:46:31,948 | INFO | office_ticket_backend.ocr | google_vision_raw_text image=20260802_170651_814925_p6_1_20260717102354642.jpg chars=319 first_800=NOVA CONSTRUCTION COMPANY LTD | P.O. Box 1328 | Antigonish, NS | B2G 2L7 | Phone: 902-245-6386 Fax: 902-245-5132 | DATE TI | June | 26 | JOB NO. | LICENSE PLATE | LONG POINT QUARRY | TRUCKER | SOLD TO/ | CHARGED TO RD | DELIVER TO | MATERIAL | GROSS | TARE | NET | Back shock | 15 T | 00534 | WHITE CUSTOMER COPY | RECEIVED BY | CANARY TRUCKER'S COPY | PINK-OFFICE COPY
2026-08-02 14:46:31,959 | INFO | office_ticket_backend.ocr | google_vision_request_success image=20260802_170651_814925_p6_1_20260717102354642.jpg avg_conf=0.94 ticket_id=00534 date= sold_to=RD plate= trucker=
2026-08-02 14:46:31,960 | INFO | office_ticket_backend.ocr | ocr_extract_provider_selected image=E:\Projects\Nova Construction Ticket App\data\uploads\20260802_170651_814925_p6_1_20260717102354642.jpg provider=google_vision confidence=0.94
2026-08-02 14:46:31,962 | INFO | office_ticket_backend.ocr | ocr_extract_start image=E:\Projects\Nova Construction Ticket App\data\uploads\20260802_170651_814925_p7_1_20260717102354642.jpg provider_env=google_vision
2026-08-02 14:46:31,963 | INFO | office_ticket_backend.ocr | google_vision_request_start image=E:\Projects\Nova Construction Ticket App\data\uploads\20260802_170651_814925_p7_1_20260717102354642.jpg
2026-08-02 14:46:33,618 | INFO | office_ticket_backend.ocr | auto_orient_keyword word=NOVA avg_x=0.20 avg_y=0.03 image=20260802_170651_814925_p7_1_20260717102354642.jpg
2026-08-02 14:46:33,619 | INFO | office_ticket_backend.ocr | google_vision_raw_text image=20260802_170651_814925_p7_1_20260717102354642.jpg chars=293 first_800=DATE | NOVA CONSTRUCTION COMPANY LT | P.O. Box 1328 | Antigonish, NS | B2G 2L7 | Phone: 902-245-6386 Fax: 902-245-5132 | • | JOB NO. | LICENSE PLATE | LONG POINT QUARRY | TRUCKER | SOLD TO/ | CHARGED TO | DELIVER TO | MATERIAL | GROSS | 15 | TARE | NET | 06738 | RECEIVED BY | WHITE CUSTOMER COPY | CANARY TRUCKER'S COPY | PINK-OFFICE COPY
2026-08-02 14:46:33,627 | INFO | office_ticket_backend.ocr | google_vision_request_success image=20260802_170651_814925_p7_1_20260717102354642.jpg avg_conf=0.96 ticket_id=06738 date= sold_to= plate= trucker=
2026-08-02 14:46:33,628 | INFO | office_ticket_backend.ocr | ocr_extract_provider_selected image=E:\Projects\Nova Construction Ticket App\data\uploads\20260802_170651_814925_p7_1_20260717102354642.jpg provider=google_vision confidence=0.96
2026-08-02 14:46:43,369 | INFO | office_ticket_backend.ocr | pytesseract_request_start image=E:\Projects\Nova Construction Ticket App\docs\client_research\Info provided\Images\Ticket example 1.jpg
2026-08-02 14:46:44,839 | INFO | office_ticket_backend.ocr | pytesseract_request_success image=E:\Projects\Nova Construction Ticket App\docs\client_research\Info provided\Images\Ticket example 1.jpg conf=0.56
2026-08-02 14:46:44,841 | INFO | office_ticket_backend.ocr | ocr_extract_start image=E:\Projects\Nova Construction Ticket App\docs\client_research\Info provided\Images\Ticket example 2.jpg provider_env=google_vision
2026-08-02 14:46:45,303 | INFO | office_ticket_backend.ocr | google_vision_request_start image=E:\Projects\Nova Construction Ticket App\docs\client_research\Info provided\Images\Ticket example 2.jpg
2026-08-02 14:46:46,912 | INFO | office_ticket_backend.ocr | auto_orient_keyword word=NOVA avg_x=0.25 avg_y=0.23 image=Ticket example 2.jpg
2026-08-02 14:46:46,912 | INFO | office_ticket_backend.ocr | google_vision_raw_text image=Ticket example 2.jpg chars=353 first_800=DATE | NOVA CONSTRUCTION COMPANY LT | P.O. Box 1328 | Antigonish, NS | B2G 2L7 | Phone: 902-245-6386 Fax: 902-245-5132 | May 13/26 | LICENSE PLATE | JOB NO. | LONG POINT QUARRY | TRUCKER | SOLD TO/ | CHARGED TO | DELIVER TO | MATERIAL | Gerry fulton | Long Point Rd.. | Type 1 | GROSS 25,000 | TARE | NET | 9800 | 15,200 | 07173 | WHITE CUSTOMER COPY | RECEIVED BY | CANARY TRUCKER'S COPY | PINK-OFFICE COPY
2026-08-02 14:46:46,925 | INFO | office_ticket_backend.ocr | google_vision_request_success image=Ticket example 2.jpg avg_conf=0.93 ticket_id=07173 date=2026-05-13 sold_to=Gerry fulton plate= trucker=
2026-08-02 14:46:46,926 | INFO | office_ticket_backend.ocr | ocr_extract_provider_selected image=E:\Projects\Nova Construction Ticket App\docs\client_research\Info provided\Images\Ticket example 2.jpg provider=google_vision confidence=0.93
2026-08-02 14:46:58,630 | INFO | office_ticket_backend.app | app_start provider_env=<empty> duplicate_check_enabled=True
2026-08-02 14:46:58,632 | INFO | office_ticket_backend.app | app_start provider_env=<empty> duplicate_check_enabled=True
2026-08-02 14:46:58,639 | INFO | office_ticket_backend.app | app_start provider_env=<empty> duplicate_check_enabled=True
2026-08-02 14:46:58,639 | INFO | office_ticket_backend.app | app_start provider_env=<empty> duplicate_check_enabled=True
2026-08-02 14:46:58,655 | INFO | office_ticket_backend.app | app_start provider_env=<empty> duplicate_check_enabled=True
2026-08-02 14:46:58,669 | INFO | office_ticket_backend.app | app_start provider_env=<empty> duplicate_check_enabled=True
2026-08-02 14:47:43,782 | INFO | office_ticket_backend.app | app_start provider_env=<empty> duplicate_check_enabled=True
2026-08-02 14:47:49,717 | INFO | office_ticket_backend.app | app_start provider_env=<empty> duplicate_check_enabled=True
2026-08-02 14:47:52,107 | INFO | office_ticket_backend.app | app_start provider_env=<empty> duplicate_check_enabled=True
2026-08-02 14:47:52,138 | INFO | office_ticket_backend.app | ticket_rejected row_id=29 reviewer=office
2026-08-02 14:47:52,178 | INFO | office_ticket_backend.app | app_start provider_env=<empty> duplicate_check_enabled=True
2026-08-02 14:48:01,420 | INFO | office_ticket_backend.app | app_start provider_env=<empty> duplicate_check_enabled=True
2026-08-02 14:48:02,119 | INFO | office_ticket_backend.app | app_start provider_env=<empty> duplicate_check_enabled=True
2026-08-02 14:48:02,125 | INFO | office_ticket_backend.app | upload_saved file=20260717102354642.pdf size_bytes=1917952 path=E:\Projects\Nova Construction Ticket App\data\uploads\20260802_174802_123594_20260717102354642.pdf
2026-08-02 14:48:02,284 | INFO | office_ticket_backend.ocr | ocr_extract_start image=E:\Projects\Nova Construction Ticket App\data\uploads\20260802_174802_123594_p1_1_20260717102354642.jpg provider_env=google_vision
2026-08-02 14:48:02,529 | INFO | office_ticket_backend.ocr | google_vision_request_start image=E:\Projects\Nova Construction Ticket App\data\uploads\20260802_174802_123594_p1_1_20260717102354642.jpg
2026-08-02 14:48:04,246 | INFO | office_ticket_backend.ocr | auto_orient_keyword word=NOVA avg_x=0.97 avg_y=0.18 image=20260802_174802_123594_p1_1_20260717102354642.jpg
2026-08-02 14:48:04,246 | INFO | office_ticket_backend.ocr | auto_orient_applied image=20260802_174802_123594_p1_1_20260717102354642.jpg angle=90
2026-08-02 14:48:04,672 | INFO | office_ticket_backend.ocr | auto_orient_resent image=20260802_174802_123594_p1_1_20260717102354642.jpg
2026-08-02 14:48:04,673 | INFO | office_ticket_backend.ocr | google_vision_raw_text image=20260802_174802_123594_p1_1_20260717102354642.jpg chars=326 first_800=NOVA CONSTRUCTION COMPANY LTD | DATE | Y | P.O. Box 1328 | Antigonish, NS | B2G 2L7 | Phone: 902-245-6386 Fax: 902-245-5132 5088 | JOB NO. | SEABROOK QUARRY | LICENSE PLATE | TRUCKER | D | SOLD TO/ | CHARGED TO | DELIVER TO | MATERIAL | C | GROSS | TARE | C | C | ENTERED MAY 3 2025 | NET | 1310 | 26671 | RECEIVED BY | WHITE CUSTOMER COPY | CANARY TRUCKER'S COPY | PINK OFFICE COPY
2026-08-02 14:48:04,683 | INFO | office_ticket_backend.ocr | google_vision_request_success image=20260802_174802_123594_p1_1_20260717102354642.jpg avg_conf=0.95 ticket_id=26671 date=2025-05-03 sold_to= plate= trucker=
2026-08-02 14:48:04,684 | INFO | office_ticket_backend.ocr | ocr_extract_provider_selected image=E:\Projects\Nova Construction Ticket App\data\uploads\20260802_174802_123594_p1_1_20260717102354642.jpg provider=google_vision confidence=0.95
2026-08-02 14:48:04,690 | INFO | office_ticket_backend.app | ticket_inserted ticket_id=26671 provider=google_vision confidence=0.95 image=E:\Projects\Nova Construction Ticket App\data\uploads\20260802_174802_123594_p1_1_20260717102354642.jpg
2026-08-02 14:48:04,718 | INFO | office_ticket_backend.ocr | ocr_extract_start image=E:\Projects\Nova Construction Ticket App\data\uploads\20260802_174802_123594_p2_1_20260717102354642.jpg provider_env=google_vision
2026-08-02 14:48:04,719 | INFO | office_ticket_backend.ocr | google_vision_request_start image=E:\Projects\Nova Construction Ticket App\data\uploads\20260802_174802_123594_p2_1_20260717102354642.jpg
2026-08-02 14:48:06,378 | INFO | office_ticket_backend.ocr | auto_orient_keyword word=NOVA avg_x=0.98 avg_y=0.20 image=20260802_174802_123594_p2_1_20260717102354642.jpg
2026-08-02 14:48:06,379 | INFO | office_ticket_backend.ocr | auto_orient_applied image=20260802_174802_123594_p2_1_20260717102354642.jpg angle=90
2026-08-02 14:48:06,768 | INFO | office_ticket_backend.ocr | auto_orient_resent image=20260802_174802_123594_p2_1_20260717102354642.jpg
2026-08-02 14:48:06,769 | INFO | office_ticket_backend.ocr | google_vision_raw_text image=20260802_174802_123594_p2_1_20260717102354642.jpg chars=384 first_800=DATE | NOVA CONSTRUCTION COMPANY LTD | P.O. Box 1328 | Antigonish, NS | B2G 2L7 | Phone: 902-245-6386 Fax: 902-245-5132 | Apri/16/261 JOB NO. 2412602 | LICENSE PLATE | TRUCKER | SOLD TO/ | DESMOND QUARRY | 58505 | Seremy Wood Blain. | CHARGED TO Municipal Windemitt | DELIVER TO | MATERIAL | Weavers Mat | GROSS 34900 | TARE | 20610 | NET | 0561 | 14290 | RECEIVED BY | - | WHITE CUSTOMER COPY | - | CANARY TRUCKER'S COPY | PINK-OFFICE COPY
2026-08-02 14:48:06,780 | INFO | office_ticket_backend.ocr | google_vision_request_success image=20260802_174802_123594_p2_1_20260717102354642.jpg avg_conf=0.91 ticket_id=0561 date= sold_to=Municipal Windemitt plate=58505 trucker=Seremy Wood Blain
2026-08-02 14:48:06,781 | INFO | office_ticket_backend.ocr | ocr_extract_provider_selected image=E:\Projects\Nova Construction Ticket App\data\uploads\20260802_174802_123594_p2_1_20260717102354642.jpg provider=google_vision confidence=0.91
2026-08-02 14:48:06,788 | INFO | office_ticket_backend.app | ticket_inserted ticket_id=0561 provider=google_vision confidence=0.91 image=E:\Projects\Nova Construction Ticket App\data\uploads\20260802_174802_123594_p2_1_20260717102354642.jpg
2026-08-02 14:48:06,816 | INFO | office_ticket_backend.ocr | ocr_extract_start image=E:\Projects\Nova Construction Ticket App\data\uploads\20260802_174802_123594_p3_1_20260717102354642.jpg provider_env=google_vision
2026-08-02 14:48:06,816 | INFO | office_ticket_backend.ocr | google_vision_request_start image=E:\Projects\Nova Construction Ticket App\data\uploads\20260802_174802_123594_p3_1_20260717102354642.jpg
2026-08-02 14:48:08,396 | INFO | office_ticket_backend.ocr | auto_orient_keyword word=NOVA avg_x=0.97 avg_y=0.20 image=20260802_174802_123594_p3_1_20260717102354642.jpg
2026-08-02 14:48:08,396 | INFO | office_ticket_backend.ocr | auto_orient_applied image=20260802_174802_123594_p3_1_20260717102354642.jpg angle=90
2026-08-02 14:48:08,820 | INFO | office_ticket_backend.ocr | auto_orient_resent image=20260802_174802_123594_p3_1_20260717102354642.jpg
2026-08-02 14:48:08,820 | INFO | office_ticket_backend.ocr | google_vision_raw_text image=20260802_174802_123594_p3_1_20260717102354642.jpg chars=378 first_800=DATE | NOVA CONSTRUCTION COMPANY LTD | P.O. Box 1328 | Antigonish, NS | B2G 2L7 | Phone: 902-245-6386 Fax: 902-245-5132 | 19/26 | O | JOB NO. | LONG POINT QUARRY | LICENSE PLATE | TRUCKER | SOLD TO/ | CHARGED TO | DELIVER TO | MATERIAL | GROSS | TARE | NET | Dohert | herty Lime | Dotorty Lime | Dotorty | Type 1 | 25.350 | 10900 | 14.450 | 07235 | RECEIVED BY | spe | Lime spo | - | WHITE CUSTOMER COPY | CANARY TRUCKER'S COPY | PINK-OFFICE COPY
2026-08-02 14:48:08,829 | INFO | office_ticket_backend.ocr | google_vision_request_success image=20260802_174802_123594_p3_1_20260717102354642.jpg avg_conf=0.93 ticket_id=07235 date= sold_to=spe plate= trucker=Dohert
2026-08-02 14:48:08,830 | INFO | office_ticket_backend.ocr | ocr_extract_provider_selected image=E:\Projects\Nova Construction Ticket App\data\uploads\20260802_174802_123594_p3_1_20260717102354642.jpg provider=google_vision confidence=0.93
2026-08-02 14:48:08,838 | INFO | office_ticket_backend.app | ticket_inserted ticket_id=07235 provider=google_vision confidence=0.93 image=E:\Projects\Nova Construction Ticket App\data\uploads\20260802_174802_123594_p3_1_20260717102354642.jpg
2026-08-02 14:48:08,864 | INFO | office_ticket_backend.ocr | ocr_extract_start image=E:\Projects\Nova Construction Ticket App\data\uploads\20260802_174802_123594_p4_1_20260717102354642.jpg provider_env=google_vision
2026-08-02 14:48:08,865 | INFO | office_ticket_backend.ocr | google_vision_request_start image=E:\Projects\Nova Construction Ticket App\data\uploads\20260802_174802_123594_p4_1_20260717102354642.jpg
2026-08-02 14:48:10,489 | INFO | office_ticket_backend.ocr | auto_orient_keyword word=NOVA avg_x=0.97 avg_y=0.19 image=20260802_174802_123594_p4_1_20260717102354642.jpg
2026-08-02 14:48:10,490 | INFO | office_ticket_backend.ocr | auto_orient_applied image=20260802_174802_123594_p4_1_20260717102354642.jpg angle=90
2026-08-02 14:48:10,928 | INFO | office_ticket_backend.ocr | auto_orient_resent image=20260802_174802_123594_p4_1_20260717102354642.jpg
2026-08-02 14:48:10,929 | INFO | office_ticket_backend.ocr | google_vision_raw_text image=20260802_174802_123594_p4_1_20260717102354642.jpg chars=340 first_800=DATE | NOVA CONSTRUCTION COMPANY LTD | P.O. Box 1328 | Antigonish, NS | B2G 2L7 | Phone: 902-245-6386 Fax: 902-245-5132 | E May 8 2026 | LICENSE PLATE | JOB NO. | LONG POINT QUARRY | TRUCKER | SOLD TO/ | CHARGED TO | DELIVER TO | MATERIAL | GROSS | Chipman | Trucking | TARE | 14 | NET | Tonne | •Mott Lloyd | CANARY TRUCKER'S COPY | 07131 | RECEIVED BY | WHITE CUSTOMER COPY | PINK-OFFICE COPY
2026-08-02 14:48:10,937 | INFO | office_ticket_backend.ocr | google_vision_request_success image=20260802_174802_123594_p4_1_20260717102354642.jpg avg_conf=0.92 ticket_id=07131 date=2026-05-08 sold_to=Chipman Trucking plate= trucker=
2026-08-02 14:48:10,938 | INFO | office_ticket_backend.ocr | ocr_extract_provider_selected image=E:\Projects\Nova Construction Ticket App\data\uploads\20260802_174802_123594_p4_1_20260717102354642.jpg provider=google_vision confidence=0.92
2026-08-02 14:48:10,946 | INFO | office_ticket_backend.app | ticket_inserted ticket_id=07131 provider=google_vision confidence=0.92 image=E:\Projects\Nova Construction Ticket App\data\uploads\20260802_174802_123594_p4_1_20260717102354642.jpg
2026-08-02 14:48:10,973 | INFO | office_ticket_backend.ocr | ocr_extract_start image=E:\Projects\Nova Construction Ticket App\data\uploads\20260802_174802_123594_p5_1_20260717102354642.jpg provider_env=google_vision
2026-08-02 14:48:10,974 | INFO | office_ticket_backend.ocr | google_vision_request_start image=E:\Projects\Nova Construction Ticket App\data\uploads\20260802_174802_123594_p5_1_20260717102354642.jpg
2026-08-02 14:48:12,645 | INFO | office_ticket_backend.ocr | auto_orient_keyword word=NOVA avg_x=0.97 avg_y=0.19 image=20260802_174802_123594_p5_1_20260717102354642.jpg
2026-08-02 14:48:12,645 | INFO | office_ticket_backend.ocr | auto_orient_applied image=20260802_174802_123594_p5_1_20260717102354642.jpg angle=90
2026-08-02 14:48:13,016 | INFO | office_ticket_backend.ocr | auto_orient_resent image=20260802_174802_123594_p5_1_20260717102354642.jpg
2026-08-02 14:48:13,016 | INFO | office_ticket_backend.ocr | google_vision_raw_text image=20260802_174802_123594_p5_1_20260717102354642.jpg chars=340 first_800=NOVA CONSTRUCTION COMPANY LTD | P.O. Box 1328 | Antigonish, NS | B2G 2L7 | Phone: 902-245-6386 Fax: 902-245-5132 | DATE May 11/26 | LICENSE PLATE | JOB NO. | LONG POINT QUARRY | TRUCKER | SOLD TO/ | CHARGED TO Potterty Lime HD | DELIVER TO | MATERIAL Serge | GROSS 26000 | TARE 1680 | NET 4320 | 07162 | WHITE CUSTOMER COPY | RECEIVED BY | - | CANARY TRUCKER'S COPY | PINK-OFFICE COPY
2026-08-02 14:48:13,025 | INFO | office_ticket_backend.ocr | google_vision_request_success image=20260802_174802_123594_p5_1_20260717102354642.jpg avg_conf=0.93 ticket_id=07162 date=2026-05-11 sold_to=Potterty Lime HD plate= trucker=
2026-08-02 14:48:13,025 | INFO | office_ticket_backend.ocr | ocr_extract_provider_selected image=E:\Projects\Nova Construction Ticket App\data\uploads\20260802_174802_123594_p5_1_20260717102354642.jpg provider=google_vision confidence=0.93
2026-08-02 14:48:13,033 | INFO | office_ticket_backend.app | ticket_inserted ticket_id=07162 provider=google_vision confidence=0.93 image=E:\Projects\Nova Construction Ticket App\data\uploads\20260802_174802_123594_p5_1_20260717102354642.jpg
2026-08-02 14:48:13,060 | INFO | office_ticket_backend.ocr | ocr_extract_start image=E:\Projects\Nova Construction Ticket App\data\uploads\20260802_174802_123594_p6_1_20260717102354642.jpg provider_env=google_vision
2026-08-02 14:48:13,061 | INFO | office_ticket_backend.ocr | google_vision_request_start image=E:\Projects\Nova Construction Ticket App\data\uploads\20260802_174802_123594_p6_1_20260717102354642.jpg
2026-08-02 14:48:14,713 | INFO | office_ticket_backend.ocr | auto_orient_keyword word=NOVA avg_x=0.97 avg_y=0.19 image=20260802_174802_123594_p6_1_20260717102354642.jpg
2026-08-02 14:48:14,714 | INFO | office_ticket_backend.ocr | auto_orient_applied image=20260802_174802_123594_p6_1_20260717102354642.jpg angle=90
2026-08-02 14:48:15,096 | INFO | office_ticket_backend.ocr | auto_orient_resent image=20260802_174802_123594_p6_1_20260717102354642.jpg
2026-08-02 14:48:15,097 | INFO | office_ticket_backend.ocr | google_vision_raw_text image=20260802_174802_123594_p6_1_20260717102354642.jpg chars=319 first_800=NOVA CONSTRUCTION COMPANY LTD | P.O. Box 1328 | Antigonish, NS | B2G 2L7 | Phone: 902-245-6386 Fax: 902-245-5132 | DATE TI | June | 26 | JOB NO. | LICENSE PLATE | LONG POINT QUARRY | TRUCKER | SOLD TO/ | CHARGED TO RD | DELIVER TO | MATERIAL | GROSS | TARE | NET | Back shock | 15 T | 00534 | WHITE CUSTOMER COPY | RECEIVED BY | CANARY TRUCKER'S COPY | PINK-OFFICE COPY
2026-08-02 14:48:15,106 | INFO | office_ticket_backend.ocr | google_vision_request_success image=20260802_174802_123594_p6_1_20260717102354642.jpg avg_conf=0.93 ticket_id=00534 date= sold_to=RD plate= trucker=
2026-08-02 14:48:15,107 | INFO | office_ticket_backend.ocr | ocr_extract_provider_selected image=E:\Projects\Nova Construction Ticket App\data\uploads\20260802_174802_123594_p6_1_20260717102354642.jpg provider=google_vision confidence=0.93
2026-08-02 14:48:15,114 | INFO | office_ticket_backend.app | ticket_inserted ticket_id=00534 provider=google_vision confidence=0.93 image=E:\Projects\Nova Construction Ticket App\data\uploads\20260802_174802_123594_p6_1_20260717102354642.jpg
2026-08-02 14:48:15,141 | INFO | office_ticket_backend.ocr | ocr_extract_start image=E:\Projects\Nova Construction Ticket App\data\uploads\20260802_174802_123594_p7_1_20260717102354642.jpg provider_env=google_vision
2026-08-02 14:48:15,141 | INFO | office_ticket_backend.ocr | google_vision_request_start image=E:\Projects\Nova Construction Ticket App\data\uploads\20260802_174802_123594_p7_1_20260717102354642.jpg
2026-08-02 14:48:16,779 | INFO | office_ticket_backend.ocr | auto_orient_keyword word=NOVA avg_x=0.97 avg_y=0.20 image=20260802_174802_123594_p7_1_20260717102354642.jpg
2026-08-02 14:48:16,779 | INFO | office_ticket_backend.ocr | auto_orient_applied image=20260802_174802_123594_p7_1_20260717102354642.jpg angle=90
2026-08-02 14:48:17,166 | INFO | office_ticket_backend.ocr | auto_orient_resent image=20260802_174802_123594_p7_1_20260717102354642.jpg
2026-08-02 14:48:17,167 | INFO | office_ticket_backend.ocr | google_vision_raw_text image=20260802_174802_123594_p7_1_20260717102354642.jpg chars=293 first_800=DATE | NOVA CONSTRUCTION COMPANY LT | P.O. Box 1328 | Antigonish, NS | B2G 2L7 | Phone: 902-245-6386 Fax: 902-245-5132 | • | JOB NO. | LICENSE PLATE | LONG POINT QUARRY | TRUCKER | SOLD TO/ | CHARGED TO | DELIVER TO | MATERIAL | GROSS | 15 | TARE | NET | 06738 | RECEIVED BY | WHITE CUSTOMER COPY | CANARY TRUCKER'S COPY | PINK-OFFICE COPY
2026-08-02 14:48:17,174 | INFO | office_ticket_backend.ocr | google_vision_request_success image=20260802_174802_123594_p7_1_20260717102354642.jpg avg_conf=0.96 ticket_id=06738 date= sold_to= plate= trucker=
2026-08-02 14:48:17,175 | INFO | office_ticket_backend.ocr | ocr_extract_provider_selected image=E:\Projects\Nova Construction Ticket App\data\uploads\20260802_174802_123594_p7_1_20260717102354642.jpg provider=google_vision confidence=0.96
2026-08-02 14:48:17,183 | INFO | office_ticket_backend.app | ticket_inserted ticket_id=06738 provider=google_vision confidence=0.96 image=E:\Projects\Nova Construction Ticket App\data\uploads\20260802_174802_123594_p7_1_20260717102354642.jpg
2026-08-02 14:48:23,328 | INFO | office_ticket_backend.app | app_start provider_env=<empty> duplicate_check_enabled=True
2026-08-02 14:48:23,420 | INFO | office_ticket_backend.app | ticket_rejected row_id=36 reviewer=office
2026-08-02 14:48:23,470 | INFO | office_ticket_backend.app | app_start provider_env=<empty> duplicate_check_enabled=True
2026-08-02 14:48:51,627 | INFO | office_ticket_backend.app | app_start provider_env=<empty> duplicate_check_enabled=True
2026-08-02 14:48:51,715 | INFO | office_ticket_backend.app | ticket_rejected row_id=35 reviewer=office
2026-08-02 14:48:51,762 | INFO | office_ticket_backend.app | app_start provider_env=<empty> duplicate_check_enabled=True
2026-08-02 14:48:53,040 | INFO | office_ticket_backend.app | app_start provider_env=<empty> duplicate_check_enabled=True
2026-08-02 14:48:58,189 | INFO | office_ticket_backend.app | app_start provider_env=<empty> duplicate_check_enabled=True
2026-08-02 14:48:59,328 | INFO | office_ticket_backend.app | app_start provider_env=<empty> duplicate_check_enabled=True
2026-08-02 14:49:20,101 | INFO | office_ticket_backend.app | app_start provider_env=<empty> duplicate_check_enabled=True
2026-08-02 14:49:20,189 | INFO | office_ticket_backend.app | ticket_approved row_id=34 ticket_id=07162
2026-08-02 14:49:20,235 | INFO | office_ticket_backend.app | app_start provider_env=<empty> duplicate_check_enabled=True
2026-08-02 14:49:42,577 | INFO | office_ticket_backend.app | app_start provider_env=<empty> duplicate_check_enabled=True
2026-08-02 14:49:44,426 | INFO | office_ticket_backend.app | app_start provider_env=<empty> duplicate_check_enabled=True
2026-08-02 14:49:45,352 | INFO | office_ticket_backend.app | app_start provider_env=<empty> duplicate_check_enabled=True
2026-08-02 14:49:49,257 | INFO | office_ticket_backend.app | app_start provider_env=<empty> duplicate_check_enabled=True
2026-08-02 14:51:06,150 | INFO | office_ticket_backend.app | app_start provider_env=<empty> duplicate_check_enabled=True
2026-08-02 14:51:07,888 | INFO | office_ticket_backend.app | app_start provider_env=<empty> duplicate_check_enabled=True
2026-08-02 14:51:08,786 | INFO | office_ticket_backend.app | app_start provider_env=<empty> duplicate_check_enabled=True
2026-08-02 14:51:14,944 | INFO | office_ticket_backend.app | app_start provider_env=<empty> duplicate_check_enabled=True
2026-08-02 14:51:15,651 | INFO | office_ticket_backend.app | app_start provider_env=<empty> duplicate_check_enabled=True
2026-08-02 14:51:15,751 | INFO | office_ticket_backend.app | ticket_rejected row_id=33 reviewer=office
2026-08-02 14:51:15,803 | INFO | office_ticket_backend.app | app_start provider_env=<empty> duplicate_check_enabled=True
2026-08-02 14:51:17,452 | INFO | office_ticket_backend.app | app_start provider_env=<empty> duplicate_check_enabled=True
2026-08-02 14:51:33,311 | INFO | office_ticket_backend.app | app_start provider_env=<empty> duplicate_check_enabled=True
2026-08-02 14:51:34,442 | INFO | office_ticket_backend.app | app_start provider_env=<empty> duplicate_check_enabled=True
2026-08-02 14:51:40,154 | INFO | office_ticket_backend.app | app_start provider_env=<empty> duplicate_check_enabled=True
2026-08-02 14:51:42,394 | INFO | office_ticket_backend.app | app_start provider_env=<empty> duplicate_check_enabled=True
2026-08-02 14:51:54,822 | INFO | office_ticket_backend.app | app_start provider_env=<empty> duplicate_check_enabled=True
2026-08-02 14:51:54,826 | INFO | office_ticket_backend.app | app_start provider_env=<empty> duplicate_check_enabled=True
2026-08-02 14:51:54,828 | INFO | office_ticket_backend.app | app_start provider_env=<empty> duplicate_check_enabled=True
2026-08-02 14:51:54,833 | INFO | office_ticket_backend.app | app_start provider_env=<empty> duplicate_check_enabled=True
2026-08-02 14:51:54,842 | INFO | office_ticket_backend.app | app_start provider_env=<empty> duplicate_check_enabled=True
2026-08-02 14:51:54,848 | INFO | office_ticket_backend.app | app_start provider_env=<empty> duplicate_check_enabled=True
2026-08-02 14:51:54,868 | INFO | office_ticket_backend.app | app_start provider_env=<empty> duplicate_check_enabled=True
2026-08-02 14:52:42,677 | INFO | office_ticket_backend.app | app_start provider_env=<empty> duplicate_check_enabled=True
2026-08-02 14:52:42,867 | INFO | office_ticket_backend.app | admin_clear_rejected deleted=32
2026-08-02 14:52:42,905 | INFO | office_ticket_backend.app | app_start provider_env=<empty> duplicate_check_enabled=True
2026-08-02 14:52:45,353 | INFO | office_ticket_backend.app | app_start provider_env=<empty> duplicate_check_enabled=True
2026-08-02 14:52:45,522 | INFO | office_ticket_backend.app | admin_clear_unreviewed deleted=3
2026-08-02 14:52:45,559 | INFO | office_ticket_backend.app | app_start provider_env=<empty> duplicate_check_enabled=True
2026-08-02 14:53:06,380 | INFO | office_ticket_backend.app | app_start provider_env=<empty> duplicate_check_enabled=True
2026-08-02 14:53:08,687 | INFO | office_ticket_backend.app | app_start provider_env=<empty> duplicate_check_enabled=True
2026-08-02 14:53:10,264 | INFO | office_ticket_backend.app | app_start provider_env=<empty> duplicate_check_enabled=True
2026-08-02 14:53:15,079 | INFO | office_ticket_backend.app | app_start provider_env=<empty> duplicate_check_enabled=True
2026-08-02 14:53:15,887 | INFO | office_ticket_backend.app | app_start provider_env=<empty> duplicate_check_enabled=True
2026-08-02 14:53:15,893 | INFO | office_ticket_backend.app | upload_saved file=20260717102354642.pdf size_bytes=1917952 path=E:\Projects\Nova Construction Ticket App\data\uploads\20260802_175315_891044_20260717102354642.pdf
2026-08-02 14:53:16,059 | INFO | office_ticket_backend.ocr | ocr_extract_start image=E:\Projects\Nova Construction Ticket App\data\uploads\20260802_175315_891044_p1_1_20260717102354642.jpg provider_env=google_vision
2026-08-02 14:53:16,316 | INFO | office_ticket_backend.ocr | google_vision_request_start image=E:\Projects\Nova Construction Ticket App\data\uploads\20260802_175315_891044_p1_1_20260717102354642.jpg
2026-08-02 14:53:18,156 | INFO | office_ticket_backend.ocr | auto_orient_keyword word=NOVA avg_x=0.97 avg_y=0.18 image=20260802_175315_891044_p1_1_20260717102354642.jpg
2026-08-02 14:53:18,156 | INFO | office_ticket_backend.ocr | auto_orient_applied image=20260802_175315_891044_p1_1_20260717102354642.jpg angle=90
2026-08-02 14:53:18,587 | INFO | office_ticket_backend.ocr | auto_orient_resent image=20260802_175315_891044_p1_1_20260717102354642.jpg
2026-08-02 14:53:18,587 | INFO | office_ticket_backend.ocr | google_vision_raw_text image=20260802_175315_891044_p1_1_20260717102354642.jpg chars=326 first_800=NOVA CONSTRUCTION COMPANY LTD | DATE | Y | P.O. Box 1328 | Antigonish, NS | B2G 2L7 | Phone: 902-245-6386 Fax: 902-245-5132 5088 | JOB NO. | SEABROOK QUARRY | LICENSE PLATE | TRUCKER | D | SOLD TO/ | CHARGED TO | DELIVER TO | MATERIAL | C | GROSS | TARE | C | C | ENTERED MAY 3 2025 | NET | 1310 | 26671 | RECEIVED BY | WHITE CUSTOMER COPY | CANARY TRUCKER'S COPY | PINK OFFICE COPY
2026-08-02 14:53:18,597 | INFO | office_ticket_backend.ocr | google_vision_request_success image=20260802_175315_891044_p1_1_20260717102354642.jpg avg_conf=0.95 ticket_id=26671 date=2025-05-03 sold_to= plate= trucker=
2026-08-02 14:53:18,598 | INFO | office_ticket_backend.ocr | ocr_extract_provider_selected image=E:\Projects\Nova Construction Ticket App\data\uploads\20260802_175315_891044_p1_1_20260717102354642.jpg provider=google_vision confidence=0.95
2026-08-02 14:53:18,610 | INFO | office_ticket_backend.app | ticket_inserted ticket_id=26671 provider=google_vision confidence=0.95 image=E:\Projects\Nova Construction Ticket App\data\uploads\20260802_175315_891044_p1_1_20260717102354642.jpg
2026-08-02 14:53:18,636 | INFO | office_ticket_backend.ocr | ocr_extract_start image=E:\Projects\Nova Construction Ticket App\data\uploads\20260802_175315_891044_p2_1_20260717102354642.jpg provider_env=google_vision
2026-08-02 14:53:18,636 | INFO | office_ticket_backend.ocr | google_vision_request_start image=E:\Projects\Nova Construction Ticket App\data\uploads\20260802_175315_891044_p2_1_20260717102354642.jpg
2026-08-02 14:53:20,422 | INFO | office_ticket_backend.ocr | auto_orient_keyword word=NOVA avg_x=0.98 avg_y=0.20 image=20260802_175315_891044_p2_1_20260717102354642.jpg
2026-08-02 14:53:20,422 | INFO | office_ticket_backend.ocr | auto_orient_applied image=20260802_175315_891044_p2_1_20260717102354642.jpg angle=90
2026-08-02 14:53:20,859 | INFO | office_ticket_backend.ocr | auto_orient_resent image=20260802_175315_891044_p2_1_20260717102354642.jpg
2026-08-02 14:53:20,860 | INFO | office_ticket_backend.ocr | google_vision_raw_text image=20260802_175315_891044_p2_1_20260717102354642.jpg chars=384 first_800=DATE | NOVA CONSTRUCTION COMPANY LTD | P.O. Box 1328 | Antigonish, NS | B2G 2L7 | Phone: 902-245-6386 Fax: 902-245-5132 | Apri/16/261 JOB NO. 2412602 | LICENSE PLATE | TRUCKER | SOLD TO/ | DESMOND QUARRY | 58505 | Seremy Wood Blain. | CHARGED TO Municipal Windemitt | DELIVER TO | MATERIAL | Weavers Mat | GROSS 34900 | TARE | 20610 | NET | 0561 | 14290 | RECEIVED BY | - | WHITE CUSTOMER COPY | - | CANARY TRUCKER'S COPY | PINK-OFFICE COPY
2026-08-02 14:53:20,871 | INFO | office_ticket_backend.ocr | google_vision_request_success image=20260802_175315_891044_p2_1_20260717102354642.jpg avg_conf=0.91 ticket_id=0561 date= sold_to=Municipal Windemitt plate=58505 trucker=Seremy Wood Blain
2026-08-02 14:53:20,872 | INFO | office_ticket_backend.ocr | ocr_extract_provider_selected image=E:\Projects\Nova Construction Ticket App\data\uploads\20260802_175315_891044_p2_1_20260717102354642.jpg provider=google_vision confidence=0.91
2026-08-02 14:53:20,883 | INFO | office_ticket_backend.app | ticket_inserted ticket_id=0561 provider=google_vision confidence=0.91 image=E:\Projects\Nova Construction Ticket App\data\uploads\20260802_175315_891044_p2_1_20260717102354642.jpg
2026-08-02 14:53:20,909 | INFO | office_ticket_backend.ocr | ocr_extract_start image=E:\Projects\Nova Construction Ticket App\data\uploads\20260802_175315_891044_p3_1_20260717102354642.jpg provider_env=google_vision
2026-08-02 14:53:20,910 | INFO | office_ticket_backend.ocr | google_vision_request_start image=E:\Projects\Nova Construction Ticket App\data\uploads\20260802_175315_891044_p3_1_20260717102354642.jpg
2026-08-02 14:53:22,523 | INFO | office_ticket_backend.ocr | auto_orient_keyword word=NOVA avg_x=0.97 avg_y=0.20 image=20260802_175315_891044_p3_1_20260717102354642.jpg
2026-08-02 14:53:22,523 | INFO | office_ticket_backend.ocr | auto_orient_applied image=20260802_175315_891044_p3_1_20260717102354642.jpg angle=90
2026-08-02 14:53:22,900 | INFO | office_ticket_backend.ocr | auto_orient_resent image=20260802_175315_891044_p3_1_20260717102354642.jpg
2026-08-02 14:53:22,900 | INFO | office_ticket_backend.ocr | google_vision_raw_text image=20260802_175315_891044_p3_1_20260717102354642.jpg chars=378 first_800=DATE | NOVA CONSTRUCTION COMPANY LTD | P.O. Box 1328 | Antigonish, NS | B2G 2L7 | Phone: 902-245-6386 Fax: 902-245-5132 | 19/26 | O | JOB NO. | LONG POINT QUARRY | LICENSE PLATE | TRUCKER | SOLD TO/ | CHARGED TO | DELIVER TO | MATERIAL | GROSS | TARE | NET | Dohert | herty Lime | Dotorty Lime | Dotorty | Type 1 | 25.350 | 10900 | 14.450 | 07235 | RECEIVED BY | spe | Lime spo | - | WHITE CUSTOMER COPY | CANARY TRUCKER'S COPY | PINK-OFFICE COPY
2026-08-02 14:53:22,909 | INFO | office_ticket_backend.ocr | google_vision_request_success image=20260802_175315_891044_p3_1_20260717102354642.jpg avg_conf=0.93 ticket_id=07235 date= sold_to=spe plate= trucker=Dohert
2026-08-02 14:53:22,910 | INFO | office_ticket_backend.ocr | ocr_extract_provider_selected image=E:\Projects\Nova Construction Ticket App\data\uploads\20260802_175315_891044_p3_1_20260717102354642.jpg provider=google_vision confidence=0.93
2026-08-02 14:53:22,922 | INFO | office_ticket_backend.app | ticket_inserted ticket_id=07235 provider=google_vision confidence=0.93 image=E:\Projects\Nova Construction Ticket App\data\uploads\20260802_175315_891044_p3_1_20260717102354642.jpg
2026-08-02 14:53:22,948 | INFO | office_ticket_backend.ocr | ocr_extract_start image=E:\Projects\Nova Construction Ticket App\data\uploads\20260802_175315_891044_p4_1_20260717102354642.jpg provider_env=google_vision
2026-08-02 14:53:22,948 | INFO | office_ticket_backend.ocr | google_vision_request_start image=E:\Projects\Nova Construction Ticket App\data\uploads\20260802_175315_891044_p4_1_20260717102354642.jpg
2026-08-02 14:53:24,503 | INFO | office_ticket_backend.ocr | auto_orient_keyword word=NOVA avg_x=0.97 avg_y=0.19 image=20260802_175315_891044_p4_1_20260717102354642.jpg
2026-08-02 14:53:24,503 | INFO | office_ticket_backend.ocr | auto_orient_applied image=20260802_175315_891044_p4_1_20260717102354642.jpg angle=90
2026-08-02 14:53:24,876 | INFO | office_ticket_backend.ocr | auto_orient_resent image=20260802_175315_891044_p4_1_20260717102354642.jpg
2026-08-02 14:53:24,876 | INFO | office_ticket_backend.ocr | google_vision_raw_text image=20260802_175315_891044_p4_1_20260717102354642.jpg chars=340 first_800=DATE | NOVA CONSTRUCTION COMPANY LTD | P.O. Box 1328 | Antigonish, NS | B2G 2L7 | Phone: 902-245-6386 Fax: 902-245-5132 | E May 8 2026 | LICENSE PLATE | JOB NO. | LONG POINT QUARRY | TRUCKER | SOLD TO/ | CHARGED TO | DELIVER TO | MATERIAL | GROSS | Chipman | Trucking | TARE | 14 | NET | Tonne | •Mott Lloyd | CANARY TRUCKER'S COPY | 07131 | RECEIVED BY | WHITE CUSTOMER COPY | PINK-OFFICE COPY
2026-08-02 14:53:24,884 | INFO | office_ticket_backend.ocr | google_vision_request_success image=20260802_175315_891044_p4_1_20260717102354642.jpg avg_conf=0.92 ticket_id=07131 date=2026-05-08 sold_to=Chipman Trucking plate= trucker=
2026-08-02 14:53:24,885 | INFO | office_ticket_backend.ocr | ocr_extract_provider_selected image=E:\Projects\Nova Construction Ticket App\data\uploads\20260802_175315_891044_p4_1_20260717102354642.jpg provider=google_vision confidence=0.92
2026-08-02 14:53:24,893 | INFO | office_ticket_backend.app | ticket_inserted ticket_id=07131 provider=google_vision confidence=0.92 image=E:\Projects\Nova Construction Ticket App\data\uploads\20260802_175315_891044_p4_1_20260717102354642.jpg
2026-08-02 14:53:24,918 | INFO | office_ticket_backend.ocr | ocr_extract_start image=E:\Projects\Nova Construction Ticket App\data\uploads\20260802_175315_891044_p5_1_20260717102354642.jpg provider_env=google_vision
2026-08-02 14:53:24,919 | INFO | office_ticket_backend.ocr | google_vision_request_start image=E:\Projects\Nova Construction Ticket App\data\uploads\20260802_175315_891044_p5_1_20260717102354642.jpg
2026-08-02 14:53:26,516 | INFO | office_ticket_backend.ocr | auto_orient_keyword word=NOVA avg_x=0.97 avg_y=0.19 image=20260802_175315_891044_p5_1_20260717102354642.jpg
2026-08-02 14:53:26,516 | INFO | office_ticket_backend.ocr | auto_orient_applied image=20260802_175315_891044_p5_1_20260717102354642.jpg angle=90
2026-08-02 14:53:26,927 | INFO | office_ticket_backend.ocr | auto_orient_resent image=20260802_175315_891044_p5_1_20260717102354642.jpg
2026-08-02 14:53:26,927 | INFO | office_ticket_backend.ocr | google_vision_raw_text image=20260802_175315_891044_p5_1_20260717102354642.jpg chars=340 first_800=NOVA CONSTRUCTION COMPANY LTD | P.O. Box 1328 | Antigonish, NS | B2G 2L7 | Phone: 902-245-6386 Fax: 902-245-5132 | DATE May 11/26 | LICENSE PLATE | JOB NO. | LONG POINT QUARRY | TRUCKER | SOLD TO/ | CHARGED TO Potterty Lime HD | DELIVER TO | MATERIAL Serge | GROSS 26000 | TARE 1680 | NET 4320 | 07162 | WHITE CUSTOMER COPY | RECEIVED BY | - | CANARY TRUCKER'S COPY | PINK-OFFICE COPY
2026-08-02 14:53:26,936 | INFO | office_ticket_backend.ocr | google_vision_request_success image=20260802_175315_891044_p5_1_20260717102354642.jpg avg_conf=0.93 ticket_id=07162 date=2026-05-11 sold_to=Potterty Lime HD plate= trucker=
2026-08-02 14:53:26,936 | INFO | office_ticket_backend.ocr | ocr_extract_provider_selected image=E:\Projects\Nova Construction Ticket App\data\uploads\20260802_175315_891044_p5_1_20260717102354642.jpg provider=google_vision confidence=0.93
2026-08-02 14:53:26,945 | INFO | office_ticket_backend.app | ticket_inserted ticket_id=07162 provider=google_vision confidence=0.93 image=E:\Projects\Nova Construction Ticket App\data\uploads\20260802_175315_891044_p5_1_20260717102354642.jpg
2026-08-02 14:53:26,973 | INFO | office_ticket_backend.ocr | ocr_extract_start image=E:\Projects\Nova Construction Ticket App\data\uploads\20260802_175315_891044_p6_1_20260717102354642.jpg provider_env=google_vision
2026-08-02 14:53:26,973 | INFO | office_ticket_backend.ocr | google_vision_request_start image=E:\Projects\Nova Construction Ticket App\data\uploads\20260802_175315_891044_p6_1_20260717102354642.jpg
2026-08-02 14:53:28,657 | INFO | office_ticket_backend.ocr | auto_orient_keyword word=NOVA avg_x=0.97 avg_y=0.19 image=20260802_175315_891044_p6_1_20260717102354642.jpg
2026-08-02 14:53:28,657 | INFO | office_ticket_backend.ocr | auto_orient_applied image=20260802_175315_891044_p6_1_20260717102354642.jpg angle=90
2026-08-02 14:53:29,051 | INFO | office_ticket_backend.ocr | auto_orient_resent image=20260802_175315_891044_p6_1_20260717102354642.jpg
2026-08-02 14:53:29,052 | INFO | office_ticket_backend.ocr | google_vision_raw_text image=20260802_175315_891044_p6_1_20260717102354642.jpg chars=319 first_800=NOVA CONSTRUCTION COMPANY LTD | P.O. Box 1328 | Antigonish, NS | B2G 2L7 | Phone: 902-245-6386 Fax: 902-245-5132 | DATE TI | June | 26 | JOB NO. | LICENSE PLATE | LONG POINT QUARRY | TRUCKER | SOLD TO/ | CHARGED TO RD | DELIVER TO | MATERIAL | GROSS | TARE | NET | Back shock | 15 T | 00534 | WHITE CUSTOMER COPY | RECEIVED BY | CANARY TRUCKER'S COPY | PINK-OFFICE COPY
2026-08-02 14:53:29,061 | INFO | office_ticket_backend.ocr | google_vision_request_success image=20260802_175315_891044_p6_1_20260717102354642.jpg avg_conf=0.93 ticket_id=00534 date= sold_to=RD plate= trucker=
2026-08-02 14:53:29,062 | INFO | office_ticket_backend.ocr | ocr_extract_provider_selected image=E:\Projects\Nova Construction Ticket App\data\uploads\20260802_175315_891044_p6_1_20260717102354642.jpg provider=google_vision confidence=0.93
2026-08-02 14:53:29,070 | INFO | office_ticket_backend.app | ticket_inserted ticket_id=00534 provider=google_vision confidence=0.93 image=E:\Projects\Nova Construction Ticket App\data\uploads\20260802_175315_891044_p6_1_20260717102354642.jpg
2026-08-02 14:53:29,095 | INFO | office_ticket_backend.ocr | ocr_extract_start image=E:\Projects\Nova Construction Ticket App\data\uploads\20260802_175315_891044_p7_1_20260717102354642.jpg provider_env=google_vision
2026-08-02 14:53:29,096 | INFO | office_ticket_backend.ocr | google_vision_request_start image=E:\Projects\Nova Construction Ticket App\data\uploads\20260802_175315_891044_p7_1_20260717102354642.jpg
2026-08-02 14:53:30,741 | INFO | office_ticket_backend.ocr | auto_orient_keyword word=NOVA avg_x=0.97 avg_y=0.20 image=20260802_175315_891044_p7_1_20260717102354642.jpg
2026-08-02 14:53:30,741 | INFO | office_ticket_backend.ocr | auto_orient_applied image=20260802_175315_891044_p7_1_20260717102354642.jpg angle=90
2026-08-02 14:53:31,125 | INFO | office_ticket_backend.ocr | auto_orient_resent image=20260802_175315_891044_p7_1_20260717102354642.jpg
2026-08-02 14:53:31,125 | INFO | office_ticket_backend.ocr | google_vision_raw_text image=20260802_175315_891044_p7_1_20260717102354642.jpg chars=293 first_800=DATE | NOVA CONSTRUCTION COMPANY LT | P.O. Box 1328 | Antigonish, NS | B2G 2L7 | Phone: 902-245-6386 Fax: 902-245-5132 | • | JOB NO. | LICENSE PLATE | LONG POINT QUARRY | TRUCKER | SOLD TO/ | CHARGED TO | DELIVER TO | MATERIAL | GROSS | 15 | TARE | NET | 06738 | RECEIVED BY | WHITE CUSTOMER COPY | CANARY TRUCKER'S COPY | PINK-OFFICE COPY
2026-08-02 14:53:31,132 | INFO | office_ticket_backend.ocr | google_vision_request_success image=20260802_175315_891044_p7_1_20260717102354642.jpg avg_conf=0.96 ticket_id=06738 date= sold_to= plate= trucker=
2026-08-02 14:53:31,133 | INFO | office_ticket_backend.ocr | ocr_extract_provider_selected image=E:\Projects\Nova Construction Ticket App\data\uploads\20260802_175315_891044_p7_1_20260717102354642.jpg provider=google_vision confidence=0.96
2026-08-02 14:53:31,141 | INFO | office_ticket_backend.app | ticket_inserted ticket_id=06738 provider=google_vision confidence=0.96 image=E:\Projects\Nova Construction Ticket App\data\uploads\20260802_175315_891044_p7_1_20260717102354642.jpg
2026-08-02 14:53:59,076 | INFO | office_ticket_backend.app | app_start provider_env=<empty> duplicate_check_enabled=True
2026-08-02 14:53:59,164 | INFO | office_ticket_backend.app | ticket_rejected row_id=43 reviewer=office
2026-08-02 14:53:59,214 | INFO | office_ticket_backend.app | app_start provider_env=<empty> duplicate_check_enabled=True
2026-08-02 14:54:00,444 | INFO | office_ticket_backend.app | app_start provider_env=<empty> duplicate_check_enabled=True
2026-08-02 14:54:01,263 | INFO | office_ticket_backend.app | app_start provider_env=<empty> duplicate_check_enabled=True
2026-08-02 14:54:01,352 | INFO | office_ticket_backend.app | ticket_rejected row_id=42 reviewer=office
2026-08-02 14:54:01,397 | INFO | office_ticket_backend.app | app_start provider_env=<empty> duplicate_check_enabled=True
2026-08-02 14:54:02,189 | INFO | office_ticket_backend.app | app_start provider_env=<empty> duplicate_check_enabled=True
2026-08-02 14:54:02,996 | INFO | office_ticket_backend.app | app_start provider_env=<empty> duplicate_check_enabled=True
2026-08-02 14:54:03,602 | INFO | office_ticket_backend.app | app_start provider_env=<empty> duplicate_check_enabled=True
2026-08-02 14:54:04,142 | INFO | office_ticket_backend.app | app_start provider_env=<empty> duplicate_check_enabled=True
2026-08-02 14:54:04,517 | INFO | office_ticket_backend.app | app_start provider_env=<empty> duplicate_check_enabled=True
2026-08-02 14:54:07,491 | INFO | office_ticket_backend.app | app_start provider_env=<empty> duplicate_check_enabled=True
2026-08-02 14:54:07,578 | INFO | office_ticket_backend.app | ticket_rejected row_id=41 reviewer=office
2026-08-02 14:54:07,621 | INFO | office_ticket_backend.app | app_start provider_env=<empty> duplicate_check_enabled=True
2026-08-02 14:54:08,362 | INFO | office_ticket_backend.app | app_start provider_env=<empty> duplicate_check_enabled=True
2026-08-02 14:54:08,893 | INFO | office_ticket_backend.app | app_start provider_env=<empty> duplicate_check_enabled=True
2026-08-02 14:54:08,981 | INFO | office_ticket_backend.app | ticket_rejected row_id=40 reviewer=office
2026-08-02 14:54:09,025 | INFO | office_ticket_backend.app | app_start provider_env=<empty> duplicate_check_enabled=True
2026-08-02 14:54:09,662 | INFO | office_ticket_backend.app | app_start provider_env=<empty> duplicate_check_enabled=True
2026-08-02 14:54:10,352 | INFO | office_ticket_backend.app | app_start provider_env=<empty> duplicate_check_enabled=True
2026-08-02 14:54:10,439 | INFO | office_ticket_backend.app | ticket_rejected row_id=39 reviewer=office
2026-08-02 14:54:10,483 | INFO | office_ticket_backend.app | app_start provider_env=<empty> duplicate_check_enabled=True
2026-08-02 14:54:10,982 | INFO | office_ticket_backend.app | app_start provider_env=<empty> duplicate_check_enabled=True
2026-08-02 14:54:11,688 | INFO | office_ticket_backend.app | app_start provider_env=<empty> duplicate_check_enabled=True
2026-08-02 14:54:11,775 | INFO | office_ticket_backend.app | ticket_rejected row_id=38 reviewer=office
2026-08-02 14:54:11,819 | INFO | office_ticket_backend.app | app_start provider_env=<empty> duplicate_check_enabled=True
2026-08-02 14:54:12,451 | INFO | office_ticket_backend.app | app_start provider_env=<empty> duplicate_check_enabled=True
2026-08-02 14:54:12,539 | INFO | office_ticket_backend.app | ticket_rejected row_id=37 reviewer=office
2026-08-02 14:54:12,586 | INFO | office_ticket_backend.app | app_start provider_env=<empty> duplicate_check_enabled=True
2026-08-02 14:54:14,648 | INFO | office_ticket_backend.app | app_start provider_env=<empty> duplicate_check_enabled=True
2026-08-02 15:02:01,405 | INFO | office_ticket_backend.app | app_start provider_env=<empty> duplicate_check_enabled=True
2026-08-02 15:02:01,406 | INFO | office_ticket_backend.app | app_start provider_env=<empty> duplicate_check_enabled=True
2026-08-02 15:02:01,411 | INFO | office_ticket_backend.app | app_start provider_env=<empty> duplicate_check_enabled=True
2026-08-02 15:02:01,421 | INFO | office_ticket_backend.app | app_start provider_env=<empty> duplicate_check_enabled=True
2026-08-02 15:02:01,434 | INFO | office_ticket_backend.app | app_start provider_env=<empty> duplicate_check_enabled=True
2026-08-02 15:02:01,483 | INFO | office_ticket_backend.app | app_start provider_env=<empty> duplicate_check_enabled=True
2026-08-02 15:02:01,488 | INFO | office_ticket_backend.app | app_start provider_env=<empty> duplicate_check_enabled=True
2026-08-02 15:02:20,298 | INFO | office_ticket_backend.app | app_start provider_env=<empty> duplicate_check_enabled=True
2026-08-02 15:04:37,702 | INFO | office_ticket_backend.app | app_start provider_env=<empty> duplicate_check_enabled=True
2026-08-02 15:04:37,704 | INFO | office_ticket_backend.app | app_start provider_env=<empty> duplicate_check_enabled=True
2026-08-02 15:04:37,704 | INFO | office_ticket_backend.app | app_start provider_env=<empty> duplicate_check_enabled=True
2026-08-02 15:04:37,706 | INFO | office_ticket_backend.app | app_start provider_env=<empty> duplicate_check_enabled=True
2026-08-02 15:04:37,707 | INFO | office_ticket_backend.app | app_start provider_env=<empty> duplicate_check_enabled=True
2026-08-02 15:04:37,708 | INFO | office_ticket_backend.app | app_start provider_env=<empty> duplicate_check_enabled=True
2026-08-02 15:04:37,736 | INFO | office_ticket_backend.app | app_start provider_env=<empty> duplicate_check_enabled=True
2026-08-02 15:05:06,407 | INFO | office_ticket_backend.app | app_start provider_env=<empty> duplicate_check_enabled=True
2026-08-02 15:05:10,969 | INFO | office_ticket_backend.app | app_start provider_env=<empty> duplicate_check_enabled=True
2026-08-02 15:05:11,602 | INFO | office_ticket_backend.app | app_start provider_env=<empty> duplicate_check_enabled=True
2026-08-02 15:05:11,607 | INFO | office_ticket_backend.app | upload_saved file=20260717102354642.pdf size_bytes=1917952 path=E:\Projects\Nova Construction Ticket App\data\uploads\20260802_180511_606083_20260717102354642.pdf
2026-08-02 15:05:11,774 | INFO | office_ticket_backend.ocr | ocr_extract_start image=E:\Projects\Nova Construction Ticket App\data\uploads\20260802_180511_606083_p1_1_20260717102354642.jpg provider_env=google_vision
2026-08-02 15:05:11,995 | INFO | office_ticket_backend.ocr | google_vision_request_start image=E:\Projects\Nova Construction Ticket App\data\uploads\20260802_180511_606083_p1_1_20260717102354642.jpg
2026-08-02 15:05:14,008 | INFO | office_ticket_backend.ocr | auto_orient_keyword word=NOVA avg_x=0.97 avg_y=0.18 image=20260802_180511_606083_p1_1_20260717102354642.jpg
2026-08-02 15:05:14,008 | INFO | office_ticket_backend.ocr | auto_orient_applied image=20260802_180511_606083_p1_1_20260717102354642.jpg angle=90
2026-08-02 15:05:14,433 | INFO | office_ticket_backend.ocr | auto_orient_resent image=20260802_180511_606083_p1_1_20260717102354642.jpg
2026-08-02 15:05:14,435 | INFO | office_ticket_backend.ocr | google_vision_raw_text image=20260802_180511_606083_p1_1_20260717102354642.jpg chars=326 first_800=NOVA CONSTRUCTION COMPANY LTD | DATE | Y | P.O. Box 1328 | Antigonish, NS | B2G 2L7 | Phone: 902-245-6386 Fax: 902-245-5132 5088 | JOB NO. | SEABROOK QUARRY | LICENSE PLATE | TRUCKER | D | SOLD TO/ | CHARGED TO | DELIVER TO | MATERIAL | C | GROSS | TARE | C | C | ENTERED MAY 3 2025 | NET | 1310 | 26671 | RECEIVED BY | WHITE CUSTOMER COPY | CANARY TRUCKER'S COPY | PINK OFFICE COPY
2026-08-02 15:05:14,447 | INFO | office_ticket_backend.ocr | google_vision_request_success image=20260802_180511_606083_p1_1_20260717102354642.jpg avg_conf=0.95 ticket_id=26671 date=2025-05-03 sold_to= plate= trucker=
2026-08-02 15:05:14,448 | INFO | office_ticket_backend.ocr | ocr_extract_provider_selected image=E:\Projects\Nova Construction Ticket App\data\uploads\20260802_180511_606083_p1_1_20260717102354642.jpg provider=google_vision confidence=0.95
2026-08-02 15:05:14,459 | INFO | office_ticket_backend.app | ticket_inserted ticket_id=26671 provider=google_vision confidence=0.95 image=E:\Projects\Nova Construction Ticket App\data\uploads\20260802_180511_606083_p1_1_20260717102354642.jpg
2026-08-02 15:05:14,485 | INFO | office_ticket_backend.ocr | ocr_extract_start image=E:\Projects\Nova Construction Ticket App\data\uploads\20260802_180511_606083_p2_1_20260717102354642.jpg provider_env=google_vision
2026-08-02 15:05:14,485 | INFO | office_ticket_backend.ocr | google_vision_request_start image=E:\Projects\Nova Construction Ticket App\data\uploads\20260802_180511_606083_p2_1_20260717102354642.jpg
2026-08-02 15:05:16,121 | INFO | office_ticket_backend.ocr | auto_orient_keyword word=NOVA avg_x=0.98 avg_y=0.20 image=20260802_180511_606083_p2_1_20260717102354642.jpg
2026-08-02 15:05:16,121 | INFO | office_ticket_backend.ocr | auto_orient_applied image=20260802_180511_606083_p2_1_20260717102354642.jpg angle=90
2026-08-02 15:05:16,557 | INFO | office_ticket_backend.ocr | auto_orient_resent image=20260802_180511_606083_p2_1_20260717102354642.jpg
2026-08-02 15:05:16,558 | INFO | office_ticket_backend.ocr | google_vision_raw_text image=20260802_180511_606083_p2_1_20260717102354642.jpg chars=384 first_800=DATE | NOVA CONSTRUCTION COMPANY LTD | P.O. Box 1328 | Antigonish, NS | B2G 2L7 | Phone: 902-245-6386 Fax: 902-245-5132 | Apri/16/261 JOB NO. 2412602 | LICENSE PLATE | TRUCKER | SOLD TO/ | DESMOND QUARRY | 58505 | Seremy Wood Blain. | CHARGED TO Municipal Windemitt | DELIVER TO | MATERIAL | Weavers Mat | GROSS 34900 | TARE | 20610 | NET | 0561 | 14290 | RECEIVED BY | - | WHITE CUSTOMER COPY | - | CANARY TRUCKER'S COPY | PINK-OFFICE COPY
2026-08-02 15:05:16,569 | INFO | office_ticket_backend.ocr | google_vision_request_success image=20260802_180511_606083_p2_1_20260717102354642.jpg avg_conf=0.91 ticket_id=0561 date= sold_to=Municipal Windemitt plate=58505 trucker=Seremy Wood Blain
2026-08-02 15:05:16,569 | INFO | office_ticket_backend.ocr | ocr_extract_provider_selected image=E:\Projects\Nova Construction Ticket App\data\uploads\20260802_180511_606083_p2_1_20260717102354642.jpg provider=google_vision confidence=0.91
2026-08-02 15:05:16,581 | INFO | office_ticket_backend.app | ticket_inserted ticket_id=0561 provider=google_vision confidence=0.91 image=E:\Projects\Nova Construction Ticket App\data\uploads\20260802_180511_606083_p2_1_20260717102354642.jpg
2026-08-02 15:05:16,610 | INFO | office_ticket_backend.ocr | ocr_extract_start image=E:\Projects\Nova Construction Ticket App\data\uploads\20260802_180511_606083_p3_1_20260717102354642.jpg provider_env=google_vision
2026-08-02 15:05:16,611 | INFO | office_ticket_backend.ocr | google_vision_request_start image=E:\Projects\Nova Construction Ticket App\data\uploads\20260802_180511_606083_p3_1_20260717102354642.jpg
2026-08-02 15:05:18,210 | INFO | office_ticket_backend.ocr | auto_orient_keyword word=NOVA avg_x=0.97 avg_y=0.20 image=20260802_180511_606083_p3_1_20260717102354642.jpg
2026-08-02 15:05:18,210 | INFO | office_ticket_backend.ocr | auto_orient_applied image=20260802_180511_606083_p3_1_20260717102354642.jpg angle=90
2026-08-02 15:05:18,635 | INFO | office_ticket_backend.ocr | auto_orient_resent image=20260802_180511_606083_p3_1_20260717102354642.jpg
2026-08-02 15:05:18,635 | INFO | office_ticket_backend.ocr | google_vision_raw_text image=20260802_180511_606083_p3_1_20260717102354642.jpg chars=378 first_800=DATE | NOVA CONSTRUCTION COMPANY LTD | P.O. Box 1328 | Antigonish, NS | B2G 2L7 | Phone: 902-245-6386 Fax: 902-245-5132 | 19/26 | O | JOB NO. | LONG POINT QUARRY | LICENSE PLATE | TRUCKER | SOLD TO/ | CHARGED TO | DELIVER TO | MATERIAL | GROSS | TARE | NET | Dohert | herty Lime | Dotorty Lime | Dotorty | Type 1 | 25.350 | 10900 | 14.450 | 07235 | RECEIVED BY | spe | Lime spe | - | WHITE CUSTOMER COPY | CANARY TRUCKER'S COPY | PINK-OFFICE COPY
2026-08-02 15:05:18,645 | INFO | office_ticket_backend.ocr | google_vision_request_success image=20260802_180511_606083_p3_1_20260717102354642.jpg avg_conf=0.93 ticket_id=07235 date= sold_to=spe plate= trucker=Dohert
2026-08-02 15:05:18,646 | INFO | office_ticket_backend.ocr | ocr_extract_provider_selected image=E:\Projects\Nova Construction Ticket App\data\uploads\20260802_180511_606083_p3_1_20260717102354642.jpg provider=google_vision confidence=0.93
2026-08-02 15:05:18,653 | INFO | office_ticket_backend.app | ticket_inserted ticket_id=07235 provider=google_vision confidence=0.93 image=E:\Projects\Nova Construction Ticket App\data\uploads\20260802_180511_606083_p3_1_20260717102354642.jpg
2026-08-02 15:05:18,678 | INFO | office_ticket_backend.ocr | ocr_extract_start image=E:\Projects\Nova Construction Ticket App\data\uploads\20260802_180511_606083_p4_1_20260717102354642.jpg provider_env=google_vision
2026-08-02 15:05:18,680 | INFO | office_ticket_backend.ocr | google_vision_request_start image=E:\Projects\Nova Construction Ticket App\data\uploads\20260802_180511_606083_p4_1_20260717102354642.jpg
2026-08-02 15:05:20,323 | INFO | office_ticket_backend.ocr | auto_orient_keyword word=NOVA avg_x=0.97 avg_y=0.19 image=20260802_180511_606083_p4_1_20260717102354642.jpg
2026-08-02 15:05:20,323 | INFO | office_ticket_backend.ocr | auto_orient_applied image=20260802_180511_606083_p4_1_20260717102354642.jpg angle=90
2026-08-02 15:05:20,718 | INFO | office_ticket_backend.ocr | auto_orient_resent image=20260802_180511_606083_p4_1_20260717102354642.jpg
2026-08-02 15:05:20,721 | INFO | office_ticket_backend.ocr | google_vision_raw_text image=20260802_180511_606083_p4_1_20260717102354642.jpg chars=340 first_800=DATE | NOVA CONSTRUCTION COMPANY LTD | P.O. Box 1328 | Antigonish, NS | B2G 2L7 | Phone: 902-245-6386 Fax: 902-245-5132 | E May 8 2026 | LICENSE PLATE | JOB NO. | LONG POINT QUARRY | TRUCKER | SOLD TO/ | CHARGED TO | DELIVER TO | MATERIAL | GROSS | Chipman | Trucking | TARE | 14 | NET | Tonne | •Mott Lloyd | CANARY TRUCKER'S COPY | 07131 | RECEIVED BY | WHITE CUSTOMER COPY | PINK-OFFICE COPY
2026-08-02 15:05:20,729 | INFO | office_ticket_backend.ocr | google_vision_request_success image=20260802_180511_606083_p4_1_20260717102354642.jpg avg_conf=0.92 ticket_id=07131 date=2026-05-08 sold_to=Chipman Trucking plate= trucker=
2026-08-02 15:05:20,729 | INFO | office_ticket_backend.ocr | ocr_extract_provider_selected image=E:\Projects\Nova Construction Ticket App\data\uploads\20260802_180511_606083_p4_1_20260717102354642.jpg provider=google_vision confidence=0.92
2026-08-02 15:05:20,741 | INFO | office_ticket_backend.app | ticket_inserted ticket_id=07131 provider=google_vision confidence=0.92 image=E:\Projects\Nova Construction Ticket App\data\uploads\20260802_180511_606083_p4_1_20260717102354642.jpg
2026-08-02 15:05:20,767 | INFO | office_ticket_backend.ocr | ocr_extract_start image=E:\Projects\Nova Construction Ticket App\data\uploads\20260802_180511_606083_p5_1_20260717102354642.jpg provider_env=google_vision
2026-08-02 15:05:20,767 | INFO | office_ticket_backend.ocr | google_vision_request_start image=E:\Projects\Nova Construction Ticket App\data\uploads\20260802_180511_606083_p5_1_20260717102354642.jpg
2026-08-02 15:05:22,393 | INFO | office_ticket_backend.ocr | auto_orient_keyword word=NOVA avg_x=0.97 avg_y=0.19 image=20260802_180511_606083_p5_1_20260717102354642.jpg
2026-08-02 15:05:22,393 | INFO | office_ticket_backend.ocr | auto_orient_applied image=20260802_180511_606083_p5_1_20260717102354642.jpg angle=90
2026-08-02 15:05:22,832 | INFO | office_ticket_backend.ocr | auto_orient_resent image=20260802_180511_606083_p5_1_20260717102354642.jpg
2026-08-02 15:05:22,834 | INFO | office_ticket_backend.ocr | google_vision_raw_text image=20260802_180511_606083_p5_1_20260717102354642.jpg chars=340 first_800=NOVA CONSTRUCTION COMPANY LTD | P.O. Box 1328 | Antigonish, NS | B2G 2L7 | Phone: 902-245-6386 Fax: 902-245-5132 | DATE May 11/26 | LICENSE PLATE | JOB NO. | LONG POINT QUARRY | TRUCKER | SOLD TO/ | CHARGED TO Potterty Lime HD | DELIVER TO | MATERIAL Serge | GROSS 26000 | TARE 1680 | NET 4320 | 07162 | WHITE CUSTOMER COPY | RECEIVED BY | - | CANARY TRUCKER'S COPY | PINK-OFFICE COPY
2026-08-02 15:05:22,843 | INFO | office_ticket_backend.ocr | google_vision_request_success image=20260802_180511_606083_p5_1_20260717102354642.jpg avg_conf=0.93 ticket_id=07162 date=2026-05-11 sold_to=Potterty Lime HD plate= trucker=
2026-08-02 15:05:22,843 | INFO | office_ticket_backend.ocr | ocr_extract_provider_selected image=E:\Projects\Nova Construction Ticket App\data\uploads\20260802_180511_606083_p5_1_20260717102354642.jpg provider=google_vision confidence=0.93
2026-08-02 15:05:22,852 | INFO | office_ticket_backend.app | ticket_inserted ticket_id=07162 provider=google_vision confidence=0.93 image=E:\Projects\Nova Construction Ticket App\data\uploads\20260802_180511_606083_p5_1_20260717102354642.jpg
2026-08-02 15:05:22,879 | INFO | office_ticket_backend.ocr | ocr_extract_start image=E:\Projects\Nova Construction Ticket App\data\uploads\20260802_180511_606083_p6_1_20260717102354642.jpg provider_env=google_vision
2026-08-02 15:05:22,879 | INFO | office_ticket_backend.ocr | google_vision_request_start image=E:\Projects\Nova Construction Ticket App\data\uploads\20260802_180511_606083_p6_1_20260717102354642.jpg
2026-08-02 15:05:24,438 | INFO | office_ticket_backend.ocr | auto_orient_keyword word=NOVA avg_x=0.97 avg_y=0.19 image=20260802_180511_606083_p6_1_20260717102354642.jpg
2026-08-02 15:05:24,438 | INFO | office_ticket_backend.ocr | auto_orient_applied image=20260802_180511_606083_p6_1_20260717102354642.jpg angle=90
2026-08-02 15:05:24,843 | INFO | office_ticket_backend.ocr | auto_orient_resent image=20260802_180511_606083_p6_1_20260717102354642.jpg
2026-08-02 15:05:24,843 | INFO | office_ticket_backend.ocr | google_vision_raw_text image=20260802_180511_606083_p6_1_20260717102354642.jpg chars=319 first_800=NOVA CONSTRUCTION COMPANY LTD | P.O. Box 1328 | Antigonish, NS | B2G 2L7 | Phone: 902-245-6386 Fax: 902-245-5132 | DATE TI | June | 26 | JOB NO. | LICENSE PLATE | LONG POINT QUARRY | TRUCKER | SOLD TO/ | CHARGED TO RD | DELIVER TO | MATERIAL | GROSS | TARE | NET | Back shock | 15 T | 00534 | WHITE CUSTOMER COPY | RECEIVED BY | CANARY TRUCKER'S COPY | PINK-OFFICE COPY
2026-08-02 15:05:24,851 | INFO | office_ticket_backend.ocr | google_vision_request_success image=20260802_180511_606083_p6_1_20260717102354642.jpg avg_conf=0.94 ticket_id=00534 date= sold_to=RD plate= trucker=
2026-08-02 15:05:24,852 | INFO | office_ticket_backend.ocr | ocr_extract_provider_selected image=E:\Projects\Nova Construction Ticket App\data\uploads\20260802_180511_606083_p6_1_20260717102354642.jpg provider=google_vision confidence=0.94
2026-08-02 15:05:24,859 | INFO | office_ticket_backend.app | ticket_inserted ticket_id=00534 provider=google_vision confidence=0.94 image=E:\Projects\Nova Construction Ticket App\data\uploads\20260802_180511_606083_p6_1_20260717102354642.jpg
2026-08-02 15:05:24,886 | INFO | office_ticket_backend.ocr | ocr_extract_start image=E:\Projects\Nova Construction Ticket App\data\uploads\20260802_180511_606083_p7_1_20260717102354642.jpg provider_env=google_vision
2026-08-02 15:05:24,887 | INFO | office_ticket_backend.ocr | google_vision_request_start image=E:\Projects\Nova Construction Ticket App\data\uploads\20260802_180511_606083_p7_1_20260717102354642.jpg
2026-08-02 15:05:26,495 | INFO | office_ticket_backend.ocr | auto_orient_keyword word=NOVA avg_x=0.97 avg_y=0.20 image=20260802_180511_606083_p7_1_20260717102354642.jpg
2026-08-02 15:05:26,495 | INFO | office_ticket_backend.ocr | auto_orient_applied image=20260802_180511_606083_p7_1_20260717102354642.jpg angle=90
2026-08-02 15:05:26,858 | INFO | office_ticket_backend.ocr | auto_orient_resent image=20260802_180511_606083_p7_1_20260717102354642.jpg
2026-08-02 15:05:26,859 | INFO | office_ticket_backend.ocr | google_vision_raw_text image=20260802_180511_606083_p7_1_20260717102354642.jpg chars=293 first_800=DATE | NOVA CONSTRUCTION COMPANY LT | P.O. Box 1328 | Antigonish, NS | B2G 2L7 | Phone: 902-245-6386 Fax: 902-245-5132 | • | JOB NO. | LICENSE PLATE | LONG POINT QUARRY | TRUCKER | SOLD TO/ | CHARGED TO | DELIVER TO | MATERIAL | GROSS | 15 | TARE | NET | 06738 | RECEIVED BY | WHITE CUSTOMER COPY | CANARY TRUCKER'S COPY | PINK-OFFICE COPY
2026-08-02 15:05:26,866 | INFO | office_ticket_backend.ocr | google_vision_request_success image=20260802_180511_606083_p7_1_20260717102354642.jpg avg_conf=0.96 ticket_id=06738 date= sold_to= plate= trucker=
2026-08-02 15:05:26,866 | INFO | office_ticket_backend.ocr | ocr_extract_provider_selected image=E:\Projects\Nova Construction Ticket App\data\uploads\20260802_180511_606083_p7_1_20260717102354642.jpg provider=google_vision confidence=0.96
2026-08-02 15:05:26,875 | INFO | office_ticket_backend.app | ticket_inserted ticket_id=06738 provider=google_vision confidence=0.96 image=E:\Projects\Nova Construction Ticket App\data\uploads\20260802_180511_606083_p7_1_20260717102354642.jpg
2026-08-02 15:20:49,713 | INFO | office_ticket_backend.app | app_start provider_env=<empty> duplicate_check_enabled=True
2026-08-02 15:20:49,802 | INFO | office_ticket_backend.app | ticket_rejected row_id=50 reviewer=office
2026-08-02 15:20:49,851 | INFO | office_ticket_backend.app | app_start provider_env=<empty> duplicate_check_enabled=True
2026-08-02 15:21:02,889 | INFO | office_ticket_backend.app | app_start provider_env=<empty> duplicate_check_enabled=True
2026-08-02 15:21:17,567 | INFO | office_ticket_backend.app | app_start provider_env=<empty> duplicate_check_enabled=True
2026-08-02 15:21:17,651 | INFO | office_ticket_backend.app | ticket_approved row_id=49 ticket_id=00534
2026-08-02 15:21:17,693 | INFO | office_ticket_backend.app | app_start provider_env=<empty> duplicate_check_enabled=True
2026-08-02 15:21:20,096 | INFO | office_ticket_backend.app | app_start provider_env=<empty> duplicate_check_enabled=True
2026-08-02 15:21:31,063 | INFO | office_ticket_backend.app | app_start provider_env=<empty> duplicate_check_enabled=True
2026-08-02 15:21:31,142 | WARNING | office_ticket_backend.app | ticket_approve_blocked_duplicate row_id=48 ticket_id=07162 date=2026-05-11
2026-08-02 15:21:34,639 | INFO | office_ticket_backend.app | app_start provider_env=<empty> duplicate_check_enabled=True
2026-08-02 15:21:34,724 | INFO | office_ticket_backend.app | ticket_rejected row_id=48 reviewer=office
2026-08-02 15:21:34,766 | INFO | office_ticket_backend.app | app_start provider_env=<empty> duplicate_check_enabled=True
2026-08-02 15:21:37,767 | INFO | office_ticket_backend.app | app_start provider_env=<empty> duplicate_check_enabled=True
2026-08-02 15:21:43,142 | INFO | office_ticket_backend.app | app_start provider_env=<empty> duplicate_check_enabled=True
2026-08-02 15:21:43,228 | INFO | office_ticket_backend.app | ticket_approved row_id=47 ticket_id=07131
2026-08-02 15:21:43,275 | INFO | office_ticket_backend.app | app_start provider_env=<empty> duplicate_check_enabled=True
2026-08-02 15:21:49,893 | INFO | office_ticket_backend.app | app_start provider_env=<empty> duplicate_check_enabled=True
2026-08-02 15:22:02,503 | INFO | office_ticket_backend.app | app_start provider_env=<empty> duplicate_check_enabled=True
2026-08-02 15:22:02,588 | INFO | office_ticket_backend.app | ticket_approved row_id=46 ticket_id=07235
2026-08-02 15:22:02,632 | INFO | office_ticket_backend.app | app_start provider_env=<empty> duplicate_check_enabled=True
2026-08-02 15:22:11,877 | INFO | office_ticket_backend.app | app_start provider_env=<empty> duplicate_check_enabled=True
2026-08-02 15:22:11,962 | INFO | office_ticket_backend.app | ticket_approved row_id=45 ticket_id=0561
2026-08-02 15:22:12,009 | INFO | office_ticket_backend.app | app_start provider_env=<empty> duplicate_check_enabled=True
2026-08-02 15:22:45,000 | INFO | office_ticket_backend.app | app_start provider_env=<empty> duplicate_check_enabled=True
2026-08-02 15:22:45,296 | INFO | office_ticket_backend.app | app_start provider_env=<empty> duplicate_check_enabled=True
2026-08-02 15:22:55,358 | INFO | office_ticket_backend.app | app_start provider_env=<empty> duplicate_check_enabled=True
2026-08-02 15:22:55,445 | INFO | office_ticket_backend.app | ticket_rejected row_id=44 reviewer=office
2026-08-02 15:22:55,488 | INFO | office_ticket_backend.app | app_start provider_env=<empty> duplicate_check_enabled=True
2026-08-12 15:57:23,311 | INFO | office_ticket_backend.app | app_start provider_env=pytesseract duplicate_check_enabled=True
2026-08-12 19:03:44,656 | INFO | office_ticket_backend.ocr | ocr_extract_start image=dummy.png provider_env=pytesseract
2026-08-12 19:03:44,657 | INFO | office_ticket_backend.ocr | ocr_extract_provider_selected image=dummy.png provider=pytesseract confidence=0.00
2026-08-12 19:03:57,185 | INFO | office_ticket_backend.ocr | ocr_extract_start image=dummy.png provider_env=pytesseract
2026-08-12 19:03:57,185 | INFO | office_ticket_backend.ocr | ocr_extract_provider_selected image=dummy.png provider=pytesseract confidence=0.00
